2025.11.14 21:09:25 INFO  Started: Metals version 1.6.3 in folders '/home/kasukabe/schedule_kokubunji/backend' for client Cursor 1.99.3.[0m
2025.11.14 21:09:29 WARN  Using H2 2.4.240 which is newer than the version Flyway has been verified with. The latest verified version of H2 is 2.3.232.[0m
2025.11.14 21:09:29 INFO  Attempting to connect to the build server...[0m
2025.11.14 21:09:29 INFO  No running Bloop server found, starting one.[0m
2025.11.14 21:09:31 INFO  Starting compilation server[0m
2025.11.14 21:09:33 INFO  tracing is disabled for protocol BSP, to enable tracing of incoming and outgoing JSON messages create an empty file at /home/kasukabe/schedule_kokubunji/backend/.metals/bsp.trace.json or /home/kasukabe/.cache/metals/bsp.trace.json[0m
2025.11.14 21:09:33 INFO  Attempting to connect to the build server...[0m
2025.11.14 21:09:33 INFO  Found a Bloop server running[0m
2025.11.14 21:09:33 INFO  Attempting to connect to the build server...[0m
2025.11.14 21:09:33 INFO  Found a Bloop server running[0m
2025.11.14 21:09:33 INFO  tracing is disabled for protocol BSP, to enable tracing of incoming and outgoing JSON messages create an empty file at /home/kasukabe/schedule_kokubunji/backend/project/.metals/bsp.trace.json or /home/kasukabe/.cache/metals/bsp.trace.json[0m
2025.11.14 21:09:33 INFO  tracing is disabled for protocol BSP, to enable tracing of incoming and outgoing JSON messages create an empty file at /home/kasukabe/schedule_kokubunji/backend/project/project/.metals/bsp.trace.json or /home/kasukabe/.cache/metals/bsp.trace.json[0m
2025.11.14 21:09:33 INFO  time: Connected to build server in 4.11s[0m
2025.11.14 21:09:33 INFO  Connected to Build server: Bloop v2.0.16[0m
2025.11.14 21:09:33 INFO  time: Imported build in 0.25s[0m
2025.11.14 21:09:48 WARN  Using H2 2.4.240 which is newer than the version Flyway has been verified with. The latest verified version of H2 is 2.3.232.[0m
2025.11.14 21:10:25 INFO  time: indexed workspace in 51s[0m
2025.11.14 21:10:26 INFO  compiling root (16 scala sources and 1 java source)[0m
2025.11.14 21:10:30 INFO  time: compiled root in 4.27s[0m
2025.11.14 21:36:29 INFO  compiling root (16 scala sources and 1 java source)[0m
2025.11.14 21:36:31 INFO  time: compiled root in 2.04s[0m
Nov 14, 2025 9:37:51 PM org.eclipse.lsp4j.jsonrpc.RemoteEndpoint handleCancellation
WARNING: Unmatched cancel notification for request id 342
2025.11.14 21:38:14 INFO  compiling root (16 scala sources and 1 java source)[0m
2025.11.14 21:38:16 INFO  time: compiled root in 1.82s[0m
2025.11.14 21:39:02 INFO  compiling root (16 scala sources and 1 java source)[0m
2025.11.14 21:39:03 INFO  time: compiled root in 1.13s[0m
Nov 14, 2025 9:39:19 PM scala.meta.internal.pc.CompilerAccess retryWithCleanCompiler
INFO: compiler crashed due to an error in the Scala compiler, retrying with new compiler instance.
2025.11.14 21:39:42 INFO  compiling root (16 scala sources and 1 java source)[0m
2025.11.14 21:39:43 INFO  time: compiled root in 1.07s[0m
2025.11.14 21:40:06 INFO  compiling root (16 scala sources and 1 java source)[0m
2025.11.14 21:40:06 INFO  time: compiled root in 0.75s[0m
Exception in thread "pool-5-thread-1" java.lang.InterruptedException
	at scala.meta.internal.metals.FutureCancelToken.checkCanceled(FutureCancelToken.scala:29)
	at scala.meta.internal.pc.CompilerAccess.$anonfun$onCompilerJobQueue$1(CompilerAccess.scala:207)
	at scala.meta.internal.pc.CompilerJobQueue$Job.run(CompilerJobQueue.scala:152)
	at java.base/java.util.concurrent.ThreadPoolExecutor.runWorker(ThreadPoolExecutor.java:1136)
	at java.base/java.util.concurrent.ThreadPoolExecutor$Worker.run(ThreadPoolExecutor.java:635)
	at java.base/java.lang.Thread.run(Thread.java:840)
2025.11.14 21:41:41 INFO  compiling root (16 scala sources and 1 java source)[0m
2025.11.14 21:41:41 INFO  time: compiled root in 0.88s[0m
Exception in thread "pool-5-thread-2" java.lang.InterruptedException
	at scala.meta.internal.metals.FutureCancelToken.checkCanceled(FutureCancelToken.scala:29)
	at scala.meta.internal.pc.CompilerAccess.$anonfun$onCompilerJobQueue$1(CompilerAccess.scala:207)
	at scala.meta.internal.pc.CompilerJobQueue$Job.run(CompilerJobQueue.scala:152)
	at java.base/java.util.concurrent.ThreadPoolExecutor.runWorker(ThreadPoolExecutor.java:1136)
	at java.base/java.util.concurrent.ThreadPoolExecutor$Worker.run(ThreadPoolExecutor.java:635)
	at java.base/java.lang.Thread.run(Thread.java:840)
2025.11.14 21:41:45 INFO  Created report: Optional[file:///home/kasukabe/schedule_kokubunji/backend/src/main/scala/repository/UserRepository.scala][0m
2025.11.14 21:41:45 INFO  empty definition using pc, found symbol in pc:  (full report at: "/home/kasukabe/schedule_kokubunji/backend/.metals/.reports/metals-full/2025-11-14/r_empty-definition_(root)_21-41-45-891.md")[0m
2025.11.14 21:41:49 INFO  Created report: Optional[file:///home/kasukabe/schedule_kokubunji/backend/src/main/scala/repository/UserRepository.scala][0m
2025.11.14 21:41:49 INFO  empty definition using pc, found symbol in pc:  (full report at: "/home/kasukabe/schedule_kokubunji/backend/.metals/.reports/metals-full/2025-11-14/r_empty-definition_(root)_21-41-49-810.md")[0m
Nov 14, 2025 9:42:25 PM org.eclipse.lsp4j.jsonrpc.RemoteEndpoint handleCancellation
WARNING: Unmatched cancel notification for request id 1056
2025.11.14 21:42:30 INFO  compiling root (16 scala sources and 1 java source)[0m
2025.11.14 21:42:30 INFO  time: compiled root in 0.9s[0m
2025.11.14 21:42:36 INFO  compiling root (16 scala sources and 1 java source)[0m
2025.11.14 21:42:36 INFO  time: compiled root in 0.64s[0m
2025.11.14 21:43:08 INFO  Created report: Optional[file:///home/kasukabe/schedule_kokubunji/backend/src/main/scala/struct/AccountType.scala][0m
2025.11.14 21:43:08 INFO  empty definition using pc, found symbol in pc:  (full report at: "/home/kasukabe/schedule_kokubunji/backend/.metals/.reports/metals-full/2025-11-14/r_empty-definition_(root)_21-43-08-677.md")[0m
2025.11.14 21:43:12 INFO  Created report: Optional[file:///home/kasukabe/schedule_kokubunji/backend/src/main/scala/struct/AccountType.scala][0m
2025.11.14 21:43:12 INFO  empty definition using pc, found symbol in pc:  (full report at: "/home/kasukabe/schedule_kokubunji/backend/.metals/.reports/metals-full/2025-11-14/r_empty-definition_(root)_21-43-12-003.md")[0m
2025.11.14 21:43:12 INFO  compiling root (16 scala sources and 1 java source)[0m
2025.11.14 21:43:12 INFO  time: compiled root in 0.91s[0m
2025.11.14 21:43:19 WARN  Could not find 'Email' using presentation compiler nor semanticdb. Trying to guess the definition using available information from local class context. [0m
2025.11.14 21:43:19 INFO  Created report: Optional[file:///home/kasukabe/schedule_kokubunji/backend/src/main/scala/repository/UserRepository.scala][0m
2025.11.14 21:43:19 INFO  empty definition using pc, found symbol in pc:  (full report at: "/home/kasukabe/schedule_kokubunji/backend/.metals/.reports/metals-full/2025-11-14/r_empty-definition_(root)_21-43-19-401.md")[0m
2025.11.14 21:43:20 INFO  compiling root (16 scala sources and 1 java source)[0m
2025.11.14 21:43:20 INFO  time: compiled root in 0.58s[0m
2025.11.14 21:43:28 INFO  compiling root (16 scala sources and 1 java source)[0m
2025.11.14 21:43:28 INFO  time: compiled root in 0.54s[0m
2025.11.14 21:43:46 INFO  compiling root (16 scala sources and 1 java source)[0m
2025.11.14 21:43:46 INFO  time: compiled root in 0.55s[0m
Nov 14, 2025 9:43:53 PM scala.meta.internal.pc.CompilerAccess retryWithCleanCompiler
INFO: compiler crashed due to an error in the Scala compiler, retrying with new compiler instance.
Nov 14, 2025 9:43:54 PM scala.meta.internal.pc.CompilerAccess retryWithCleanCompiler
INFO: compiler crashed due to an error in the Scala compiler, retrying with new compiler instance.
2025.11.14 21:43:54 INFO  Created report: Optional[file:///home/kasukabe/schedule_kokubunji/backend/src/main/scala/repository/UserRepository.scala][0m
2025.11.14 21:43:54 INFO  scala.reflect.internal.FatalError: 
  ThisType(method findByMail) for sym which is not a class
     while compiling: file:///home/kasukabe/schedule_kokubunji/backend/src/main/scala/repository/UserRepository.scala
        during phase: globalPhase=<no phase>, enteringPhase=parser
     library version: version 2.13.17
    compiler version: version 2.13.17
  reconstructed args: -deprecation -encoding utf8 -unchecked -Wconf:cat=unchecked:w -Wconf:cat=deprecation:ws -Wconf:cat=feature:ws -Wconf:cat=optimizer:ws -classpath /home/kasukabe/schedule_kokubunji/backend/.bloop/root/bloop-bsp-clients-classes/classes-Metals-sy6PNeiMQymS8LU3rOga8w==:/home/kasukabe/.cache/bloop/semanticdb/com.sourcegraph.semanticdb-javac.0.11.1/semanticdb-javac-0.11.1.jar:/home/kasukabe/.cache/coursier/v1/https/repo1.maven.org/maven2/org/scala-lang/scala-library/2.13.17/scala-library-2.13.17.jar:/home/kasukabe/.cache/coursier/v1/https/repo1.maven.org/maven2/org/playframework/twirl/twirl-api_2.13/2.0.9/twirl-api_2.13-2.0.9.jar:/home/kasukabe/.cache/coursier/v1/https/repo1.maven.org/maven2/org/playframework/play-server_2.13/3.0.9/play-server_2.13-3.0.9.jar:/home/kasukabe/.cache/coursier/v1/https/repo1.maven.org/maven2/org/playframework/play-logback_2.13/3.0.9/play-logback_2.13-3.0.9.jar:/home/kasukabe/.cache/coursier/v1/https/repo1.maven.org/maven2/org/playframework/play-pekko-http-server_2.13/3.0.9/play-pekko-http-server_2.13-3.0.9.jar:/home/kasukabe/.cache/coursier/v1/https/repo1.maven.org/maven2/org/playframework/play-filters-helpers_2.13/3.0.9/play-filters-helpers_2.13-3.0.9.jar:/home/kasukabe/.cache/coursier/v1/https/repo1.maven.org/maven2/org/playframework/play-guice_2.13/3.0.9/play-guice_2.13-3.0.9.jar:/home/kasukabe/.cache/coursier/v1/https/repo1.maven.org/maven2/org/playframework/play-ws_2.13/3.0.4/play-ws_2.13-3.0.4.jar:/home/kasukabe/.cache/coursier/v1/https/repo1.maven.org/maven2/org/postgresql/postgresql/42.7.3/postgresql-42.7.3.jar:/home/kasukabe/.cache/coursier/v1/https/repo1.maven.org/maven2/com/typesafe/play/play-slick_2.13/5.2.0/play-slick_2.13-5.2.0.jar:/home/kasukabe/.cache/coursier/v1/https/repo1.maven.org/maven2/com/typesafe/play/play-slick-evolutions_2.13/5.2.0/play-slick-evolutions_2.13-5.2.0.jar:/home/kasukabe/.cache/coursier/v1/https/repo1.maven.org/maven2/com/typesafe/slick/slick_2.13/3.4.1/slick_2.13-3.4.1.jar:/home/kasukabe/.cache/coursier/v1/https/repo1.maven.org/maven2/com/typesafe/slick/slick-hikaricp_2.13/3.4.1/slick-hikaricp_2.13-3.4.1.jar:/home/kasukabe/.cache/coursier/v1/https/repo1.maven.org/maven2/com/typesafe/play/play-json_2.13/2.10.2/play-json_2.13-2.10.2.jar:/home/kasukabe/.cache/coursier/v1/https/repo1.maven.org/maven2/org/mindrot/jbcrypt/0.4/jbcrypt-0.4.jar:/home/kasukabe/.cache/coursier/v1/https/repo1.maven.org/maven2/com/github/jwt-scala/jwt-play_2.13/10.0.1/jwt-play_2.13-10.0.1.jar:/home/kasukabe/.cache/coursier/v1/https/repo1.maven.org/maven2/org/scala-lang/modules/scala-xml_2.13/2.2.0/scala-xml_2.13-2.2.0.jar:/home/kasukabe/.cache/coursier/v1/https/repo1.maven.org/maven2/org/playframework/play_2.13/3.0.9/play_2.13-3.0.9.jar:/home/kasukabe/.cache/coursier/v1/https/repo1.maven.org/maven2/ch/qos/logback/logback-classic/1.5.18/logback-classic-1.5.18.jar:/home/kasukabe/.cache/coursier/v1/https/repo1.maven.org/maven2/org/playframework/play-streams_2.13/3.0.9/play-streams_2.13-3.0.9.jar:/home/kasukabe/.cache/coursier/v1/https/repo1.maven.org/maven2/org/apache/pekko/pekko-http-core_2.13/1.0.1/pekko-http-core_2.13-1.0.1.jar:/home/kasukabe/.cache/coursier/v1/https/repo1.maven.org/maven2/com/google/inject/guice/6.0.0/guice-6.0.0.jar:/home/kasukabe/.cache/coursier/v1/https/repo1.maven.org/maven2/com/google/inject/extensions/guice-assistedinject/6.0.0/guice-assistedinject-6.0.0.jar:/home/kasukabe/.cache/coursier/v1/https/repo1.maven.org/maven2/org/playframework/play-ws-standalone_2.13/3.0.3/play-ws-standalone_2.13-3.0.3.jar:/home/kasukabe/.cache/coursier/v1/https/repo1.maven.org/maven2/org/playframework/play-ws-standalone-xml_2.13/3.0.3/play-ws-standalone-xml_2.13-3.0.3.jar:/home/kasukabe/.cache/coursier/v1/https/repo1.maven.org/maven2/org/playframework/play-ws-standalone-json_2.13/3.0.3/play-ws-standalone-json_2.13-3.0.3.jar:/home/kasukabe/.cache/coursier/v1/https/repo1.maven.org/maven2/org/apache/pekko/pekko-stream_2.13/1.0.3/pekko-stream_2.13-1.0.3.jar:/home/kasukabe/.cache/coursier/v1/https/repo1.maven.org/maven2/org/checkerframework/checker-qual/3.42.0/checker-qual-3.42.0.jar:/home/kasukabe/.cache/coursier/v1/https/repo1.maven.org/maven2/com/typesafe/play/play_2.13/2.9.0/play_2.13-2.9.0.jar:/home/kasukabe/.cache/coursier/v1/https/repo1.maven.org/maven2/com/typesafe/play/play-jdbc-api_2.13/2.9.0/play-jdbc-api_2.13-2.9.0.jar:/home/kasukabe/.cache/coursier/v1/https/repo1.maven.org/maven2/com/typesafe/play/play-jdbc-evolutions_2.13/2.9.0/play-jdbc-evolutions_2.13-2.9.0.jar:/home/kasukabe/.cache/coursier/v1/https/repo1.maven.org/maven2/org/slf4j/slf4j-api/2.0.17/slf4j-api-2.0.17.jar:/home/kasukabe/.cache/coursier/v1/https/repo1.maven.org/maven2/com/typesafe/config/1.4.5/config-1.4.5.jar:/home/kasukabe/.cache/coursier/v1/https/repo1.maven.org/maven2/org/reactivestreams/reactive-streams/1.0.4/reactive-streams-1.0.4.jar:/home/kasukabe/.cache/coursier/v1/https/repo1.maven.org/maven2/org/scala-lang/modules/scala-collection-compat_2.13/2.8.1/scala-collection-compat_2.13-2.8.1.jar:/home/kasukabe/.cache/coursier/v1/https/repo1.maven.org/maven2/com/zaxxer/HikariCP/4.0.3/HikariCP-4.0.3.jar:/home/kasukabe/.cache/coursier/v1/https/repo1.maven.org/maven2/com/typesafe/play/play-functional_2.13/2.10.2/play-functional_2.13-2.10.2.jar:/home/kasukabe/.cache/coursier/v1/https/repo1.maven.org/maven2/org/scala-lang/scala-reflect/2.13.17/scala-reflect-2.13.17.jar:/home/kasukabe/.cache/coursier/v1/https/repo1.maven.org/maven2/com/fasterxml/jackson/core/jackson-core/2.14.3/jackson-core-2.14.3.jar:/home/kasukabe/.cache/coursier/v1/https/repo1.maven.org/maven2/com/fasterxml/jackson/core/jackson-annotations/2.14.3/jackson-annotations-2.14.3.jar:/home/kasukabe/.cache/coursier/v1/https/repo1.maven.org/maven2/com/fasterxml/jackson/datatype/jackson-datatype-jdk8/2.14.3/jackson-datatype-jdk8-2.14.3.jar:/home/kasukabe/.cache/coursier/v1/https/repo1.maven.org/maven2/com/fasterxml/jackson/datatype/jackson-datatype-jsr310/2.14.3/jackson-datatype-jsr310-2.14.3.jar:/home/kasukabe/.cache/coursier/v1/https/repo1.maven.org/maven2/com/fasterxml/jackson/core/jackson-databind/2.14.3/jackson-databind-2.14.3.jar:/home/kasukabe/.cache/coursier/v1/https/repo1.maven.org/maven2/com/github/jwt-scala/jwt-play-json_2.13/10.0.1/jwt-play-json_2.13-10.0.1.jar:/home/kasukabe/.cache/coursier/v1/https/repo1.maven.org/maven2/org/playframework/play-build-link/3.0.9/play-build-link-3.0.9.jar:/home/kasukabe/.cache/coursier/v1/https/repo1.maven.org/maven2/org/playframework/play-configuration_2.13/3.0.9/play-configuration_2.13-3.0.9.jar:/home/kasukabe/.cache/coursier/v1/https/repo1.maven.org/maven2/org/slf4j/jul-to-slf4j/2.0.17/jul-to-slf4j-2.0.17.jar:/home/kasukabe/.cache/coursier/v1/https/repo1.maven.org/maven2/org/slf4j/jcl-over-slf4j/2.0.17/jcl-over-slf4j-2.0.17.jar:/home/kasukabe/.cache/coursier/v1/https/repo1.maven.org/maven2/org/apache/pekko/pekko-actor_2.13/1.0.3/pekko-actor_2.13-1.0.3.jar:/home/kasukabe/.cache/coursier/v1/https/repo1.maven.org/maven2/org/apache/pekko/pekko-actor-typed_2.13/1.0.3/pekko-actor-typed_2.13-1.0.3.jar:/home/kasukabe/.cache/coursier/v1/https/repo1.maven.org/maven2/org/apache/pekko/pekko-slf4j_2.13/1.0.3/pekko-slf4j_2.13-1.0.3.jar:/home/kasukabe/.cache/coursier/v1/https/repo1.maven.org/maven2/org/apache/pekko/pekko-serialization-jackson_2.13/1.0.3/pekko-serialization-jackson_2.13-1.0.3.jar:/home/kasukabe/.cache/coursier/v1/https/repo1.maven.org/maven2/com/fasterxml/jackson/dataformat/jackson-dataformat-cbor/2.14.3/jackson-dataformat-cbor-2.14.3.jar:/home/kasukabe/.cache/coursier/v1/https/repo1.maven.org/maven2/com/fasterxml/jackson/module/jackson-module-parameter-names/2.14.3/jackson-module-parameter-names-2.14.3.jar:/home/kasukabe/.cache/coursier/v1/https/repo1.maven.org/maven2/com/fasterxml/jackson/module/jackson-module-scala_2.13/2.14.3/jackson-module-scala_2.13-2.14.3.jar:/home/kasukabe/.cache/coursier/v1/https/repo1.maven.org/maven2/io/jsonwebtoken/jjwt-api/0.11.5/jjwt-api-0.11.5.jar:/home/kasukabe/.cache/coursier/v1/https/repo1.maven.org/maven2/io/jsonwebtoken/jjwt-impl/0.11.5/jjwt-impl-0.11.5.jar:/home/kasukabe/.cache/coursier/v1/https/repo1.maven.org/maven2/io/jsonwebtoken/jjwt-jackson/0.11.5/jjwt-jackson-0.11.5.jar:/home/kasukabe/.cache/coursier/v1/https/repo1.maven.org/maven2/org/playframework/play-json_2.13/3.0.5/play-json_2.13-3.0.5.jar:/home/kasukabe/.cache/coursier/v1/https/repo1.maven.org/maven2/com/google/guava/guava/32.1.3-jre/guava-32.1.3-jre.jar:/home/kasukabe/.cache/coursier/v1/https/repo1.maven.org/maven2/javax/inject/javax.inject/1/javax.inject-1.jar:/home/kasukabe/.cache/coursier/v1/https/repo1.maven.org/maven2/com/typesafe/ssl-config-core_2.13/0.6.1/ssl-config-core_2.13-0.6.1.jar:/home/kasukabe/.cache/coursier/v1/https/repo1.maven.org/maven2/org/scala-lang/modules/scala-parser-combinators_2.13/1.1.2/scala-parser-combinators_2.13-1.1.2.jar:/home/kasukabe/.cache/coursier/v1/https/repo1.maven.org/maven2/ch/qos/logback/logback-core/1.5.18/logback-core-1.5.18.jar:/home/kasukabe/.cache/coursier/v1/https/repo1.maven.org/maven2/org/apache/pekko/pekko-parsing_2.13/1.0.1/pekko-parsing_2.13-1.0.1.jar:/home/kasukabe/.cache/coursier/v1/https/repo1.maven.org/maven2/org/parboiled/parboiled_2.13/2.5.0/parboiled_2.13-2.5.0.jar:/home/kasukabe/.cache/coursier/v1/https/repo1.maven.org/maven2/jakarta/inject/jakarta.inject-api/2.0.1/jakarta.inject-api-2.0.1.jar:/home/kasukabe/.cache/coursier/v1/https/repo1.maven.org/maven2/aopalliance/aopalliance/1.0/aopalliance-1.0.jar:/home/kasukabe/.cache/coursier/v1/https/repo1.maven.org/maven2/com/google/errorprone/error_prone_annotations/2.21.1/error_prone_annotations-2.21.1.jar:/home/kasukabe/.cache/coursier/v1/https/repo1.maven.org/maven2/org/apache/pekko/pekko-protobuf-v3_2.13/1.0.3/pekko-protobuf-v3_2.13-1.0.3.jar:/home/kasukabe/.cache/coursier/v1/https/repo1.maven.org/maven2/com/typesafe/play/play-build-link/2.9.0/play-build-link-2.9.0.jar:/home/kasukabe/.cache/coursier/v1/https/repo1.maven.org/maven2/com/typesafe/play/play-streams_2.13/2.9.0/play-streams_2.13-2.9.0.jar:/home/kasukabe/.cache/coursier/v1/https/repo1.maven.org/maven2/com/typesafe/play/play-configuration_2.13/2.9.0/play-configuration_2.13-2.9.0.jar:/home/kasukabe/.cache/coursier/v1/https/repo1.maven.org/maven2/com/typesafe/play/twirl-api_2.13/1.6.2/twirl-api_2.13-1.6.2.jar:/home/kasukabe/.cache/coursier/v1/https/repo1.maven.org/maven2/com/typesafe/akka/akka-actor_2.13/2.6.21/akka-actor_2.13-2.6.21.jar:/home/kasukabe/.cache/coursier/v1/https/repo1.maven.org/maven2/com/typesafe/akka/akka-actor-typed_2.13/2.6.21/akka-actor-typed_2.13-2.6.21.jar:/home/kasukabe/.cache/coursier/v1/https/repo1.maven.org/maven2/com/typesafe/akka/akka-slf4j_2.13/2.6.21/akka-slf4j_2.13-2.6.21.jar:/home/kasukabe/.cache/coursier/v1/https/repo1.maven.org/maven2/com/typesafe/akka/akka-serialization-jackson_2.13/2.6.21/akka-serialization-jackson_2.13-2.6.21.jar:/home/kasukabe/.cache/coursier/v1/https/repo1.maven.org/maven2/com/github/jwt-scala/jwt-json-common_2.13/10.0.1/jwt-json-common_2.13-10.0.1.jar:/home/kasukabe/.cache/coursier/v1/https/repo1.maven.org/maven2/org/playframework/play-exceptions/3.0.9/play-exceptions-3.0.9.jar:/home/kasukabe/.cache/coursier/v1/https/repo1.maven.org/maven2/org/lz4/lz4-java/1.8.0/lz4-java-1.8.0.jar:/home/kasukabe/.cache/coursier/v1/https/repo1.maven.org/maven2/com/thoughtworks/paranamer/paranamer/2.8/paranamer-2.8.jar:/home/kasukabe/.cache/coursier/v1/https/repo1.maven.org/maven2/org/playframework/play-functional_2.13/3.0.5/play-functional_2.13-3.0.5.jar:/home/kasukabe/.cache/coursier/v1/https/repo1.maven.org/maven2/com/google/guava/failureaccess/1.0.1/failureaccess-1.0.1.jar:/home/kasukabe/.cache/coursier/v1/https/repo1.maven.org/maven2/com/google/guava/listenablefuture/9999.0-empty-to-avoid-conflict-with-guava/listenablefuture-9999.0-empty-to-avoid-conflict-with-guava.jar:/home/kasukabe/.cache/coursier/v1/https/repo1.maven.org/maven2/com/google/code/findbugs/jsr305/3.0.2/jsr305-3.0.2.jar:/home/kasukabe/.cache/coursier/v1/https/repo1.maven.org/maven2/com/google/j2objc/j2objc-annotations/2.8/j2objc-annotations-2.8.jar:/home/kasukabe/.cache/coursier/v1/https/repo1.maven.org/maven2/com/typesafe/play/play-exceptions/2.9.0/play-exceptions-2.9.0.jar:/home/kasukabe/.cache/coursier/v1/https/repo1.maven.org/maven2/com/typesafe/akka/akka-stream_2.13/2.6.21/akka-stream_2.13-2.6.21.jar:/home/kasukabe/.cache/coursier/v1/https/repo1.maven.org/maven2/org/scala-lang/modules/scala-java8-compat_2.13/1.0.0/scala-java8-compat_2.13-1.0.0.jar:/home/kasukabe/.cache/coursier/v1/https/repo1.maven.org/maven2/com/github/jwt-scala/jwt-core_2.13/10.0.1/jwt-core_2.13-10.0.1.jar:/home/kasukabe/.cache/coursier/v1/https/repo1.maven.org/maven2/com/typesafe/akka/akka-protobuf-v3_2.13/2.6.21/akka-protobuf-v3_2.13-2.6.21.jar -Xplugin-require:semanticdb -Yrangepos -Ymacro-expand:discard -Ycache-plugin-class-loader:last-modified -Ypresentation-any-thread

  last tree to typer: Ident(role)
       tree position: line 48 of file:///home/kasukabe/schedule_kokubunji/backend/src/main/scala/repository/UserRepository.scala
            tree tpe: <error>
              symbol: value role
   symbol definition: role: <error> (a TermSymbol)
      symbol package: repository
       symbol owners: value role -> method createUserByGoogle -> class UserRepository
           call site: <none> in <none>

== Source file context for tree position ==

    45      * @note パスワードがハッシュ化されているかをチェックする機構はない
    46      */
    47     def createUserByGoogle(googleId: String, role: Role): Future[Int] = {
    48         val user : User = User(0L, _CURSOR_mail, Some(googleId), None, Google, role)
    49         db.run(users += user)
    50     }
    51  (full report at: "/home/kasukabe/schedule_kokubunji/backend/.metals/.reports/metals-full/2025-11-14/r_compiler-error_(root)_21-43-54-715.md")[0m
2025.11.14 21:43:59 INFO  Created report: Optional[file:///home/kasukabe/schedule_kokubunji/backend/src/main/scala/repository/UserRepository.scala][0m
2025.11.14 21:43:59 INFO  empty definition using pc, found symbol in pc:  (full report at: "/home/kasukabe/schedule_kokubunji/backend/.metals/.reports/metals-full/2025-11-14/r_empty-definition_(root)_21-43-59-008.md")[0m
2025.11.14 21:44:11 INFO  compiling root (16 scala sources and 1 java source)[0m
2025.11.14 21:44:11 INFO  time: compiled root in 0.53s[0m
2025.11.14 21:44:44 INFO  compiling root (16 scala sources and 1 java source)[0m
2025.11.14 21:44:44 INFO  time: compiled root in 0.67s[0m
2025.11.14 21:44:52 WARN  Could not find 'mail' using presentation compiler nor semanticdb. Trying to guess the definition using available information from local class context. [0m
2025.11.14 21:44:52 INFO  Created report: Optional[file:///home/kasukabe/schedule_kokubunji/backend/src/main/scala/repository/UserRepository.scala][0m
2025.11.14 21:44:52 INFO  empty definition using pc, found symbol in pc:  (full report at: "/home/kasukabe/schedule_kokubunji/backend/.metals/.reports/metals-full/2025-11-14/r_empty-definition_(root)_21-44-52-583.md")[0m
2025.11.14 21:44:53 INFO  Created report: Optional[file:///home/kasukabe/schedule_kokubunji/backend/src/main/scala/repository/UserRepository.scala][0m
2025.11.14 21:44:53 INFO  empty definition using pc, found symbol in pc:  (full report at: "/home/kasukabe/schedule_kokubunji/backend/.metals/.reports/metals-full/2025-11-14/r_empty-definition_(root)_21-44-53-964.md")[0m
2025.11.14 21:44:55 INFO  compiling root (16 scala sources and 1 java source)[0m
2025.11.14 21:44:55 INFO  time: compiled root in 0.61s[0m
2025.11.14 21:45:20 INFO  compiling root (16 scala sources and 1 java source)[0m
2025.11.14 21:45:20 INFO  time: compiled root in 0.55s[0m
2025.11.14 21:45:53 INFO  compiling root (16 scala sources and 1 java source)[0m
2025.11.14 21:45:53 INFO  time: compiled root in 0.63s[0m
2025.11.14 21:47:09 INFO  compiling root (16 scala sources and 1 java source)[0m
2025.11.14 21:47:09 INFO  time: compiled root in 0.73s[0m
2025.11.14 21:47:21 INFO  compiling root (16 scala sources and 1 java source)[0m
2025.11.14 21:47:21 INFO  time: compiled root in 0.47s[0m
2025.11.14 21:47:30 INFO  Created report: Optional[file:///home/kasukabe/schedule_kokubunji/backend/src/main/scala/service/AuthService.scala][0m
2025.11.14 21:47:30 INFO  empty definition using pc, found symbol in pc:  (full report at: "/home/kasukabe/schedule_kokubunji/backend/.metals/.reports/metals-full/2025-11-14/r_empty-definition_(root)_21-47-30-148.md")[0m
2025.11.14 21:47:30 INFO  Created report: Optional[file:///home/kasukabe/schedule_kokubunji/backend/src/main/scala/service/AuthService.scala][0m
2025.11.14 21:47:30 INFO  empty definition using pc, found symbol in pc:  (full report at: "/home/kasukabe/schedule_kokubunji/backend/.metals/.reports/metals-full/2025-11-14/r_empty-definition_(root)_21-47-30-169.md")[0m
2025.11.14 21:47:31 INFO  Created report: Optional[file:///home/kasukabe/schedule_kokubunji/backend/src/main/scala/service/AuthService.scala][0m
2025.11.14 21:47:31 INFO  empty definition using pc, found symbol in pc:  (full report at: "/home/kasukabe/schedule_kokubunji/backend/.metals/.reports/metals-full/2025-11-14/r_empty-definition_(root)_21-47-31-168.md")[0m
2025.11.14 21:47:31 INFO  compiling root (16 scala sources and 1 java source)[0m
2025.11.14 21:47:31 INFO  time: compiled root in 0.52s[0m
2025.11.14 21:50:58 INFO  compiling root (16 scala sources and 1 java source)[0m
2025.11.14 21:50:58 INFO  time: compiled root in 0.63s[0m
2025.11.14 21:51:10 INFO  compiling root (16 scala sources and 1 java source)[0m
2025.11.14 21:51:10 INFO  time: compiled root in 0.46s[0m
2025.11.14 21:51:29 INFO  compiling root (16 scala sources and 1 java source)[0m
2025.11.14 21:51:29 INFO  time: compiled root in 0.43s[0m
2025.11.14 21:52:24 INFO  compiling root (16 scala sources and 1 java source)[0m
2025.11.14 21:52:24 INFO  time: compiled root in 0.61s[0m
2025.11.14 21:55:12 INFO  compiling root (16 scala sources and 1 java source)[0m
2025.11.14 21:55:12 INFO  time: compiled root in 0.57s[0m
2025.11.14 21:56:13 INFO  compiling root (16 scala sources and 1 java source)[0m
2025.11.14 21:56:13 INFO  time: compiled root in 0.57s[0m
Nov 14, 2025 9:56:53 PM org.eclipse.lsp4j.jsonrpc.RemoteEndpoint handleCancellation
WARNING: Unmatched cancel notification for request id 2548
2025.11.14 21:56:55 INFO  compiling root (16 scala sources and 1 java source)[0m
2025.11.14 21:56:55 INFO  time: compiled root in 0.58s[0m
Nov 14, 2025 9:57:38 PM scala.meta.internal.pc.CompilerAccess retryWithCleanCompiler
INFO: compiler crashed due to an error in the Scala compiler, retrying with new compiler instance.
2025.11.14 21:57:38 INFO  Created report: Optional[file:///home/kasukabe/schedule_kokubunji/backend/src/main/scala/controller/AuthController.scala][0m
2025.11.14 21:57:38 INFO  scala.reflect.internal.FatalError: 
  ThisType(value $anonfun) for sym which is not a class
     while compiling: file:///home/kasukabe/schedule_kokubunji/backend/src/main/scala/controller/AuthController.scala
        during phase: globalPhase=<no phase>, enteringPhase=parser
     library version: version 2.13.17
    compiler version: version 2.13.17
  reconstructed args: -deprecation -encoding utf8 -unchecked -Wconf:cat=unchecked:w -Wconf:cat=deprecation:ws -Wconf:cat=feature:ws -Wconf:cat=optimizer:ws -classpath /home/kasukabe/schedule_kokubunji/backend/.bloop/root/bloop-bsp-clients-classes/classes-Metals-sy6PNeiMQymS8LU3rOga8w==:/home/kasukabe/.cache/bloop/semanticdb/com.sourcegraph.semanticdb-javac.0.11.1/semanticdb-javac-0.11.1.jar:/home/kasukabe/.cache/coursier/v1/https/repo1.maven.org/maven2/org/scala-lang/scala-library/2.13.17/scala-library-2.13.17.jar:/home/kasukabe/.cache/coursier/v1/https/repo1.maven.org/maven2/org/playframework/twirl/twirl-api_2.13/2.0.9/twirl-api_2.13-2.0.9.jar:/home/kasukabe/.cache/coursier/v1/https/repo1.maven.org/maven2/org/playframework/play-server_2.13/3.0.9/play-server_2.13-3.0.9.jar:/home/kasukabe/.cache/coursier/v1/https/repo1.maven.org/maven2/org/playframework/play-logback_2.13/3.0.9/play-logback_2.13-3.0.9.jar:/home/kasukabe/.cache/coursier/v1/https/repo1.maven.org/maven2/org/playframework/play-pekko-http-server_2.13/3.0.9/play-pekko-http-server_2.13-3.0.9.jar:/home/kasukabe/.cache/coursier/v1/https/repo1.maven.org/maven2/org/playframework/play-filters-helpers_2.13/3.0.9/play-filters-helpers_2.13-3.0.9.jar:/home/kasukabe/.cache/coursier/v1/https/repo1.maven.org/maven2/org/playframework/play-guice_2.13/3.0.9/play-guice_2.13-3.0.9.jar:/home/kasukabe/.cache/coursier/v1/https/repo1.maven.org/maven2/org/playframework/play-ws_2.13/3.0.4/play-ws_2.13-3.0.4.jar:/home/kasukabe/.cache/coursier/v1/https/repo1.maven.org/maven2/org/postgresql/postgresql/42.7.3/postgresql-42.7.3.jar:/home/kasukabe/.cache/coursier/v1/https/repo1.maven.org/maven2/com/typesafe/play/play-slick_2.13/5.2.0/play-slick_2.13-5.2.0.jar:/home/kasukabe/.cache/coursier/v1/https/repo1.maven.org/maven2/com/typesafe/play/play-slick-evolutions_2.13/5.2.0/play-slick-evolutions_2.13-5.2.0.jar:/home/kasukabe/.cache/coursier/v1/https/repo1.maven.org/maven2/com/typesafe/slick/slick_2.13/3.4.1/slick_2.13-3.4.1.jar:/home/kasukabe/.cache/coursier/v1/https/repo1.maven.org/maven2/com/typesafe/slick/slick-hikaricp_2.13/3.4.1/slick-hikaricp_2.13-3.4.1.jar:/home/kasukabe/.cache/coursier/v1/https/repo1.maven.org/maven2/com/typesafe/play/play-json_2.13/2.10.2/play-json_2.13-2.10.2.jar:/home/kasukabe/.cache/coursier/v1/https/repo1.maven.org/maven2/org/mindrot/jbcrypt/0.4/jbcrypt-0.4.jar:/home/kasukabe/.cache/coursier/v1/https/repo1.maven.org/maven2/com/github/jwt-scala/jwt-play_2.13/10.0.1/jwt-play_2.13-10.0.1.jar:/home/kasukabe/.cache/coursier/v1/https/repo1.maven.org/maven2/org/scala-lang/modules/scala-xml_2.13/2.2.0/scala-xml_2.13-2.2.0.jar:/home/kasukabe/.cache/coursier/v1/https/repo1.maven.org/maven2/org/playframework/play_2.13/3.0.9/play_2.13-3.0.9.jar:/home/kasukabe/.cache/coursier/v1/https/repo1.maven.org/maven2/ch/qos/logback/logback-classic/1.5.18/logback-classic-1.5.18.jar:/home/kasukabe/.cache/coursier/v1/https/repo1.maven.org/maven2/org/playframework/play-streams_2.13/3.0.9/play-streams_2.13-3.0.9.jar:/home/kasukabe/.cache/coursier/v1/https/repo1.maven.org/maven2/org/apache/pekko/pekko-http-core_2.13/1.0.1/pekko-http-core_2.13-1.0.1.jar:/home/kasukabe/.cache/coursier/v1/https/repo1.maven.org/maven2/com/google/inject/guice/6.0.0/guice-6.0.0.jar:/home/kasukabe/.cache/coursier/v1/https/repo1.maven.org/maven2/com/google/inject/extensions/guice-assistedinject/6.0.0/guice-assistedinject-6.0.0.jar:/home/kasukabe/.cache/coursier/v1/https/repo1.maven.org/maven2/org/playframework/play-ws-standalone_2.13/3.0.3/play-ws-standalone_2.13-3.0.3.jar:/home/kasukabe/.cache/coursier/v1/https/repo1.maven.org/maven2/org/playframework/play-ws-standalone-xml_2.13/3.0.3/play-ws-standalone-xml_2.13-3.0.3.jar:/home/kasukabe/.cache/coursier/v1/https/repo1.maven.org/maven2/org/playframework/play-ws-standalone-json_2.13/3.0.3/play-ws-standalone-json_2.13-3.0.3.jar:/home/kasukabe/.cache/coursier/v1/https/repo1.maven.org/maven2/org/apache/pekko/pekko-stream_2.13/1.0.3/pekko-stream_2.13-1.0.3.jar:/home/kasukabe/.cache/coursier/v1/https/repo1.maven.org/maven2/org/checkerframework/checker-qual/3.42.0/checker-qual-3.42.0.jar:/home/kasukabe/.cache/coursier/v1/https/repo1.maven.org/maven2/com/typesafe/play/play_2.13/2.9.0/play_2.13-2.9.0.jar:/home/kasukabe/.cache/coursier/v1/https/repo1.maven.org/maven2/com/typesafe/play/play-jdbc-api_2.13/2.9.0/play-jdbc-api_2.13-2.9.0.jar:/home/kasukabe/.cache/coursier/v1/https/repo1.maven.org/maven2/com/typesafe/play/play-jdbc-evolutions_2.13/2.9.0/play-jdbc-evolutions_2.13-2.9.0.jar:/home/kasukabe/.cache/coursier/v1/https/repo1.maven.org/maven2/org/slf4j/slf4j-api/2.0.17/slf4j-api-2.0.17.jar:/home/kasukabe/.cache/coursier/v1/https/repo1.maven.org/maven2/com/typesafe/config/1.4.5/config-1.4.5.jar:/home/kasukabe/.cache/coursier/v1/https/repo1.maven.org/maven2/org/reactivestreams/reactive-streams/1.0.4/reactive-streams-1.0.4.jar:/home/kasukabe/.cache/coursier/v1/https/repo1.maven.org/maven2/org/scala-lang/modules/scala-collection-compat_2.13/2.8.1/scala-collection-compat_2.13-2.8.1.jar:/home/kasukabe/.cache/coursier/v1/https/repo1.maven.org/maven2/com/zaxxer/HikariCP/4.0.3/HikariCP-4.0.3.jar:/home/kasukabe/.cache/coursier/v1/https/repo1.maven.org/maven2/com/typesafe/play/play-functional_2.13/2.10.2/play-functional_2.13-2.10.2.jar:/home/kasukabe/.cache/coursier/v1/https/repo1.maven.org/maven2/org/scala-lang/scala-reflect/2.13.17/scala-reflect-2.13.17.jar:/home/kasukabe/.cache/coursier/v1/https/repo1.maven.org/maven2/com/fasterxml/jackson/core/jackson-core/2.14.3/jackson-core-2.14.3.jar:/home/kasukabe/.cache/coursier/v1/https/repo1.maven.org/maven2/com/fasterxml/jackson/core/jackson-annotations/2.14.3/jackson-annotations-2.14.3.jar:/home/kasukabe/.cache/coursier/v1/https/repo1.maven.org/maven2/com/fasterxml/jackson/datatype/jackson-datatype-jdk8/2.14.3/jackson-datatype-jdk8-2.14.3.jar:/home/kasukabe/.cache/coursier/v1/https/repo1.maven.org/maven2/com/fasterxml/jackson/datatype/jackson-datatype-jsr310/2.14.3/jackson-datatype-jsr310-2.14.3.jar:/home/kasukabe/.cache/coursier/v1/https/repo1.maven.org/maven2/com/fasterxml/jackson/core/jackson-databind/2.14.3/jackson-databind-2.14.3.jar:/home/kasukabe/.cache/coursier/v1/https/repo1.maven.org/maven2/com/github/jwt-scala/jwt-play-json_2.13/10.0.1/jwt-play-json_2.13-10.0.1.jar:/home/kasukabe/.cache/coursier/v1/https/repo1.maven.org/maven2/org/playframework/play-build-link/3.0.9/play-build-link-3.0.9.jar:/home/kasukabe/.cache/coursier/v1/https/repo1.maven.org/maven2/org/playframework/play-configuration_2.13/3.0.9/play-configuration_2.13-3.0.9.jar:/home/kasukabe/.cache/coursier/v1/https/repo1.maven.org/maven2/org/slf4j/jul-to-slf4j/2.0.17/jul-to-slf4j-2.0.17.jar:/home/kasukabe/.cache/coursier/v1/https/repo1.maven.org/maven2/org/slf4j/jcl-over-slf4j/2.0.17/jcl-over-slf4j-2.0.17.jar:/home/kasukabe/.cache/coursier/v1/https/repo1.maven.org/maven2/org/apache/pekko/pekko-actor_2.13/1.0.3/pekko-actor_2.13-1.0.3.jar:/home/kasukabe/.cache/coursier/v1/https/repo1.maven.org/maven2/org/apache/pekko/pekko-actor-typed_2.13/1.0.3/pekko-actor-typed_2.13-1.0.3.jar:/home/kasukabe/.cache/coursier/v1/https/repo1.maven.org/maven2/org/apache/pekko/pekko-slf4j_2.13/1.0.3/pekko-slf4j_2.13-1.0.3.jar:/home/kasukabe/.cache/coursier/v1/https/repo1.maven.org/maven2/org/apache/pekko/pekko-serialization-jackson_2.13/1.0.3/pekko-serialization-jackson_2.13-1.0.3.jar:/home/kasukabe/.cache/coursier/v1/https/repo1.maven.org/maven2/com/fasterxml/jackson/dataformat/jackson-dataformat-cbor/2.14.3/jackson-dataformat-cbor-2.14.3.jar:/home/kasukabe/.cache/coursier/v1/https/repo1.maven.org/maven2/com/fasterxml/jackson/module/jackson-module-parameter-names/2.14.3/jackson-module-parameter-names-2.14.3.jar:/home/kasukabe/.cache/coursier/v1/https/repo1.maven.org/maven2/com/fasterxml/jackson/module/jackson-module-scala_2.13/2.14.3/jackson-module-scala_2.13-2.14.3.jar:/home/kasukabe/.cache/coursier/v1/https/repo1.maven.org/maven2/io/jsonwebtoken/jjwt-api/0.11.5/jjwt-api-0.11.5.jar:/home/kasukabe/.cache/coursier/v1/https/repo1.maven.org/maven2/io/jsonwebtoken/jjwt-impl/0.11.5/jjwt-impl-0.11.5.jar:/home/kasukabe/.cache/coursier/v1/https/repo1.maven.org/maven2/io/jsonwebtoken/jjwt-jackson/0.11.5/jjwt-jackson-0.11.5.jar:/home/kasukabe/.cache/coursier/v1/https/repo1.maven.org/maven2/org/playframework/play-json_2.13/3.0.5/play-json_2.13-3.0.5.jar:/home/kasukabe/.cache/coursier/v1/https/repo1.maven.org/maven2/com/google/guava/guava/32.1.3-jre/guava-32.1.3-jre.jar:/home/kasukabe/.cache/coursier/v1/https/repo1.maven.org/maven2/javax/inject/javax.inject/1/javax.inject-1.jar:/home/kasukabe/.cache/coursier/v1/https/repo1.maven.org/maven2/com/typesafe/ssl-config-core_2.13/0.6.1/ssl-config-core_2.13-0.6.1.jar:/home/kasukabe/.cache/coursier/v1/https/repo1.maven.org/maven2/org/scala-lang/modules/scala-parser-combinators_2.13/1.1.2/scala-parser-combinators_2.13-1.1.2.jar:/home/kasukabe/.cache/coursier/v1/https/repo1.maven.org/maven2/ch/qos/logback/logback-core/1.5.18/logback-core-1.5.18.jar:/home/kasukabe/.cache/coursier/v1/https/repo1.maven.org/maven2/org/apache/pekko/pekko-parsing_2.13/1.0.1/pekko-parsing_2.13-1.0.1.jar:/home/kasukabe/.cache/coursier/v1/https/repo1.maven.org/maven2/org/parboiled/parboiled_2.13/2.5.0/parboiled_2.13-2.5.0.jar:/home/kasukabe/.cache/coursier/v1/https/repo1.maven.org/maven2/jakarta/inject/jakarta.inject-api/2.0.1/jakarta.inject-api-2.0.1.jar:/home/kasukabe/.cache/coursier/v1/https/repo1.maven.org/maven2/aopalliance/aopalliance/1.0/aopalliance-1.0.jar:/home/kasukabe/.cache/coursier/v1/https/repo1.maven.org/maven2/com/google/errorprone/error_prone_annotations/2.21.1/error_prone_annotations-2.21.1.jar:/home/kasukabe/.cache/coursier/v1/https/repo1.maven.org/maven2/org/apache/pekko/pekko-protobuf-v3_2.13/1.0.3/pekko-protobuf-v3_2.13-1.0.3.jar:/home/kasukabe/.cache/coursier/v1/https/repo1.maven.org/maven2/com/typesafe/play/play-build-link/2.9.0/play-build-link-2.9.0.jar:/home/kasukabe/.cache/coursier/v1/https/repo1.maven.org/maven2/com/typesafe/play/play-streams_2.13/2.9.0/play-streams_2.13-2.9.0.jar:/home/kasukabe/.cache/coursier/v1/https/repo1.maven.org/maven2/com/typesafe/play/play-configuration_2.13/2.9.0/play-configuration_2.13-2.9.0.jar:/home/kasukabe/.cache/coursier/v1/https/repo1.maven.org/maven2/com/typesafe/play/twirl-api_2.13/1.6.2/twirl-api_2.13-1.6.2.jar:/home/kasukabe/.cache/coursier/v1/https/repo1.maven.org/maven2/com/typesafe/akka/akka-actor_2.13/2.6.21/akka-actor_2.13-2.6.21.jar:/home/kasukabe/.cache/coursier/v1/https/repo1.maven.org/maven2/com/typesafe/akka/akka-actor-typed_2.13/2.6.21/akka-actor-typed_2.13-2.6.21.jar:/home/kasukabe/.cache/coursier/v1/https/repo1.maven.org/maven2/com/typesafe/akka/akka-slf4j_2.13/2.6.21/akka-slf4j_2.13-2.6.21.jar:/home/kasukabe/.cache/coursier/v1/https/repo1.maven.org/maven2/com/typesafe/akka/akka-serialization-jackson_2.13/2.6.21/akka-serialization-jackson_2.13-2.6.21.jar:/home/kasukabe/.cache/coursier/v1/https/repo1.maven.org/maven2/com/github/jwt-scala/jwt-json-common_2.13/10.0.1/jwt-json-common_2.13-10.0.1.jar:/home/kasukabe/.cache/coursier/v1/https/repo1.maven.org/maven2/org/playframework/play-exceptions/3.0.9/play-exceptions-3.0.9.jar:/home/kasukabe/.cache/coursier/v1/https/repo1.maven.org/maven2/org/lz4/lz4-java/1.8.0/lz4-java-1.8.0.jar:/home/kasukabe/.cache/coursier/v1/https/repo1.maven.org/maven2/com/thoughtworks/paranamer/paranamer/2.8/paranamer-2.8.jar:/home/kasukabe/.cache/coursier/v1/https/repo1.maven.org/maven2/org/playframework/play-functional_2.13/3.0.5/play-functional_2.13-3.0.5.jar:/home/kasukabe/.cache/coursier/v1/https/repo1.maven.org/maven2/com/google/guava/failureaccess/1.0.1/failureaccess-1.0.1.jar:/home/kasukabe/.cache/coursier/v1/https/repo1.maven.org/maven2/com/google/guava/listenablefuture/9999.0-empty-to-avoid-conflict-with-guava/listenablefuture-9999.0-empty-to-avoid-conflict-with-guava.jar:/home/kasukabe/.cache/coursier/v1/https/repo1.maven.org/maven2/com/google/code/findbugs/jsr305/3.0.2/jsr305-3.0.2.jar:/home/kasukabe/.cache/coursier/v1/https/repo1.maven.org/maven2/com/google/j2objc/j2objc-annotations/2.8/j2objc-annotations-2.8.jar:/home/kasukabe/.cache/coursier/v1/https/repo1.maven.org/maven2/com/typesafe/play/play-exceptions/2.9.0/play-exceptions-2.9.0.jar:/home/kasukabe/.cache/coursier/v1/https/repo1.maven.org/maven2/com/typesafe/akka/akka-stream_2.13/2.6.21/akka-stream_2.13-2.6.21.jar:/home/kasukabe/.cache/coursier/v1/https/repo1.maven.org/maven2/org/scala-lang/modules/scala-java8-compat_2.13/1.0.0/scala-java8-compat_2.13-1.0.0.jar:/home/kasukabe/.cache/coursier/v1/https/repo1.maven.org/maven2/com/github/jwt-scala/jwt-core_2.13/10.0.1/jwt-core_2.13-10.0.1.jar:/home/kasukabe/.cache/coursier/v1/https/repo1.maven.org/maven2/com/typesafe/akka/akka-protobuf-v3_2.13/2.6.21/akka-protobuf-v3_2.13-2.6.21.jar -Xplugin-require:semanticdb -Yrangepos -Ymacro-expand:discard -Ycache-plugin-class-loader:last-modified -Ypresentation-any-thread

  last tree to typer: TypeTree(trait Action)
       tree position: line 90 of file:///home/kasukabe/schedule_kokubunji/backend/src/main/scala/controller/AuthController.scala
            tree tpe: play.api.mvc.Action[play.api.libs.json.JsValue]
              symbol: abstract trait Action in package mvc
   symbol definition: abstract trait Action[A <: <?>] extends EssentialAction (a ClassSymbol)
      symbol package: play.api.mvc
       symbol owners: trait Action
           call site: <none> in <none>

== Source file context for tree position ==

    87      * @return 
    88      * @note 一度
    89      */
    90     def signInGoogle = Action.async(parse.json) { request =>
    91         request.body.validate[GoogleAuthRequest].fold(
    92         _ => Future.successful(BadRequest("Invalid request")),
    93         data => { (full report at: "/home/kasukabe/schedule_kokubunji/backend/.metals/.reports/metals-full/2025-11-14/r_compiler-error_(root)_21-57-38-861.md")[0m
Nov 14, 2025 9:57:44 PM scala.meta.internal.pc.CompilerAccess retryWithCleanCompiler
INFO: compiler crashed due to an error in the Scala compiler, retrying with new compiler instance.
2025.11.14 21:57:44 INFO  Created report: Optional[file:///home/kasukabe/schedule_kokubunji/backend/src/main/scala/controller/AuthController.scala][0m
2025.11.14 21:57:44 INFO  scala.reflect.internal.FatalError: 
  ThisType(value $anonfun) for sym which is not a class
     while compiling: file:///home/kasukabe/schedule_kokubunji/backend/src/main/scala/controller/AuthController.scala
        during phase: globalPhase=<no phase>, enteringPhase=parser
     library version: version 2.13.17
    compiler version: version 2.13.17
  reconstructed args: -deprecation -encoding utf8 -unchecked -Wconf:cat=unchecked:w -Wconf:cat=deprecation:ws -Wconf:cat=feature:ws -Wconf:cat=optimizer:ws -classpath /home/kasukabe/schedule_kokubunji/backend/.bloop/root/bloop-bsp-clients-classes/classes-Metals-sy6PNeiMQymS8LU3rOga8w==:/home/kasukabe/.cache/bloop/semanticdb/com.sourcegraph.semanticdb-javac.0.11.1/semanticdb-javac-0.11.1.jar:/home/kasukabe/.cache/coursier/v1/https/repo1.maven.org/maven2/org/scala-lang/scala-library/2.13.17/scala-library-2.13.17.jar:/home/kasukabe/.cache/coursier/v1/https/repo1.maven.org/maven2/org/playframework/twirl/twirl-api_2.13/2.0.9/twirl-api_2.13-2.0.9.jar:/home/kasukabe/.cache/coursier/v1/https/repo1.maven.org/maven2/org/playframework/play-server_2.13/3.0.9/play-server_2.13-3.0.9.jar:/home/kasukabe/.cache/coursier/v1/https/repo1.maven.org/maven2/org/playframework/play-logback_2.13/3.0.9/play-logback_2.13-3.0.9.jar:/home/kasukabe/.cache/coursier/v1/https/repo1.maven.org/maven2/org/playframework/play-pekko-http-server_2.13/3.0.9/play-pekko-http-server_2.13-3.0.9.jar:/home/kasukabe/.cache/coursier/v1/https/repo1.maven.org/maven2/org/playframework/play-filters-helpers_2.13/3.0.9/play-filters-helpers_2.13-3.0.9.jar:/home/kasukabe/.cache/coursier/v1/https/repo1.maven.org/maven2/org/playframework/play-guice_2.13/3.0.9/play-guice_2.13-3.0.9.jar:/home/kasukabe/.cache/coursier/v1/https/repo1.maven.org/maven2/org/playframework/play-ws_2.13/3.0.4/play-ws_2.13-3.0.4.jar:/home/kasukabe/.cache/coursier/v1/https/repo1.maven.org/maven2/org/postgresql/postgresql/42.7.3/postgresql-42.7.3.jar:/home/kasukabe/.cache/coursier/v1/https/repo1.maven.org/maven2/com/typesafe/play/play-slick_2.13/5.2.0/play-slick_2.13-5.2.0.jar:/home/kasukabe/.cache/coursier/v1/https/repo1.maven.org/maven2/com/typesafe/play/play-slick-evolutions_2.13/5.2.0/play-slick-evolutions_2.13-5.2.0.jar:/home/kasukabe/.cache/coursier/v1/https/repo1.maven.org/maven2/com/typesafe/slick/slick_2.13/3.4.1/slick_2.13-3.4.1.jar:/home/kasukabe/.cache/coursier/v1/https/repo1.maven.org/maven2/com/typesafe/slick/slick-hikaricp_2.13/3.4.1/slick-hikaricp_2.13-3.4.1.jar:/home/kasukabe/.cache/coursier/v1/https/repo1.maven.org/maven2/com/typesafe/play/play-json_2.13/2.10.2/play-json_2.13-2.10.2.jar:/home/kasukabe/.cache/coursier/v1/https/repo1.maven.org/maven2/org/mindrot/jbcrypt/0.4/jbcrypt-0.4.jar:/home/kasukabe/.cache/coursier/v1/https/repo1.maven.org/maven2/com/github/jwt-scala/jwt-play_2.13/10.0.1/jwt-play_2.13-10.0.1.jar:/home/kasukabe/.cache/coursier/v1/https/repo1.maven.org/maven2/org/scala-lang/modules/scala-xml_2.13/2.2.0/scala-xml_2.13-2.2.0.jar:/home/kasukabe/.cache/coursier/v1/https/repo1.maven.org/maven2/org/playframework/play_2.13/3.0.9/play_2.13-3.0.9.jar:/home/kasukabe/.cache/coursier/v1/https/repo1.maven.org/maven2/ch/qos/logback/logback-classic/1.5.18/logback-classic-1.5.18.jar:/home/kasukabe/.cache/coursier/v1/https/repo1.maven.org/maven2/org/playframework/play-streams_2.13/3.0.9/play-streams_2.13-3.0.9.jar:/home/kasukabe/.cache/coursier/v1/https/repo1.maven.org/maven2/org/apache/pekko/pekko-http-core_2.13/1.0.1/pekko-http-core_2.13-1.0.1.jar:/home/kasukabe/.cache/coursier/v1/https/repo1.maven.org/maven2/com/google/inject/guice/6.0.0/guice-6.0.0.jar:/home/kasukabe/.cache/coursier/v1/https/repo1.maven.org/maven2/com/google/inject/extensions/guice-assistedinject/6.0.0/guice-assistedinject-6.0.0.jar:/home/kasukabe/.cache/coursier/v1/https/repo1.maven.org/maven2/org/playframework/play-ws-standalone_2.13/3.0.3/play-ws-standalone_2.13-3.0.3.jar:/home/kasukabe/.cache/coursier/v1/https/repo1.maven.org/maven2/org/playframework/play-ws-standalone-xml_2.13/3.0.3/play-ws-standalone-xml_2.13-3.0.3.jar:/home/kasukabe/.cache/coursier/v1/https/repo1.maven.org/maven2/org/playframework/play-ws-standalone-json_2.13/3.0.3/play-ws-standalone-json_2.13-3.0.3.jar:/home/kasukabe/.cache/coursier/v1/https/repo1.maven.org/maven2/org/apache/pekko/pekko-stream_2.13/1.0.3/pekko-stream_2.13-1.0.3.jar:/home/kasukabe/.cache/coursier/v1/https/repo1.maven.org/maven2/org/checkerframework/checker-qual/3.42.0/checker-qual-3.42.0.jar:/home/kasukabe/.cache/coursier/v1/https/repo1.maven.org/maven2/com/typesafe/play/play_2.13/2.9.0/play_2.13-2.9.0.jar:/home/kasukabe/.cache/coursier/v1/https/repo1.maven.org/maven2/com/typesafe/play/play-jdbc-api_2.13/2.9.0/play-jdbc-api_2.13-2.9.0.jar:/home/kasukabe/.cache/coursier/v1/https/repo1.maven.org/maven2/com/typesafe/play/play-jdbc-evolutions_2.13/2.9.0/play-jdbc-evolutions_2.13-2.9.0.jar:/home/kasukabe/.cache/coursier/v1/https/repo1.maven.org/maven2/org/slf4j/slf4j-api/2.0.17/slf4j-api-2.0.17.jar:/home/kasukabe/.cache/coursier/v1/https/repo1.maven.org/maven2/com/typesafe/config/1.4.5/config-1.4.5.jar:/home/kasukabe/.cache/coursier/v1/https/repo1.maven.org/maven2/org/reactivestreams/reactive-streams/1.0.4/reactive-streams-1.0.4.jar:/home/kasukabe/.cache/coursier/v1/https/repo1.maven.org/maven2/org/scala-lang/modules/scala-collection-compat_2.13/2.8.1/scala-collection-compat_2.13-2.8.1.jar:/home/kasukabe/.cache/coursier/v1/https/repo1.maven.org/maven2/com/zaxxer/HikariCP/4.0.3/HikariCP-4.0.3.jar:/home/kasukabe/.cache/coursier/v1/https/repo1.maven.org/maven2/com/typesafe/play/play-functional_2.13/2.10.2/play-functional_2.13-2.10.2.jar:/home/kasukabe/.cache/coursier/v1/https/repo1.maven.org/maven2/org/scala-lang/scala-reflect/2.13.17/scala-reflect-2.13.17.jar:/home/kasukabe/.cache/coursier/v1/https/repo1.maven.org/maven2/com/fasterxml/jackson/core/jackson-core/2.14.3/jackson-core-2.14.3.jar:/home/kasukabe/.cache/coursier/v1/https/repo1.maven.org/maven2/com/fasterxml/jackson/core/jackson-annotations/2.14.3/jackson-annotations-2.14.3.jar:/home/kasukabe/.cache/coursier/v1/https/repo1.maven.org/maven2/com/fasterxml/jackson/datatype/jackson-datatype-jdk8/2.14.3/jackson-datatype-jdk8-2.14.3.jar:/home/kasukabe/.cache/coursier/v1/https/repo1.maven.org/maven2/com/fasterxml/jackson/datatype/jackson-datatype-jsr310/2.14.3/jackson-datatype-jsr310-2.14.3.jar:/home/kasukabe/.cache/coursier/v1/https/repo1.maven.org/maven2/com/fasterxml/jackson/core/jackson-databind/2.14.3/jackson-databind-2.14.3.jar:/home/kasukabe/.cache/coursier/v1/https/repo1.maven.org/maven2/com/github/jwt-scala/jwt-play-json_2.13/10.0.1/jwt-play-json_2.13-10.0.1.jar:/home/kasukabe/.cache/coursier/v1/https/repo1.maven.org/maven2/org/playframework/play-build-link/3.0.9/play-build-link-3.0.9.jar:/home/kasukabe/.cache/coursier/v1/https/repo1.maven.org/maven2/org/playframework/play-configuration_2.13/3.0.9/play-configuration_2.13-3.0.9.jar:/home/kasukabe/.cache/coursier/v1/https/repo1.maven.org/maven2/org/slf4j/jul-to-slf4j/2.0.17/jul-to-slf4j-2.0.17.jar:/home/kasukabe/.cache/coursier/v1/https/repo1.maven.org/maven2/org/slf4j/jcl-over-slf4j/2.0.17/jcl-over-slf4j-2.0.17.jar:/home/kasukabe/.cache/coursier/v1/https/repo1.maven.org/maven2/org/apache/pekko/pekko-actor_2.13/1.0.3/pekko-actor_2.13-1.0.3.jar:/home/kasukabe/.cache/coursier/v1/https/repo1.maven.org/maven2/org/apache/pekko/pekko-actor-typed_2.13/1.0.3/pekko-actor-typed_2.13-1.0.3.jar:/home/kasukabe/.cache/coursier/v1/https/repo1.maven.org/maven2/org/apache/pekko/pekko-slf4j_2.13/1.0.3/pekko-slf4j_2.13-1.0.3.jar:/home/kasukabe/.cache/coursier/v1/https/repo1.maven.org/maven2/org/apache/pekko/pekko-serialization-jackson_2.13/1.0.3/pekko-serialization-jackson_2.13-1.0.3.jar:/home/kasukabe/.cache/coursier/v1/https/repo1.maven.org/maven2/com/fasterxml/jackson/dataformat/jackson-dataformat-cbor/2.14.3/jackson-dataformat-cbor-2.14.3.jar:/home/kasukabe/.cache/coursier/v1/https/repo1.maven.org/maven2/com/fasterxml/jackson/module/jackson-module-parameter-names/2.14.3/jackson-module-parameter-names-2.14.3.jar:/home/kasukabe/.cache/coursier/v1/https/repo1.maven.org/maven2/com/fasterxml/jackson/module/jackson-module-scala_2.13/2.14.3/jackson-module-scala_2.13-2.14.3.jar:/home/kasukabe/.cache/coursier/v1/https/repo1.maven.org/maven2/io/jsonwebtoken/jjwt-api/0.11.5/jjwt-api-0.11.5.jar:/home/kasukabe/.cache/coursier/v1/https/repo1.maven.org/maven2/io/jsonwebtoken/jjwt-impl/0.11.5/jjwt-impl-0.11.5.jar:/home/kasukabe/.cache/coursier/v1/https/repo1.maven.org/maven2/io/jsonwebtoken/jjwt-jackson/0.11.5/jjwt-jackson-0.11.5.jar:/home/kasukabe/.cache/coursier/v1/https/repo1.maven.org/maven2/org/playframework/play-json_2.13/3.0.5/play-json_2.13-3.0.5.jar:/home/kasukabe/.cache/coursier/v1/https/repo1.maven.org/maven2/com/google/guava/guava/32.1.3-jre/guava-32.1.3-jre.jar:/home/kasukabe/.cache/coursier/v1/https/repo1.maven.org/maven2/javax/inject/javax.inject/1/javax.inject-1.jar:/home/kasukabe/.cache/coursier/v1/https/repo1.maven.org/maven2/com/typesafe/ssl-config-core_2.13/0.6.1/ssl-config-core_2.13-0.6.1.jar:/home/kasukabe/.cache/coursier/v1/https/repo1.maven.org/maven2/org/scala-lang/modules/scala-parser-combinators_2.13/1.1.2/scala-parser-combinators_2.13-1.1.2.jar:/home/kasukabe/.cache/coursier/v1/https/repo1.maven.org/maven2/ch/qos/logback/logback-core/1.5.18/logback-core-1.5.18.jar:/home/kasukabe/.cache/coursier/v1/https/repo1.maven.org/maven2/org/apache/pekko/pekko-parsing_2.13/1.0.1/pekko-parsing_2.13-1.0.1.jar:/home/kasukabe/.cache/coursier/v1/https/repo1.maven.org/maven2/org/parboiled/parboiled_2.13/2.5.0/parboiled_2.13-2.5.0.jar:/home/kasukabe/.cache/coursier/v1/https/repo1.maven.org/maven2/jakarta/inject/jakarta.inject-api/2.0.1/jakarta.inject-api-2.0.1.jar:/home/kasukabe/.cache/coursier/v1/https/repo1.maven.org/maven2/aopalliance/aopalliance/1.0/aopalliance-1.0.jar:/home/kasukabe/.cache/coursier/v1/https/repo1.maven.org/maven2/com/google/errorprone/error_prone_annotations/2.21.1/error_prone_annotations-2.21.1.jar:/home/kasukabe/.cache/coursier/v1/https/repo1.maven.org/maven2/org/apache/pekko/pekko-protobuf-v3_2.13/1.0.3/pekko-protobuf-v3_2.13-1.0.3.jar:/home/kasukabe/.cache/coursier/v1/https/repo1.maven.org/maven2/com/typesafe/play/play-build-link/2.9.0/play-build-link-2.9.0.jar:/home/kasukabe/.cache/coursier/v1/https/repo1.maven.org/maven2/com/typesafe/play/play-streams_2.13/2.9.0/play-streams_2.13-2.9.0.jar:/home/kasukabe/.cache/coursier/v1/https/repo1.maven.org/maven2/com/typesafe/play/play-configuration_2.13/2.9.0/play-configuration_2.13-2.9.0.jar:/home/kasukabe/.cache/coursier/v1/https/repo1.maven.org/maven2/com/typesafe/play/twirl-api_2.13/1.6.2/twirl-api_2.13-1.6.2.jar:/home/kasukabe/.cache/coursier/v1/https/repo1.maven.org/maven2/com/typesafe/akka/akka-actor_2.13/2.6.21/akka-actor_2.13-2.6.21.jar:/home/kasukabe/.cache/coursier/v1/https/repo1.maven.org/maven2/com/typesafe/akka/akka-actor-typed_2.13/2.6.21/akka-actor-typed_2.13-2.6.21.jar:/home/kasukabe/.cache/coursier/v1/https/repo1.maven.org/maven2/com/typesafe/akka/akka-slf4j_2.13/2.6.21/akka-slf4j_2.13-2.6.21.jar:/home/kasukabe/.cache/coursier/v1/https/repo1.maven.org/maven2/com/typesafe/akka/akka-serialization-jackson_2.13/2.6.21/akka-serialization-jackson_2.13-2.6.21.jar:/home/kasukabe/.cache/coursier/v1/https/repo1.maven.org/maven2/com/github/jwt-scala/jwt-json-common_2.13/10.0.1/jwt-json-common_2.13-10.0.1.jar:/home/kasukabe/.cache/coursier/v1/https/repo1.maven.org/maven2/org/playframework/play-exceptions/3.0.9/play-exceptions-3.0.9.jar:/home/kasukabe/.cache/coursier/v1/https/repo1.maven.org/maven2/org/lz4/lz4-java/1.8.0/lz4-java-1.8.0.jar:/home/kasukabe/.cache/coursier/v1/https/repo1.maven.org/maven2/com/thoughtworks/paranamer/paranamer/2.8/paranamer-2.8.jar:/home/kasukabe/.cache/coursier/v1/https/repo1.maven.org/maven2/org/playframework/play-functional_2.13/3.0.5/play-functional_2.13-3.0.5.jar:/home/kasukabe/.cache/coursier/v1/https/repo1.maven.org/maven2/com/google/guava/failureaccess/1.0.1/failureaccess-1.0.1.jar:/home/kasukabe/.cache/coursier/v1/https/repo1.maven.org/maven2/com/google/guava/listenablefuture/9999.0-empty-to-avoid-conflict-with-guava/listenablefuture-9999.0-empty-to-avoid-conflict-with-guava.jar:/home/kasukabe/.cache/coursier/v1/https/repo1.maven.org/maven2/com/google/code/findbugs/jsr305/3.0.2/jsr305-3.0.2.jar:/home/kasukabe/.cache/coursier/v1/https/repo1.maven.org/maven2/com/google/j2objc/j2objc-annotations/2.8/j2objc-annotations-2.8.jar:/home/kasukabe/.cache/coursier/v1/https/repo1.maven.org/maven2/com/typesafe/play/play-exceptions/2.9.0/play-exceptions-2.9.0.jar:/home/kasukabe/.cache/coursier/v1/https/repo1.maven.org/maven2/com/typesafe/akka/akka-stream_2.13/2.6.21/akka-stream_2.13-2.6.21.jar:/home/kasukabe/.cache/coursier/v1/https/repo1.maven.org/maven2/org/scala-lang/modules/scala-java8-compat_2.13/1.0.0/scala-java8-compat_2.13-1.0.0.jar:/home/kasukabe/.cache/coursier/v1/https/repo1.maven.org/maven2/com/github/jwt-scala/jwt-core_2.13/10.0.1/jwt-core_2.13-10.0.1.jar:/home/kasukabe/.cache/coursier/v1/https/repo1.maven.org/maven2/com/typesafe/akka/akka-protobuf-v3_2.13/2.6.21/akka-protobuf-v3_2.13-2.6.21.jar -Xplugin-require:semanticdb -Yrangepos -Ymacro-expand:discard -Ycache-plugin-class-loader:last-modified -Ypresentation-any-thread

  last tree to typer: TypeTree(trait Action)
       tree position: line 90 of file:///home/kasukabe/schedule_kokubunji/backend/src/main/scala/controller/AuthController.scala
            tree tpe: play.api.mvc.Action[play.api.libs.json.JsValue]
              symbol: abstract trait Action in package mvc
   symbol definition: abstract trait Action[A <: <?>] extends EssentialAction (a ClassSymbol)
      symbol package: play.api.mvc
       symbol owners: trait Action
           call site: <none> in <none>

== Source file context for tree position ==

    87      * @return 
    88      * @note 一度
    89      */
    90     def signInGoogle = Action.async(parse.json) { request =>
    91         request.body.validate[GoogleAuthRequest].fold(
    92         _ => Future.successful(BadRequest("Invalid request")),
    93         data => { (full report at: "/home/kasukabe/schedule_kokubunji/backend/.metals/.reports/metals-full/2025-11-14/r_compiler-error_(root)_21-57-44-410.md")[0m
Nov 14, 2025 9:58:17 PM scala.meta.internal.pc.CompilerAccess retryWithCleanCompiler
INFO: compiler crashed due to an error in the Scala compiler, retrying with new compiler instance.
2025.11.14 21:58:17 INFO  Created report: Optional[file:///home/kasukabe/schedule_kokubunji/backend/src/main/scala/controller/AuthController.scala][0m
2025.11.14 21:58:17 INFO  scala.reflect.internal.FatalError: 
  ThisType(value $anonfun) for sym which is not a class
     while compiling: file:///home/kasukabe/schedule_kokubunji/backend/src/main/scala/controller/AuthController.scala
        during phase: globalPhase=<no phase>, enteringPhase=parser
     library version: version 2.13.17
    compiler version: version 2.13.17
  reconstructed args: -deprecation -encoding utf8 -unchecked -Wconf:cat=unchecked:w -Wconf:cat=deprecation:ws -Wconf:cat=feature:ws -Wconf:cat=optimizer:ws -classpath /home/kasukabe/schedule_kokubunji/backend/.bloop/root/bloop-bsp-clients-classes/classes-Metals-sy6PNeiMQymS8LU3rOga8w==:/home/kasukabe/.cache/bloop/semanticdb/com.sourcegraph.semanticdb-javac.0.11.1/semanticdb-javac-0.11.1.jar:/home/kasukabe/.cache/coursier/v1/https/repo1.maven.org/maven2/org/scala-lang/scala-library/2.13.17/scala-library-2.13.17.jar:/home/kasukabe/.cache/coursier/v1/https/repo1.maven.org/maven2/org/playframework/twirl/twirl-api_2.13/2.0.9/twirl-api_2.13-2.0.9.jar:/home/kasukabe/.cache/coursier/v1/https/repo1.maven.org/maven2/org/playframework/play-server_2.13/3.0.9/play-server_2.13-3.0.9.jar:/home/kasukabe/.cache/coursier/v1/https/repo1.maven.org/maven2/org/playframework/play-logback_2.13/3.0.9/play-logback_2.13-3.0.9.jar:/home/kasukabe/.cache/coursier/v1/https/repo1.maven.org/maven2/org/playframework/play-pekko-http-server_2.13/3.0.9/play-pekko-http-server_2.13-3.0.9.jar:/home/kasukabe/.cache/coursier/v1/https/repo1.maven.org/maven2/org/playframework/play-filters-helpers_2.13/3.0.9/play-filters-helpers_2.13-3.0.9.jar:/home/kasukabe/.cache/coursier/v1/https/repo1.maven.org/maven2/org/playframework/play-guice_2.13/3.0.9/play-guice_2.13-3.0.9.jar:/home/kasukabe/.cache/coursier/v1/https/repo1.maven.org/maven2/org/playframework/play-ws_2.13/3.0.4/play-ws_2.13-3.0.4.jar:/home/kasukabe/.cache/coursier/v1/https/repo1.maven.org/maven2/org/postgresql/postgresql/42.7.3/postgresql-42.7.3.jar:/home/kasukabe/.cache/coursier/v1/https/repo1.maven.org/maven2/com/typesafe/play/play-slick_2.13/5.2.0/play-slick_2.13-5.2.0.jar:/home/kasukabe/.cache/coursier/v1/https/repo1.maven.org/maven2/com/typesafe/play/play-slick-evolutions_2.13/5.2.0/play-slick-evolutions_2.13-5.2.0.jar:/home/kasukabe/.cache/coursier/v1/https/repo1.maven.org/maven2/com/typesafe/slick/slick_2.13/3.4.1/slick_2.13-3.4.1.jar:/home/kasukabe/.cache/coursier/v1/https/repo1.maven.org/maven2/com/typesafe/slick/slick-hikaricp_2.13/3.4.1/slick-hikaricp_2.13-3.4.1.jar:/home/kasukabe/.cache/coursier/v1/https/repo1.maven.org/maven2/com/typesafe/play/play-json_2.13/2.10.2/play-json_2.13-2.10.2.jar:/home/kasukabe/.cache/coursier/v1/https/repo1.maven.org/maven2/org/mindrot/jbcrypt/0.4/jbcrypt-0.4.jar:/home/kasukabe/.cache/coursier/v1/https/repo1.maven.org/maven2/com/github/jwt-scala/jwt-play_2.13/10.0.1/jwt-play_2.13-10.0.1.jar:/home/kasukabe/.cache/coursier/v1/https/repo1.maven.org/maven2/org/scala-lang/modules/scala-xml_2.13/2.2.0/scala-xml_2.13-2.2.0.jar:/home/kasukabe/.cache/coursier/v1/https/repo1.maven.org/maven2/org/playframework/play_2.13/3.0.9/play_2.13-3.0.9.jar:/home/kasukabe/.cache/coursier/v1/https/repo1.maven.org/maven2/ch/qos/logback/logback-classic/1.5.18/logback-classic-1.5.18.jar:/home/kasukabe/.cache/coursier/v1/https/repo1.maven.org/maven2/org/playframework/play-streams_2.13/3.0.9/play-streams_2.13-3.0.9.jar:/home/kasukabe/.cache/coursier/v1/https/repo1.maven.org/maven2/org/apache/pekko/pekko-http-core_2.13/1.0.1/pekko-http-core_2.13-1.0.1.jar:/home/kasukabe/.cache/coursier/v1/https/repo1.maven.org/maven2/com/google/inject/guice/6.0.0/guice-6.0.0.jar:/home/kasukabe/.cache/coursier/v1/https/repo1.maven.org/maven2/com/google/inject/extensions/guice-assistedinject/6.0.0/guice-assistedinject-6.0.0.jar:/home/kasukabe/.cache/coursier/v1/https/repo1.maven.org/maven2/org/playframework/play-ws-standalone_2.13/3.0.3/play-ws-standalone_2.13-3.0.3.jar:/home/kasukabe/.cache/coursier/v1/https/repo1.maven.org/maven2/org/playframework/play-ws-standalone-xml_2.13/3.0.3/play-ws-standalone-xml_2.13-3.0.3.jar:/home/kasukabe/.cache/coursier/v1/https/repo1.maven.org/maven2/org/playframework/play-ws-standalone-json_2.13/3.0.3/play-ws-standalone-json_2.13-3.0.3.jar:/home/kasukabe/.cache/coursier/v1/https/repo1.maven.org/maven2/org/apache/pekko/pekko-stream_2.13/1.0.3/pekko-stream_2.13-1.0.3.jar:/home/kasukabe/.cache/coursier/v1/https/repo1.maven.org/maven2/org/checkerframework/checker-qual/3.42.0/checker-qual-3.42.0.jar:/home/kasukabe/.cache/coursier/v1/https/repo1.maven.org/maven2/com/typesafe/play/play_2.13/2.9.0/play_2.13-2.9.0.jar:/home/kasukabe/.cache/coursier/v1/https/repo1.maven.org/maven2/com/typesafe/play/play-jdbc-api_2.13/2.9.0/play-jdbc-api_2.13-2.9.0.jar:/home/kasukabe/.cache/coursier/v1/https/repo1.maven.org/maven2/com/typesafe/play/play-jdbc-evolutions_2.13/2.9.0/play-jdbc-evolutions_2.13-2.9.0.jar:/home/kasukabe/.cache/coursier/v1/https/repo1.maven.org/maven2/org/slf4j/slf4j-api/2.0.17/slf4j-api-2.0.17.jar:/home/kasukabe/.cache/coursier/v1/https/repo1.maven.org/maven2/com/typesafe/config/1.4.5/config-1.4.5.jar:/home/kasukabe/.cache/coursier/v1/https/repo1.maven.org/maven2/org/reactivestreams/reactive-streams/1.0.4/reactive-streams-1.0.4.jar:/home/kasukabe/.cache/coursier/v1/https/repo1.maven.org/maven2/org/scala-lang/modules/scala-collection-compat_2.13/2.8.1/scala-collection-compat_2.13-2.8.1.jar:/home/kasukabe/.cache/coursier/v1/https/repo1.maven.org/maven2/com/zaxxer/HikariCP/4.0.3/HikariCP-4.0.3.jar:/home/kasukabe/.cache/coursier/v1/https/repo1.maven.org/maven2/com/typesafe/play/play-functional_2.13/2.10.2/play-functional_2.13-2.10.2.jar:/home/kasukabe/.cache/coursier/v1/https/repo1.maven.org/maven2/org/scala-lang/scala-reflect/2.13.17/scala-reflect-2.13.17.jar:/home/kasukabe/.cache/coursier/v1/https/repo1.maven.org/maven2/com/fasterxml/jackson/core/jackson-core/2.14.3/jackson-core-2.14.3.jar:/home/kasukabe/.cache/coursier/v1/https/repo1.maven.org/maven2/com/fasterxml/jackson/core/jackson-annotations/2.14.3/jackson-annotations-2.14.3.jar:/home/kasukabe/.cache/coursier/v1/https/repo1.maven.org/maven2/com/fasterxml/jackson/datatype/jackson-datatype-jdk8/2.14.3/jackson-datatype-jdk8-2.14.3.jar:/home/kasukabe/.cache/coursier/v1/https/repo1.maven.org/maven2/com/fasterxml/jackson/datatype/jackson-datatype-jsr310/2.14.3/jackson-datatype-jsr310-2.14.3.jar:/home/kasukabe/.cache/coursier/v1/https/repo1.maven.org/maven2/com/fasterxml/jackson/core/jackson-databind/2.14.3/jackson-databind-2.14.3.jar:/home/kasukabe/.cache/coursier/v1/https/repo1.maven.org/maven2/com/github/jwt-scala/jwt-play-json_2.13/10.0.1/jwt-play-json_2.13-10.0.1.jar:/home/kasukabe/.cache/coursier/v1/https/repo1.maven.org/maven2/org/playframework/play-build-link/3.0.9/play-build-link-3.0.9.jar:/home/kasukabe/.cache/coursier/v1/https/repo1.maven.org/maven2/org/playframework/play-configuration_2.13/3.0.9/play-configuration_2.13-3.0.9.jar:/home/kasukabe/.cache/coursier/v1/https/repo1.maven.org/maven2/org/slf4j/jul-to-slf4j/2.0.17/jul-to-slf4j-2.0.17.jar:/home/kasukabe/.cache/coursier/v1/https/repo1.maven.org/maven2/org/slf4j/jcl-over-slf4j/2.0.17/jcl-over-slf4j-2.0.17.jar:/home/kasukabe/.cache/coursier/v1/https/repo1.maven.org/maven2/org/apache/pekko/pekko-actor_2.13/1.0.3/pekko-actor_2.13-1.0.3.jar:/home/kasukabe/.cache/coursier/v1/https/repo1.maven.org/maven2/org/apache/pekko/pekko-actor-typed_2.13/1.0.3/pekko-actor-typed_2.13-1.0.3.jar:/home/kasukabe/.cache/coursier/v1/https/repo1.maven.org/maven2/org/apache/pekko/pekko-slf4j_2.13/1.0.3/pekko-slf4j_2.13-1.0.3.jar:/home/kasukabe/.cache/coursier/v1/https/repo1.maven.org/maven2/org/apache/pekko/pekko-serialization-jackson_2.13/1.0.3/pekko-serialization-jackson_2.13-1.0.3.jar:/home/kasukabe/.cache/coursier/v1/https/repo1.maven.org/maven2/com/fasterxml/jackson/dataformat/jackson-dataformat-cbor/2.14.3/jackson-dataformat-cbor-2.14.3.jar:/home/kasukabe/.cache/coursier/v1/https/repo1.maven.org/maven2/com/fasterxml/jackson/module/jackson-module-parameter-names/2.14.3/jackson-module-parameter-names-2.14.3.jar:/home/kasukabe/.cache/coursier/v1/https/repo1.maven.org/maven2/com/fasterxml/jackson/module/jackson-module-scala_2.13/2.14.3/jackson-module-scala_2.13-2.14.3.jar:/home/kasukabe/.cache/coursier/v1/https/repo1.maven.org/maven2/io/jsonwebtoken/jjwt-api/0.11.5/jjwt-api-0.11.5.jar:/home/kasukabe/.cache/coursier/v1/https/repo1.maven.org/maven2/io/jsonwebtoken/jjwt-impl/0.11.5/jjwt-impl-0.11.5.jar:/home/kasukabe/.cache/coursier/v1/https/repo1.maven.org/maven2/io/jsonwebtoken/jjwt-jackson/0.11.5/jjwt-jackson-0.11.5.jar:/home/kasukabe/.cache/coursier/v1/https/repo1.maven.org/maven2/org/playframework/play-json_2.13/3.0.5/play-json_2.13-3.0.5.jar:/home/kasukabe/.cache/coursier/v1/https/repo1.maven.org/maven2/com/google/guava/guava/32.1.3-jre/guava-32.1.3-jre.jar:/home/kasukabe/.cache/coursier/v1/https/repo1.maven.org/maven2/javax/inject/javax.inject/1/javax.inject-1.jar:/home/kasukabe/.cache/coursier/v1/https/repo1.maven.org/maven2/com/typesafe/ssl-config-core_2.13/0.6.1/ssl-config-core_2.13-0.6.1.jar:/home/kasukabe/.cache/coursier/v1/https/repo1.maven.org/maven2/org/scala-lang/modules/scala-parser-combinators_2.13/1.1.2/scala-parser-combinators_2.13-1.1.2.jar:/home/kasukabe/.cache/coursier/v1/https/repo1.maven.org/maven2/ch/qos/logback/logback-core/1.5.18/logback-core-1.5.18.jar:/home/kasukabe/.cache/coursier/v1/https/repo1.maven.org/maven2/org/apache/pekko/pekko-parsing_2.13/1.0.1/pekko-parsing_2.13-1.0.1.jar:/home/kasukabe/.cache/coursier/v1/https/repo1.maven.org/maven2/org/parboiled/parboiled_2.13/2.5.0/parboiled_2.13-2.5.0.jar:/home/kasukabe/.cache/coursier/v1/https/repo1.maven.org/maven2/jakarta/inject/jakarta.inject-api/2.0.1/jakarta.inject-api-2.0.1.jar:/home/kasukabe/.cache/coursier/v1/https/repo1.maven.org/maven2/aopalliance/aopalliance/1.0/aopalliance-1.0.jar:/home/kasukabe/.cache/coursier/v1/https/repo1.maven.org/maven2/com/google/errorprone/error_prone_annotations/2.21.1/error_prone_annotations-2.21.1.jar:/home/kasukabe/.cache/coursier/v1/https/repo1.maven.org/maven2/org/apache/pekko/pekko-protobuf-v3_2.13/1.0.3/pekko-protobuf-v3_2.13-1.0.3.jar:/home/kasukabe/.cache/coursier/v1/https/repo1.maven.org/maven2/com/typesafe/play/play-build-link/2.9.0/play-build-link-2.9.0.jar:/home/kasukabe/.cache/coursier/v1/https/repo1.maven.org/maven2/com/typesafe/play/play-streams_2.13/2.9.0/play-streams_2.13-2.9.0.jar:/home/kasukabe/.cache/coursier/v1/https/repo1.maven.org/maven2/com/typesafe/play/play-configuration_2.13/2.9.0/play-configuration_2.13-2.9.0.jar:/home/kasukabe/.cache/coursier/v1/https/repo1.maven.org/maven2/com/typesafe/play/twirl-api_2.13/1.6.2/twirl-api_2.13-1.6.2.jar:/home/kasukabe/.cache/coursier/v1/https/repo1.maven.org/maven2/com/typesafe/akka/akka-actor_2.13/2.6.21/akka-actor_2.13-2.6.21.jar:/home/kasukabe/.cache/coursier/v1/https/repo1.maven.org/maven2/com/typesafe/akka/akka-actor-typed_2.13/2.6.21/akka-actor-typed_2.13-2.6.21.jar:/home/kasukabe/.cache/coursier/v1/https/repo1.maven.org/maven2/com/typesafe/akka/akka-slf4j_2.13/2.6.21/akka-slf4j_2.13-2.6.21.jar:/home/kasukabe/.cache/coursier/v1/https/repo1.maven.org/maven2/com/typesafe/akka/akka-serialization-jackson_2.13/2.6.21/akka-serialization-jackson_2.13-2.6.21.jar:/home/kasukabe/.cache/coursier/v1/https/repo1.maven.org/maven2/com/github/jwt-scala/jwt-json-common_2.13/10.0.1/jwt-json-common_2.13-10.0.1.jar:/home/kasukabe/.cache/coursier/v1/https/repo1.maven.org/maven2/org/playframework/play-exceptions/3.0.9/play-exceptions-3.0.9.jar:/home/kasukabe/.cache/coursier/v1/https/repo1.maven.org/maven2/org/lz4/lz4-java/1.8.0/lz4-java-1.8.0.jar:/home/kasukabe/.cache/coursier/v1/https/repo1.maven.org/maven2/com/thoughtworks/paranamer/paranamer/2.8/paranamer-2.8.jar:/home/kasukabe/.cache/coursier/v1/https/repo1.maven.org/maven2/org/playframework/play-functional_2.13/3.0.5/play-functional_2.13-3.0.5.jar:/home/kasukabe/.cache/coursier/v1/https/repo1.maven.org/maven2/com/google/guava/failureaccess/1.0.1/failureaccess-1.0.1.jar:/home/kasukabe/.cache/coursier/v1/https/repo1.maven.org/maven2/com/google/guava/listenablefuture/9999.0-empty-to-avoid-conflict-with-guava/listenablefuture-9999.0-empty-to-avoid-conflict-with-guava.jar:/home/kasukabe/.cache/coursier/v1/https/repo1.maven.org/maven2/com/google/code/findbugs/jsr305/3.0.2/jsr305-3.0.2.jar:/home/kasukabe/.cache/coursier/v1/https/repo1.maven.org/maven2/com/google/j2objc/j2objc-annotations/2.8/j2objc-annotations-2.8.jar:/home/kasukabe/.cache/coursier/v1/https/repo1.maven.org/maven2/com/typesafe/play/play-exceptions/2.9.0/play-exceptions-2.9.0.jar:/home/kasukabe/.cache/coursier/v1/https/repo1.maven.org/maven2/com/typesafe/akka/akka-stream_2.13/2.6.21/akka-stream_2.13-2.6.21.jar:/home/kasukabe/.cache/coursier/v1/https/repo1.maven.org/maven2/org/scala-lang/modules/scala-java8-compat_2.13/1.0.0/scala-java8-compat_2.13-1.0.0.jar:/home/kasukabe/.cache/coursier/v1/https/repo1.maven.org/maven2/com/github/jwt-scala/jwt-core_2.13/10.0.1/jwt-core_2.13-10.0.1.jar:/home/kasukabe/.cache/coursier/v1/https/repo1.maven.org/maven2/com/typesafe/akka/akka-protobuf-v3_2.13/2.6.21/akka-protobuf-v3_2.13-2.6.21.jar -Xplugin-require:semanticdb -Yrangepos -Ymacro-expand:discard -Ycache-plugin-class-loader:last-modified -Ypresentation-any-thread

  last tree to typer: TypeTree(trait Action)
       tree position: line 90 of file:///home/kasukabe/schedule_kokubunji/backend/src/main/scala/controller/AuthController.scala
            tree tpe: play.api.mvc.Action[play.api.libs.json.JsValue]
              symbol: abstract trait Action in package mvc
   symbol definition: abstract trait Action[A <: <?>] extends EssentialAction (a ClassSymbol)
      symbol package: play.api.mvc
       symbol owners: trait Action
           call site: <none> in <none>

== Source file context for tree position ==

    87      * @return 
    88      * @note 一度
    89      */
    90     def signInGoogle = Action.async(parse.json) { request =>
    91         request.body.validate[GoogleAuthRequest].fold(
    92         _ => Future.successful(BadRequest("Invalid request")),
    93         data => { (full report at: "/home/kasukabe/schedule_kokubunji/backend/.metals/.reports/metals-full/2025-11-14/r_compiler-error_(root)_21-58-17-881.md")[0m
Nov 14, 2025 9:58:18 PM scala.meta.internal.pc.CompilerAccess retryWithCleanCompiler
INFO: compiler crashed due to an error in the Scala compiler, retrying with new compiler instance.
2025.11.14 21:58:46 INFO  compiling root (16 scala sources and 1 java source)[0m
2025.11.14 21:58:46 INFO  time: compiled root in 0.54s[0m
Nov 14, 2025 9:58:51 PM scala.meta.internal.pc.CompilerAccess retryWithCleanCompiler
INFO: compiler crashed due to an error in the Scala compiler, retrying with new compiler instance.
2025.11.14 21:58:51 INFO  Created report: Optional[file:///home/kasukabe/schedule_kokubunji/backend/src/main/scala/controller/AuthController.scala][0m
2025.11.14 21:58:51 INFO  scala.reflect.internal.FatalError: 
  ThisType(value $anonfun) for sym which is not a class
     while compiling: file:///home/kasukabe/schedule_kokubunji/backend/src/main/scala/controller/AuthController.scala
        during phase: globalPhase=<no phase>, enteringPhase=parser
     library version: version 2.13.17
    compiler version: version 2.13.17
  reconstructed args: -deprecation -encoding utf8 -unchecked -Wconf:cat=unchecked:w -Wconf:cat=deprecation:ws -Wconf:cat=feature:ws -Wconf:cat=optimizer:ws -classpath /home/kasukabe/schedule_kokubunji/backend/.bloop/root/bloop-bsp-clients-classes/classes-Metals-sy6PNeiMQymS8LU3rOga8w==:/home/kasukabe/.cache/bloop/semanticdb/com.sourcegraph.semanticdb-javac.0.11.1/semanticdb-javac-0.11.1.jar:/home/kasukabe/.cache/coursier/v1/https/repo1.maven.org/maven2/org/scala-lang/scala-library/2.13.17/scala-library-2.13.17.jar:/home/kasukabe/.cache/coursier/v1/https/repo1.maven.org/maven2/org/playframework/twirl/twirl-api_2.13/2.0.9/twirl-api_2.13-2.0.9.jar:/home/kasukabe/.cache/coursier/v1/https/repo1.maven.org/maven2/org/playframework/play-server_2.13/3.0.9/play-server_2.13-3.0.9.jar:/home/kasukabe/.cache/coursier/v1/https/repo1.maven.org/maven2/org/playframework/play-logback_2.13/3.0.9/play-logback_2.13-3.0.9.jar:/home/kasukabe/.cache/coursier/v1/https/repo1.maven.org/maven2/org/playframework/play-pekko-http-server_2.13/3.0.9/play-pekko-http-server_2.13-3.0.9.jar:/home/kasukabe/.cache/coursier/v1/https/repo1.maven.org/maven2/org/playframework/play-filters-helpers_2.13/3.0.9/play-filters-helpers_2.13-3.0.9.jar:/home/kasukabe/.cache/coursier/v1/https/repo1.maven.org/maven2/org/playframework/play-guice_2.13/3.0.9/play-guice_2.13-3.0.9.jar:/home/kasukabe/.cache/coursier/v1/https/repo1.maven.org/maven2/org/playframework/play-ws_2.13/3.0.4/play-ws_2.13-3.0.4.jar:/home/kasukabe/.cache/coursier/v1/https/repo1.maven.org/maven2/org/postgresql/postgresql/42.7.3/postgresql-42.7.3.jar:/home/kasukabe/.cache/coursier/v1/https/repo1.maven.org/maven2/com/typesafe/play/play-slick_2.13/5.2.0/play-slick_2.13-5.2.0.jar:/home/kasukabe/.cache/coursier/v1/https/repo1.maven.org/maven2/com/typesafe/play/play-slick-evolutions_2.13/5.2.0/play-slick-evolutions_2.13-5.2.0.jar:/home/kasukabe/.cache/coursier/v1/https/repo1.maven.org/maven2/com/typesafe/slick/slick_2.13/3.4.1/slick_2.13-3.4.1.jar:/home/kasukabe/.cache/coursier/v1/https/repo1.maven.org/maven2/com/typesafe/slick/slick-hikaricp_2.13/3.4.1/slick-hikaricp_2.13-3.4.1.jar:/home/kasukabe/.cache/coursier/v1/https/repo1.maven.org/maven2/com/typesafe/play/play-json_2.13/2.10.2/play-json_2.13-2.10.2.jar:/home/kasukabe/.cache/coursier/v1/https/repo1.maven.org/maven2/org/mindrot/jbcrypt/0.4/jbcrypt-0.4.jar:/home/kasukabe/.cache/coursier/v1/https/repo1.maven.org/maven2/com/github/jwt-scala/jwt-play_2.13/10.0.1/jwt-play_2.13-10.0.1.jar:/home/kasukabe/.cache/coursier/v1/https/repo1.maven.org/maven2/org/scala-lang/modules/scala-xml_2.13/2.2.0/scala-xml_2.13-2.2.0.jar:/home/kasukabe/.cache/coursier/v1/https/repo1.maven.org/maven2/org/playframework/play_2.13/3.0.9/play_2.13-3.0.9.jar:/home/kasukabe/.cache/coursier/v1/https/repo1.maven.org/maven2/ch/qos/logback/logback-classic/1.5.18/logback-classic-1.5.18.jar:/home/kasukabe/.cache/coursier/v1/https/repo1.maven.org/maven2/org/playframework/play-streams_2.13/3.0.9/play-streams_2.13-3.0.9.jar:/home/kasukabe/.cache/coursier/v1/https/repo1.maven.org/maven2/org/apache/pekko/pekko-http-core_2.13/1.0.1/pekko-http-core_2.13-1.0.1.jar:/home/kasukabe/.cache/coursier/v1/https/repo1.maven.org/maven2/com/google/inject/guice/6.0.0/guice-6.0.0.jar:/home/kasukabe/.cache/coursier/v1/https/repo1.maven.org/maven2/com/google/inject/extensions/guice-assistedinject/6.0.0/guice-assistedinject-6.0.0.jar:/home/kasukabe/.cache/coursier/v1/https/repo1.maven.org/maven2/org/playframework/play-ws-standalone_2.13/3.0.3/play-ws-standalone_2.13-3.0.3.jar:/home/kasukabe/.cache/coursier/v1/https/repo1.maven.org/maven2/org/playframework/play-ws-standalone-xml_2.13/3.0.3/play-ws-standalone-xml_2.13-3.0.3.jar:/home/kasukabe/.cache/coursier/v1/https/repo1.maven.org/maven2/org/playframework/play-ws-standalone-json_2.13/3.0.3/play-ws-standalone-json_2.13-3.0.3.jar:/home/kasukabe/.cache/coursier/v1/https/repo1.maven.org/maven2/org/apache/pekko/pekko-stream_2.13/1.0.3/pekko-stream_2.13-1.0.3.jar:/home/kasukabe/.cache/coursier/v1/https/repo1.maven.org/maven2/org/checkerframework/checker-qual/3.42.0/checker-qual-3.42.0.jar:/home/kasukabe/.cache/coursier/v1/https/repo1.maven.org/maven2/com/typesafe/play/play_2.13/2.9.0/play_2.13-2.9.0.jar:/home/kasukabe/.cache/coursier/v1/https/repo1.maven.org/maven2/com/typesafe/play/play-jdbc-api_2.13/2.9.0/play-jdbc-api_2.13-2.9.0.jar:/home/kasukabe/.cache/coursier/v1/https/repo1.maven.org/maven2/com/typesafe/play/play-jdbc-evolutions_2.13/2.9.0/play-jdbc-evolutions_2.13-2.9.0.jar:/home/kasukabe/.cache/coursier/v1/https/repo1.maven.org/maven2/org/slf4j/slf4j-api/2.0.17/slf4j-api-2.0.17.jar:/home/kasukabe/.cache/coursier/v1/https/repo1.maven.org/maven2/com/typesafe/config/1.4.5/config-1.4.5.jar:/home/kasukabe/.cache/coursier/v1/https/repo1.maven.org/maven2/org/reactivestreams/reactive-streams/1.0.4/reactive-streams-1.0.4.jar:/home/kasukabe/.cache/coursier/v1/https/repo1.maven.org/maven2/org/scala-lang/modules/scala-collection-compat_2.13/2.8.1/scala-collection-compat_2.13-2.8.1.jar:/home/kasukabe/.cache/coursier/v1/https/repo1.maven.org/maven2/com/zaxxer/HikariCP/4.0.3/HikariCP-4.0.3.jar:/home/kasukabe/.cache/coursier/v1/https/repo1.maven.org/maven2/com/typesafe/play/play-functional_2.13/2.10.2/play-functional_2.13-2.10.2.jar:/home/kasukabe/.cache/coursier/v1/https/repo1.maven.org/maven2/org/scala-lang/scala-reflect/2.13.17/scala-reflect-2.13.17.jar:/home/kasukabe/.cache/coursier/v1/https/repo1.maven.org/maven2/com/fasterxml/jackson/core/jackson-core/2.14.3/jackson-core-2.14.3.jar:/home/kasukabe/.cache/coursier/v1/https/repo1.maven.org/maven2/com/fasterxml/jackson/core/jackson-annotations/2.14.3/jackson-annotations-2.14.3.jar:/home/kasukabe/.cache/coursier/v1/https/repo1.maven.org/maven2/com/fasterxml/jackson/datatype/jackson-datatype-jdk8/2.14.3/jackson-datatype-jdk8-2.14.3.jar:/home/kasukabe/.cache/coursier/v1/https/repo1.maven.org/maven2/com/fasterxml/jackson/datatype/jackson-datatype-jsr310/2.14.3/jackson-datatype-jsr310-2.14.3.jar:/home/kasukabe/.cache/coursier/v1/https/repo1.maven.org/maven2/com/fasterxml/jackson/core/jackson-databind/2.14.3/jackson-databind-2.14.3.jar:/home/kasukabe/.cache/coursier/v1/https/repo1.maven.org/maven2/com/github/jwt-scala/jwt-play-json_2.13/10.0.1/jwt-play-json_2.13-10.0.1.jar:/home/kasukabe/.cache/coursier/v1/https/repo1.maven.org/maven2/org/playframework/play-build-link/3.0.9/play-build-link-3.0.9.jar:/home/kasukabe/.cache/coursier/v1/https/repo1.maven.org/maven2/org/playframework/play-configuration_2.13/3.0.9/play-configuration_2.13-3.0.9.jar:/home/kasukabe/.cache/coursier/v1/https/repo1.maven.org/maven2/org/slf4j/jul-to-slf4j/2.0.17/jul-to-slf4j-2.0.17.jar:/home/kasukabe/.cache/coursier/v1/https/repo1.maven.org/maven2/org/slf4j/jcl-over-slf4j/2.0.17/jcl-over-slf4j-2.0.17.jar:/home/kasukabe/.cache/coursier/v1/https/repo1.maven.org/maven2/org/apache/pekko/pekko-actor_2.13/1.0.3/pekko-actor_2.13-1.0.3.jar:/home/kasukabe/.cache/coursier/v1/https/repo1.maven.org/maven2/org/apache/pekko/pekko-actor-typed_2.13/1.0.3/pekko-actor-typed_2.13-1.0.3.jar:/home/kasukabe/.cache/coursier/v1/https/repo1.maven.org/maven2/org/apache/pekko/pekko-slf4j_2.13/1.0.3/pekko-slf4j_2.13-1.0.3.jar:/home/kasukabe/.cache/coursier/v1/https/repo1.maven.org/maven2/org/apache/pekko/pekko-serialization-jackson_2.13/1.0.3/pekko-serialization-jackson_2.13-1.0.3.jar:/home/kasukabe/.cache/coursier/v1/https/repo1.maven.org/maven2/com/fasterxml/jackson/dataformat/jackson-dataformat-cbor/2.14.3/jackson-dataformat-cbor-2.14.3.jar:/home/kasukabe/.cache/coursier/v1/https/repo1.maven.org/maven2/com/fasterxml/jackson/module/jackson-module-parameter-names/2.14.3/jackson-module-parameter-names-2.14.3.jar:/home/kasukabe/.cache/coursier/v1/https/repo1.maven.org/maven2/com/fasterxml/jackson/module/jackson-module-scala_2.13/2.14.3/jackson-module-scala_2.13-2.14.3.jar:/home/kasukabe/.cache/coursier/v1/https/repo1.maven.org/maven2/io/jsonwebtoken/jjwt-api/0.11.5/jjwt-api-0.11.5.jar:/home/kasukabe/.cache/coursier/v1/https/repo1.maven.org/maven2/io/jsonwebtoken/jjwt-impl/0.11.5/jjwt-impl-0.11.5.jar:/home/kasukabe/.cache/coursier/v1/https/repo1.maven.org/maven2/io/jsonwebtoken/jjwt-jackson/0.11.5/jjwt-jackson-0.11.5.jar:/home/kasukabe/.cache/coursier/v1/https/repo1.maven.org/maven2/org/playframework/play-json_2.13/3.0.5/play-json_2.13-3.0.5.jar:/home/kasukabe/.cache/coursier/v1/https/repo1.maven.org/maven2/com/google/guava/guava/32.1.3-jre/guava-32.1.3-jre.jar:/home/kasukabe/.cache/coursier/v1/https/repo1.maven.org/maven2/javax/inject/javax.inject/1/javax.inject-1.jar:/home/kasukabe/.cache/coursier/v1/https/repo1.maven.org/maven2/com/typesafe/ssl-config-core_2.13/0.6.1/ssl-config-core_2.13-0.6.1.jar:/home/kasukabe/.cache/coursier/v1/https/repo1.maven.org/maven2/org/scala-lang/modules/scala-parser-combinators_2.13/1.1.2/scala-parser-combinators_2.13-1.1.2.jar:/home/kasukabe/.cache/coursier/v1/https/repo1.maven.org/maven2/ch/qos/logback/logback-core/1.5.18/logback-core-1.5.18.jar:/home/kasukabe/.cache/coursier/v1/https/repo1.maven.org/maven2/org/apache/pekko/pekko-parsing_2.13/1.0.1/pekko-parsing_2.13-1.0.1.jar:/home/kasukabe/.cache/coursier/v1/https/repo1.maven.org/maven2/org/parboiled/parboiled_2.13/2.5.0/parboiled_2.13-2.5.0.jar:/home/kasukabe/.cache/coursier/v1/https/repo1.maven.org/maven2/jakarta/inject/jakarta.inject-api/2.0.1/jakarta.inject-api-2.0.1.jar:/home/kasukabe/.cache/coursier/v1/https/repo1.maven.org/maven2/aopalliance/aopalliance/1.0/aopalliance-1.0.jar:/home/kasukabe/.cache/coursier/v1/https/repo1.maven.org/maven2/com/google/errorprone/error_prone_annotations/2.21.1/error_prone_annotations-2.21.1.jar:/home/kasukabe/.cache/coursier/v1/https/repo1.maven.org/maven2/org/apache/pekko/pekko-protobuf-v3_2.13/1.0.3/pekko-protobuf-v3_2.13-1.0.3.jar:/home/kasukabe/.cache/coursier/v1/https/repo1.maven.org/maven2/com/typesafe/play/play-build-link/2.9.0/play-build-link-2.9.0.jar:/home/kasukabe/.cache/coursier/v1/https/repo1.maven.org/maven2/com/typesafe/play/play-streams_2.13/2.9.0/play-streams_2.13-2.9.0.jar:/home/kasukabe/.cache/coursier/v1/https/repo1.maven.org/maven2/com/typesafe/play/play-configuration_2.13/2.9.0/play-configuration_2.13-2.9.0.jar:/home/kasukabe/.cache/coursier/v1/https/repo1.maven.org/maven2/com/typesafe/play/twirl-api_2.13/1.6.2/twirl-api_2.13-1.6.2.jar:/home/kasukabe/.cache/coursier/v1/https/repo1.maven.org/maven2/com/typesafe/akka/akka-actor_2.13/2.6.21/akka-actor_2.13-2.6.21.jar:/home/kasukabe/.cache/coursier/v1/https/repo1.maven.org/maven2/com/typesafe/akka/akka-actor-typed_2.13/2.6.21/akka-actor-typed_2.13-2.6.21.jar:/home/kasukabe/.cache/coursier/v1/https/repo1.maven.org/maven2/com/typesafe/akka/akka-slf4j_2.13/2.6.21/akka-slf4j_2.13-2.6.21.jar:/home/kasukabe/.cache/coursier/v1/https/repo1.maven.org/maven2/com/typesafe/akka/akka-serialization-jackson_2.13/2.6.21/akka-serialization-jackson_2.13-2.6.21.jar:/home/kasukabe/.cache/coursier/v1/https/repo1.maven.org/maven2/com/github/jwt-scala/jwt-json-common_2.13/10.0.1/jwt-json-common_2.13-10.0.1.jar:/home/kasukabe/.cache/coursier/v1/https/repo1.maven.org/maven2/org/playframework/play-exceptions/3.0.9/play-exceptions-3.0.9.jar:/home/kasukabe/.cache/coursier/v1/https/repo1.maven.org/maven2/org/lz4/lz4-java/1.8.0/lz4-java-1.8.0.jar:/home/kasukabe/.cache/coursier/v1/https/repo1.maven.org/maven2/com/thoughtworks/paranamer/paranamer/2.8/paranamer-2.8.jar:/home/kasukabe/.cache/coursier/v1/https/repo1.maven.org/maven2/org/playframework/play-functional_2.13/3.0.5/play-functional_2.13-3.0.5.jar:/home/kasukabe/.cache/coursier/v1/https/repo1.maven.org/maven2/com/google/guava/failureaccess/1.0.1/failureaccess-1.0.1.jar:/home/kasukabe/.cache/coursier/v1/https/repo1.maven.org/maven2/com/google/guava/listenablefuture/9999.0-empty-to-avoid-conflict-with-guava/listenablefuture-9999.0-empty-to-avoid-conflict-with-guava.jar:/home/kasukabe/.cache/coursier/v1/https/repo1.maven.org/maven2/com/google/code/findbugs/jsr305/3.0.2/jsr305-3.0.2.jar:/home/kasukabe/.cache/coursier/v1/https/repo1.maven.org/maven2/com/google/j2objc/j2objc-annotations/2.8/j2objc-annotations-2.8.jar:/home/kasukabe/.cache/coursier/v1/https/repo1.maven.org/maven2/com/typesafe/play/play-exceptions/2.9.0/play-exceptions-2.9.0.jar:/home/kasukabe/.cache/coursier/v1/https/repo1.maven.org/maven2/com/typesafe/akka/akka-stream_2.13/2.6.21/akka-stream_2.13-2.6.21.jar:/home/kasukabe/.cache/coursier/v1/https/repo1.maven.org/maven2/org/scala-lang/modules/scala-java8-compat_2.13/1.0.0/scala-java8-compat_2.13-1.0.0.jar:/home/kasukabe/.cache/coursier/v1/https/repo1.maven.org/maven2/com/github/jwt-scala/jwt-core_2.13/10.0.1/jwt-core_2.13-10.0.1.jar:/home/kasukabe/.cache/coursier/v1/https/repo1.maven.org/maven2/com/typesafe/akka/akka-protobuf-v3_2.13/2.6.21/akka-protobuf-v3_2.13-2.6.21.jar -Xplugin-require:semanticdb -Yrangepos -Ymacro-expand:discard -Ycache-plugin-class-loader:last-modified -Ypresentation-any-thread

  last tree to typer: TypeTree(trait Action)
       tree position: line 90 of file:///home/kasukabe/schedule_kokubunji/backend/src/main/scala/controller/AuthController.scala
            tree tpe: play.api.mvc.Action[play.api.libs.json.JsValue]
              symbol: abstract trait Action in package mvc
   symbol definition: abstract trait Action[A <: <?>] extends EssentialAction (a ClassSymbol)
      symbol package: play.api.mvc
       symbol owners: trait Action
           call site: <none> in <none>

== Source file context for tree position ==

    87      * @return 
    88      * @note 一度
    89      */
    90     def signInGoogle = Action.async(parse.json) { request =>
    91         request.body.validate[GoogleAuthRequest].fold(
    92         _ => Future.successful(BadRequest("Invalid request")),
    93         data => { (full report at: "/home/kasukabe/schedule_kokubunji/backend/.metals/.reports/metals-full/2025-11-14/r_compiler-error_(root)_21-58-51-851.md")[0m
Nov 14, 2025 9:59:19 PM scala.meta.internal.pc.CompilerAccess retryWithCleanCompiler
INFO: compiler crashed due to an error in the Scala compiler, retrying with new compiler instance.
2025.11.14 21:59:19 INFO  Created report: Optional[file:///home/kasukabe/schedule_kokubunji/backend/src/main/scala/controller/AuthController.scala][0m
2025.11.14 21:59:19 INFO  scala.reflect.internal.FatalError: 
  ThisType(value $anonfun) for sym which is not a class
     while compiling: file:///home/kasukabe/schedule_kokubunji/backend/src/main/scala/controller/AuthController.scala
        during phase: globalPhase=<no phase>, enteringPhase=parser
     library version: version 2.13.17
    compiler version: version 2.13.17
  reconstructed args: -deprecation -encoding utf8 -unchecked -Wconf:cat=unchecked:w -Wconf:cat=deprecation:ws -Wconf:cat=feature:ws -Wconf:cat=optimizer:ws -classpath /home/kasukabe/schedule_kokubunji/backend/.bloop/root/bloop-bsp-clients-classes/classes-Metals-sy6PNeiMQymS8LU3rOga8w==:/home/kasukabe/.cache/bloop/semanticdb/com.sourcegraph.semanticdb-javac.0.11.1/semanticdb-javac-0.11.1.jar:/home/kasukabe/.cache/coursier/v1/https/repo1.maven.org/maven2/org/scala-lang/scala-library/2.13.17/scala-library-2.13.17.jar:/home/kasukabe/.cache/coursier/v1/https/repo1.maven.org/maven2/org/playframework/twirl/twirl-api_2.13/2.0.9/twirl-api_2.13-2.0.9.jar:/home/kasukabe/.cache/coursier/v1/https/repo1.maven.org/maven2/org/playframework/play-server_2.13/3.0.9/play-server_2.13-3.0.9.jar:/home/kasukabe/.cache/coursier/v1/https/repo1.maven.org/maven2/org/playframework/play-logback_2.13/3.0.9/play-logback_2.13-3.0.9.jar:/home/kasukabe/.cache/coursier/v1/https/repo1.maven.org/maven2/org/playframework/play-pekko-http-server_2.13/3.0.9/play-pekko-http-server_2.13-3.0.9.jar:/home/kasukabe/.cache/coursier/v1/https/repo1.maven.org/maven2/org/playframework/play-filters-helpers_2.13/3.0.9/play-filters-helpers_2.13-3.0.9.jar:/home/kasukabe/.cache/coursier/v1/https/repo1.maven.org/maven2/org/playframework/play-guice_2.13/3.0.9/play-guice_2.13-3.0.9.jar:/home/kasukabe/.cache/coursier/v1/https/repo1.maven.org/maven2/org/playframework/play-ws_2.13/3.0.4/play-ws_2.13-3.0.4.jar:/home/kasukabe/.cache/coursier/v1/https/repo1.maven.org/maven2/org/postgresql/postgresql/42.7.3/postgresql-42.7.3.jar:/home/kasukabe/.cache/coursier/v1/https/repo1.maven.org/maven2/com/typesafe/play/play-slick_2.13/5.2.0/play-slick_2.13-5.2.0.jar:/home/kasukabe/.cache/coursier/v1/https/repo1.maven.org/maven2/com/typesafe/play/play-slick-evolutions_2.13/5.2.0/play-slick-evolutions_2.13-5.2.0.jar:/home/kasukabe/.cache/coursier/v1/https/repo1.maven.org/maven2/com/typesafe/slick/slick_2.13/3.4.1/slick_2.13-3.4.1.jar:/home/kasukabe/.cache/coursier/v1/https/repo1.maven.org/maven2/com/typesafe/slick/slick-hikaricp_2.13/3.4.1/slick-hikaricp_2.13-3.4.1.jar:/home/kasukabe/.cache/coursier/v1/https/repo1.maven.org/maven2/com/typesafe/play/play-json_2.13/2.10.2/play-json_2.13-2.10.2.jar:/home/kasukabe/.cache/coursier/v1/https/repo1.maven.org/maven2/org/mindrot/jbcrypt/0.4/jbcrypt-0.4.jar:/home/kasukabe/.cache/coursier/v1/https/repo1.maven.org/maven2/com/github/jwt-scala/jwt-play_2.13/10.0.1/jwt-play_2.13-10.0.1.jar:/home/kasukabe/.cache/coursier/v1/https/repo1.maven.org/maven2/org/scala-lang/modules/scala-xml_2.13/2.2.0/scala-xml_2.13-2.2.0.jar:/home/kasukabe/.cache/coursier/v1/https/repo1.maven.org/maven2/org/playframework/play_2.13/3.0.9/play_2.13-3.0.9.jar:/home/kasukabe/.cache/coursier/v1/https/repo1.maven.org/maven2/ch/qos/logback/logback-classic/1.5.18/logback-classic-1.5.18.jar:/home/kasukabe/.cache/coursier/v1/https/repo1.maven.org/maven2/org/playframework/play-streams_2.13/3.0.9/play-streams_2.13-3.0.9.jar:/home/kasukabe/.cache/coursier/v1/https/repo1.maven.org/maven2/org/apache/pekko/pekko-http-core_2.13/1.0.1/pekko-http-core_2.13-1.0.1.jar:/home/kasukabe/.cache/coursier/v1/https/repo1.maven.org/maven2/com/google/inject/guice/6.0.0/guice-6.0.0.jar:/home/kasukabe/.cache/coursier/v1/https/repo1.maven.org/maven2/com/google/inject/extensions/guice-assistedinject/6.0.0/guice-assistedinject-6.0.0.jar:/home/kasukabe/.cache/coursier/v1/https/repo1.maven.org/maven2/org/playframework/play-ws-standalone_2.13/3.0.3/play-ws-standalone_2.13-3.0.3.jar:/home/kasukabe/.cache/coursier/v1/https/repo1.maven.org/maven2/org/playframework/play-ws-standalone-xml_2.13/3.0.3/play-ws-standalone-xml_2.13-3.0.3.jar:/home/kasukabe/.cache/coursier/v1/https/repo1.maven.org/maven2/org/playframework/play-ws-standalone-json_2.13/3.0.3/play-ws-standalone-json_2.13-3.0.3.jar:/home/kasukabe/.cache/coursier/v1/https/repo1.maven.org/maven2/org/apache/pekko/pekko-stream_2.13/1.0.3/pekko-stream_2.13-1.0.3.jar:/home/kasukabe/.cache/coursier/v1/https/repo1.maven.org/maven2/org/checkerframework/checker-qual/3.42.0/checker-qual-3.42.0.jar:/home/kasukabe/.cache/coursier/v1/https/repo1.maven.org/maven2/com/typesafe/play/play_2.13/2.9.0/play_2.13-2.9.0.jar:/home/kasukabe/.cache/coursier/v1/https/repo1.maven.org/maven2/com/typesafe/play/play-jdbc-api_2.13/2.9.0/play-jdbc-api_2.13-2.9.0.jar:/home/kasukabe/.cache/coursier/v1/https/repo1.maven.org/maven2/com/typesafe/play/play-jdbc-evolutions_2.13/2.9.0/play-jdbc-evolutions_2.13-2.9.0.jar:/home/kasukabe/.cache/coursier/v1/https/repo1.maven.org/maven2/org/slf4j/slf4j-api/2.0.17/slf4j-api-2.0.17.jar:/home/kasukabe/.cache/coursier/v1/https/repo1.maven.org/maven2/com/typesafe/config/1.4.5/config-1.4.5.jar:/home/kasukabe/.cache/coursier/v1/https/repo1.maven.org/maven2/org/reactivestreams/reactive-streams/1.0.4/reactive-streams-1.0.4.jar:/home/kasukabe/.cache/coursier/v1/https/repo1.maven.org/maven2/org/scala-lang/modules/scala-collection-compat_2.13/2.8.1/scala-collection-compat_2.13-2.8.1.jar:/home/kasukabe/.cache/coursier/v1/https/repo1.maven.org/maven2/com/zaxxer/HikariCP/4.0.3/HikariCP-4.0.3.jar:/home/kasukabe/.cache/coursier/v1/https/repo1.maven.org/maven2/com/typesafe/play/play-functional_2.13/2.10.2/play-functional_2.13-2.10.2.jar:/home/kasukabe/.cache/coursier/v1/https/repo1.maven.org/maven2/org/scala-lang/scala-reflect/2.13.17/scala-reflect-2.13.17.jar:/home/kasukabe/.cache/coursier/v1/https/repo1.maven.org/maven2/com/fasterxml/jackson/core/jackson-core/2.14.3/jackson-core-2.14.3.jar:/home/kasukabe/.cache/coursier/v1/https/repo1.maven.org/maven2/com/fasterxml/jackson/core/jackson-annotations/2.14.3/jackson-annotations-2.14.3.jar:/home/kasukabe/.cache/coursier/v1/https/repo1.maven.org/maven2/com/fasterxml/jackson/datatype/jackson-datatype-jdk8/2.14.3/jackson-datatype-jdk8-2.14.3.jar:/home/kasukabe/.cache/coursier/v1/https/repo1.maven.org/maven2/com/fasterxml/jackson/datatype/jackson-datatype-jsr310/2.14.3/jackson-datatype-jsr310-2.14.3.jar:/home/kasukabe/.cache/coursier/v1/https/repo1.maven.org/maven2/com/fasterxml/jackson/core/jackson-databind/2.14.3/jackson-databind-2.14.3.jar:/home/kasukabe/.cache/coursier/v1/https/repo1.maven.org/maven2/com/github/jwt-scala/jwt-play-json_2.13/10.0.1/jwt-play-json_2.13-10.0.1.jar:/home/kasukabe/.cache/coursier/v1/https/repo1.maven.org/maven2/org/playframework/play-build-link/3.0.9/play-build-link-3.0.9.jar:/home/kasukabe/.cache/coursier/v1/https/repo1.maven.org/maven2/org/playframework/play-configuration_2.13/3.0.9/play-configuration_2.13-3.0.9.jar:/home/kasukabe/.cache/coursier/v1/https/repo1.maven.org/maven2/org/slf4j/jul-to-slf4j/2.0.17/jul-to-slf4j-2.0.17.jar:/home/kasukabe/.cache/coursier/v1/https/repo1.maven.org/maven2/org/slf4j/jcl-over-slf4j/2.0.17/jcl-over-slf4j-2.0.17.jar:/home/kasukabe/.cache/coursier/v1/https/repo1.maven.org/maven2/org/apache/pekko/pekko-actor_2.13/1.0.3/pekko-actor_2.13-1.0.3.jar:/home/kasukabe/.cache/coursier/v1/https/repo1.maven.org/maven2/org/apache/pekko/pekko-actor-typed_2.13/1.0.3/pekko-actor-typed_2.13-1.0.3.jar:/home/kasukabe/.cache/coursier/v1/https/repo1.maven.org/maven2/org/apache/pekko/pekko-slf4j_2.13/1.0.3/pekko-slf4j_2.13-1.0.3.jar:/home/kasukabe/.cache/coursier/v1/https/repo1.maven.org/maven2/org/apache/pekko/pekko-serialization-jackson_2.13/1.0.3/pekko-serialization-jackson_2.13-1.0.3.jar:/home/kasukabe/.cache/coursier/v1/https/repo1.maven.org/maven2/com/fasterxml/jackson/dataformat/jackson-dataformat-cbor/2.14.3/jackson-dataformat-cbor-2.14.3.jar:/home/kasukabe/.cache/coursier/v1/https/repo1.maven.org/maven2/com/fasterxml/jackson/module/jackson-module-parameter-names/2.14.3/jackson-module-parameter-names-2.14.3.jar:/home/kasukabe/.cache/coursier/v1/https/repo1.maven.org/maven2/com/fasterxml/jackson/module/jackson-module-scala_2.13/2.14.3/jackson-module-scala_2.13-2.14.3.jar:/home/kasukabe/.cache/coursier/v1/https/repo1.maven.org/maven2/io/jsonwebtoken/jjwt-api/0.11.5/jjwt-api-0.11.5.jar:/home/kasukabe/.cache/coursier/v1/https/repo1.maven.org/maven2/io/jsonwebtoken/jjwt-impl/0.11.5/jjwt-impl-0.11.5.jar:/home/kasukabe/.cache/coursier/v1/https/repo1.maven.org/maven2/io/jsonwebtoken/jjwt-jackson/0.11.5/jjwt-jackson-0.11.5.jar:/home/kasukabe/.cache/coursier/v1/https/repo1.maven.org/maven2/org/playframework/play-json_2.13/3.0.5/play-json_2.13-3.0.5.jar:/home/kasukabe/.cache/coursier/v1/https/repo1.maven.org/maven2/com/google/guava/guava/32.1.3-jre/guava-32.1.3-jre.jar:/home/kasukabe/.cache/coursier/v1/https/repo1.maven.org/maven2/javax/inject/javax.inject/1/javax.inject-1.jar:/home/kasukabe/.cache/coursier/v1/https/repo1.maven.org/maven2/com/typesafe/ssl-config-core_2.13/0.6.1/ssl-config-core_2.13-0.6.1.jar:/home/kasukabe/.cache/coursier/v1/https/repo1.maven.org/maven2/org/scala-lang/modules/scala-parser-combinators_2.13/1.1.2/scala-parser-combinators_2.13-1.1.2.jar:/home/kasukabe/.cache/coursier/v1/https/repo1.maven.org/maven2/ch/qos/logback/logback-core/1.5.18/logback-core-1.5.18.jar:/home/kasukabe/.cache/coursier/v1/https/repo1.maven.org/maven2/org/apache/pekko/pekko-parsing_2.13/1.0.1/pekko-parsing_2.13-1.0.1.jar:/home/kasukabe/.cache/coursier/v1/https/repo1.maven.org/maven2/org/parboiled/parboiled_2.13/2.5.0/parboiled_2.13-2.5.0.jar:/home/kasukabe/.cache/coursier/v1/https/repo1.maven.org/maven2/jakarta/inject/jakarta.inject-api/2.0.1/jakarta.inject-api-2.0.1.jar:/home/kasukabe/.cache/coursier/v1/https/repo1.maven.org/maven2/aopalliance/aopalliance/1.0/aopalliance-1.0.jar:/home/kasukabe/.cache/coursier/v1/https/repo1.maven.org/maven2/com/google/errorprone/error_prone_annotations/2.21.1/error_prone_annotations-2.21.1.jar:/home/kasukabe/.cache/coursier/v1/https/repo1.maven.org/maven2/org/apache/pekko/pekko-protobuf-v3_2.13/1.0.3/pekko-protobuf-v3_2.13-1.0.3.jar:/home/kasukabe/.cache/coursier/v1/https/repo1.maven.org/maven2/com/typesafe/play/play-build-link/2.9.0/play-build-link-2.9.0.jar:/home/kasukabe/.cache/coursier/v1/https/repo1.maven.org/maven2/com/typesafe/play/play-streams_2.13/2.9.0/play-streams_2.13-2.9.0.jar:/home/kasukabe/.cache/coursier/v1/https/repo1.maven.org/maven2/com/typesafe/play/play-configuration_2.13/2.9.0/play-configuration_2.13-2.9.0.jar:/home/kasukabe/.cache/coursier/v1/https/repo1.maven.org/maven2/com/typesafe/play/twirl-api_2.13/1.6.2/twirl-api_2.13-1.6.2.jar:/home/kasukabe/.cache/coursier/v1/https/repo1.maven.org/maven2/com/typesafe/akka/akka-actor_2.13/2.6.21/akka-actor_2.13-2.6.21.jar:/home/kasukabe/.cache/coursier/v1/https/repo1.maven.org/maven2/com/typesafe/akka/akka-actor-typed_2.13/2.6.21/akka-actor-typed_2.13-2.6.21.jar:/home/kasukabe/.cache/coursier/v1/https/repo1.maven.org/maven2/com/typesafe/akka/akka-slf4j_2.13/2.6.21/akka-slf4j_2.13-2.6.21.jar:/home/kasukabe/.cache/coursier/v1/https/repo1.maven.org/maven2/com/typesafe/akka/akka-serialization-jackson_2.13/2.6.21/akka-serialization-jackson_2.13-2.6.21.jar:/home/kasukabe/.cache/coursier/v1/https/repo1.maven.org/maven2/com/github/jwt-scala/jwt-json-common_2.13/10.0.1/jwt-json-common_2.13-10.0.1.jar:/home/kasukabe/.cache/coursier/v1/https/repo1.maven.org/maven2/org/playframework/play-exceptions/3.0.9/play-exceptions-3.0.9.jar:/home/kasukabe/.cache/coursier/v1/https/repo1.maven.org/maven2/org/lz4/lz4-java/1.8.0/lz4-java-1.8.0.jar:/home/kasukabe/.cache/coursier/v1/https/repo1.maven.org/maven2/com/thoughtworks/paranamer/paranamer/2.8/paranamer-2.8.jar:/home/kasukabe/.cache/coursier/v1/https/repo1.maven.org/maven2/org/playframework/play-functional_2.13/3.0.5/play-functional_2.13-3.0.5.jar:/home/kasukabe/.cache/coursier/v1/https/repo1.maven.org/maven2/com/google/guava/failureaccess/1.0.1/failureaccess-1.0.1.jar:/home/kasukabe/.cache/coursier/v1/https/repo1.maven.org/maven2/com/google/guava/listenablefuture/9999.0-empty-to-avoid-conflict-with-guava/listenablefuture-9999.0-empty-to-avoid-conflict-with-guava.jar:/home/kasukabe/.cache/coursier/v1/https/repo1.maven.org/maven2/com/google/code/findbugs/jsr305/3.0.2/jsr305-3.0.2.jar:/home/kasukabe/.cache/coursier/v1/https/repo1.maven.org/maven2/com/google/j2objc/j2objc-annotations/2.8/j2objc-annotations-2.8.jar:/home/kasukabe/.cache/coursier/v1/https/repo1.maven.org/maven2/com/typesafe/play/play-exceptions/2.9.0/play-exceptions-2.9.0.jar:/home/kasukabe/.cache/coursier/v1/https/repo1.maven.org/maven2/com/typesafe/akka/akka-stream_2.13/2.6.21/akka-stream_2.13-2.6.21.jar:/home/kasukabe/.cache/coursier/v1/https/repo1.maven.org/maven2/org/scala-lang/modules/scala-java8-compat_2.13/1.0.0/scala-java8-compat_2.13-1.0.0.jar:/home/kasukabe/.cache/coursier/v1/https/repo1.maven.org/maven2/com/github/jwt-scala/jwt-core_2.13/10.0.1/jwt-core_2.13-10.0.1.jar:/home/kasukabe/.cache/coursier/v1/https/repo1.maven.org/maven2/com/typesafe/akka/akka-protobuf-v3_2.13/2.6.21/akka-protobuf-v3_2.13-2.6.21.jar -Xplugin-require:semanticdb -Yrangepos -Ymacro-expand:discard -Ycache-plugin-class-loader:last-modified -Ypresentation-any-thread

  last tree to typer: TypeTree(trait Action)
       tree position: line 90 of file:///home/kasukabe/schedule_kokubunji/backend/src/main/scala/controller/AuthController.scala
            tree tpe: play.api.mvc.Action[play.api.libs.json.JsValue]
              symbol: abstract trait Action in package mvc
   symbol definition: abstract trait Action[A <: <?>] extends EssentialAction (a ClassSymbol)
      symbol package: play.api.mvc
       symbol owners: trait Action
           call site: <none> in <none>

== Source file context for tree position ==

    87      * @return 
    88      * @note 一度
    89      */
    90     def signInGoogle = Action.async(parse.json) { request =>
    91         request.body.validate[GoogleAuthRequest].fold(
    92         _ => Future.successful(BadRequest("Invalid request")),
    93         data => { (full report at: "/home/kasukabe/schedule_kokubunji/backend/.metals/.reports/metals-full/2025-11-14/r_compiler-error_(root)_21-59-19-598.md")[0m
2025.11.14 21:59:46 INFO  compiling root (16 scala sources and 1 java source)[0m
2025.11.14 21:59:46 INFO  time: compiled root in 0.52s[0m
2025.11.14 22:00:09 INFO  Created report: Optional[file:///home/kasukabe/schedule_kokubunji/backend/src/main/scala/controller/AuthController.scala][0m
2025.11.14 22:00:09 INFO  empty definition using pc, found symbol in pc:  (full report at: "/home/kasukabe/schedule_kokubunji/backend/.metals/.reports/metals-full/2025-11-14/r_empty-definition_(root)_22-00-09-591.md")[0m
Nov 14, 2025 10:01:29 PM scala.meta.internal.pc.CompilerAccess retryWithCleanCompiler
INFO: compiler crashed due to an error in the Scala compiler, retrying with new compiler instance.
2025.11.14 22:01:29 INFO  Created report: Optional[file:///home/kasukabe/schedule_kokubunji/backend/src/main/scala/controller/AuthController.scala][0m
2025.11.14 22:01:29 INFO  scala.reflect.internal.FatalError: 
  ThisType(value $anonfun) for sym which is not a class
     while compiling: file:///home/kasukabe/schedule_kokubunji/backend/src/main/scala/controller/AuthController.scala
        during phase: globalPhase=<no phase>, enteringPhase=parser
     library version: version 2.13.17
    compiler version: version 2.13.17
  reconstructed args: -deprecation -encoding utf8 -unchecked -Wconf:cat=unchecked:w -Wconf:cat=deprecation:ws -Wconf:cat=feature:ws -Wconf:cat=optimizer:ws -classpath /home/kasukabe/schedule_kokubunji/backend/.bloop/root/bloop-bsp-clients-classes/classes-Metals-sy6PNeiMQymS8LU3rOga8w==:/home/kasukabe/.cache/bloop/semanticdb/com.sourcegraph.semanticdb-javac.0.11.1/semanticdb-javac-0.11.1.jar:/home/kasukabe/.cache/coursier/v1/https/repo1.maven.org/maven2/org/scala-lang/scala-library/2.13.17/scala-library-2.13.17.jar:/home/kasukabe/.cache/coursier/v1/https/repo1.maven.org/maven2/org/playframework/twirl/twirl-api_2.13/2.0.9/twirl-api_2.13-2.0.9.jar:/home/kasukabe/.cache/coursier/v1/https/repo1.maven.org/maven2/org/playframework/play-server_2.13/3.0.9/play-server_2.13-3.0.9.jar:/home/kasukabe/.cache/coursier/v1/https/repo1.maven.org/maven2/org/playframework/play-logback_2.13/3.0.9/play-logback_2.13-3.0.9.jar:/home/kasukabe/.cache/coursier/v1/https/repo1.maven.org/maven2/org/playframework/play-pekko-http-server_2.13/3.0.9/play-pekko-http-server_2.13-3.0.9.jar:/home/kasukabe/.cache/coursier/v1/https/repo1.maven.org/maven2/org/playframework/play-filters-helpers_2.13/3.0.9/play-filters-helpers_2.13-3.0.9.jar:/home/kasukabe/.cache/coursier/v1/https/repo1.maven.org/maven2/org/playframework/play-guice_2.13/3.0.9/play-guice_2.13-3.0.9.jar:/home/kasukabe/.cache/coursier/v1/https/repo1.maven.org/maven2/org/playframework/play-ws_2.13/3.0.4/play-ws_2.13-3.0.4.jar:/home/kasukabe/.cache/coursier/v1/https/repo1.maven.org/maven2/org/postgresql/postgresql/42.7.3/postgresql-42.7.3.jar:/home/kasukabe/.cache/coursier/v1/https/repo1.maven.org/maven2/com/typesafe/play/play-slick_2.13/5.2.0/play-slick_2.13-5.2.0.jar:/home/kasukabe/.cache/coursier/v1/https/repo1.maven.org/maven2/com/typesafe/play/play-slick-evolutions_2.13/5.2.0/play-slick-evolutions_2.13-5.2.0.jar:/home/kasukabe/.cache/coursier/v1/https/repo1.maven.org/maven2/com/typesafe/slick/slick_2.13/3.4.1/slick_2.13-3.4.1.jar:/home/kasukabe/.cache/coursier/v1/https/repo1.maven.org/maven2/com/typesafe/slick/slick-hikaricp_2.13/3.4.1/slick-hikaricp_2.13-3.4.1.jar:/home/kasukabe/.cache/coursier/v1/https/repo1.maven.org/maven2/com/typesafe/play/play-json_2.13/2.10.2/play-json_2.13-2.10.2.jar:/home/kasukabe/.cache/coursier/v1/https/repo1.maven.org/maven2/org/mindrot/jbcrypt/0.4/jbcrypt-0.4.jar:/home/kasukabe/.cache/coursier/v1/https/repo1.maven.org/maven2/com/github/jwt-scala/jwt-play_2.13/10.0.1/jwt-play_2.13-10.0.1.jar:/home/kasukabe/.cache/coursier/v1/https/repo1.maven.org/maven2/org/scala-lang/modules/scala-xml_2.13/2.2.0/scala-xml_2.13-2.2.0.jar:/home/kasukabe/.cache/coursier/v1/https/repo1.maven.org/maven2/org/playframework/play_2.13/3.0.9/play_2.13-3.0.9.jar:/home/kasukabe/.cache/coursier/v1/https/repo1.maven.org/maven2/ch/qos/logback/logback-classic/1.5.18/logback-classic-1.5.18.jar:/home/kasukabe/.cache/coursier/v1/https/repo1.maven.org/maven2/org/playframework/play-streams_2.13/3.0.9/play-streams_2.13-3.0.9.jar:/home/kasukabe/.cache/coursier/v1/https/repo1.maven.org/maven2/org/apache/pekko/pekko-http-core_2.13/1.0.1/pekko-http-core_2.13-1.0.1.jar:/home/kasukabe/.cache/coursier/v1/https/repo1.maven.org/maven2/com/google/inject/guice/6.0.0/guice-6.0.0.jar:/home/kasukabe/.cache/coursier/v1/https/repo1.maven.org/maven2/com/google/inject/extensions/guice-assistedinject/6.0.0/guice-assistedinject-6.0.0.jar:/home/kasukabe/.cache/coursier/v1/https/repo1.maven.org/maven2/org/playframework/play-ws-standalone_2.13/3.0.3/play-ws-standalone_2.13-3.0.3.jar:/home/kasukabe/.cache/coursier/v1/https/repo1.maven.org/maven2/org/playframework/play-ws-standalone-xml_2.13/3.0.3/play-ws-standalone-xml_2.13-3.0.3.jar:/home/kasukabe/.cache/coursier/v1/https/repo1.maven.org/maven2/org/playframework/play-ws-standalone-json_2.13/3.0.3/play-ws-standalone-json_2.13-3.0.3.jar:/home/kasukabe/.cache/coursier/v1/https/repo1.maven.org/maven2/org/apache/pekko/pekko-stream_2.13/1.0.3/pekko-stream_2.13-1.0.3.jar:/home/kasukabe/.cache/coursier/v1/https/repo1.maven.org/maven2/org/checkerframework/checker-qual/3.42.0/checker-qual-3.42.0.jar:/home/kasukabe/.cache/coursier/v1/https/repo1.maven.org/maven2/com/typesafe/play/play_2.13/2.9.0/play_2.13-2.9.0.jar:/home/kasukabe/.cache/coursier/v1/https/repo1.maven.org/maven2/com/typesafe/play/play-jdbc-api_2.13/2.9.0/play-jdbc-api_2.13-2.9.0.jar:/home/kasukabe/.cache/coursier/v1/https/repo1.maven.org/maven2/com/typesafe/play/play-jdbc-evolutions_2.13/2.9.0/play-jdbc-evolutions_2.13-2.9.0.jar:/home/kasukabe/.cache/coursier/v1/https/repo1.maven.org/maven2/org/slf4j/slf4j-api/2.0.17/slf4j-api-2.0.17.jar:/home/kasukabe/.cache/coursier/v1/https/repo1.maven.org/maven2/com/typesafe/config/1.4.5/config-1.4.5.jar:/home/kasukabe/.cache/coursier/v1/https/repo1.maven.org/maven2/org/reactivestreams/reactive-streams/1.0.4/reactive-streams-1.0.4.jar:/home/kasukabe/.cache/coursier/v1/https/repo1.maven.org/maven2/org/scala-lang/modules/scala-collection-compat_2.13/2.8.1/scala-collection-compat_2.13-2.8.1.jar:/home/kasukabe/.cache/coursier/v1/https/repo1.maven.org/maven2/com/zaxxer/HikariCP/4.0.3/HikariCP-4.0.3.jar:/home/kasukabe/.cache/coursier/v1/https/repo1.maven.org/maven2/com/typesafe/play/play-functional_2.13/2.10.2/play-functional_2.13-2.10.2.jar:/home/kasukabe/.cache/coursier/v1/https/repo1.maven.org/maven2/org/scala-lang/scala-reflect/2.13.17/scala-reflect-2.13.17.jar:/home/kasukabe/.cache/coursier/v1/https/repo1.maven.org/maven2/com/fasterxml/jackson/core/jackson-core/2.14.3/jackson-core-2.14.3.jar:/home/kasukabe/.cache/coursier/v1/https/repo1.maven.org/maven2/com/fasterxml/jackson/core/jackson-annotations/2.14.3/jackson-annotations-2.14.3.jar:/home/kasukabe/.cache/coursier/v1/https/repo1.maven.org/maven2/com/fasterxml/jackson/datatype/jackson-datatype-jdk8/2.14.3/jackson-datatype-jdk8-2.14.3.jar:/home/kasukabe/.cache/coursier/v1/https/repo1.maven.org/maven2/com/fasterxml/jackson/datatype/jackson-datatype-jsr310/2.14.3/jackson-datatype-jsr310-2.14.3.jar:/home/kasukabe/.cache/coursier/v1/https/repo1.maven.org/maven2/com/fasterxml/jackson/core/jackson-databind/2.14.3/jackson-databind-2.14.3.jar:/home/kasukabe/.cache/coursier/v1/https/repo1.maven.org/maven2/com/github/jwt-scala/jwt-play-json_2.13/10.0.1/jwt-play-json_2.13-10.0.1.jar:/home/kasukabe/.cache/coursier/v1/https/repo1.maven.org/maven2/org/playframework/play-build-link/3.0.9/play-build-link-3.0.9.jar:/home/kasukabe/.cache/coursier/v1/https/repo1.maven.org/maven2/org/playframework/play-configuration_2.13/3.0.9/play-configuration_2.13-3.0.9.jar:/home/kasukabe/.cache/coursier/v1/https/repo1.maven.org/maven2/org/slf4j/jul-to-slf4j/2.0.17/jul-to-slf4j-2.0.17.jar:/home/kasukabe/.cache/coursier/v1/https/repo1.maven.org/maven2/org/slf4j/jcl-over-slf4j/2.0.17/jcl-over-slf4j-2.0.17.jar:/home/kasukabe/.cache/coursier/v1/https/repo1.maven.org/maven2/org/apache/pekko/pekko-actor_2.13/1.0.3/pekko-actor_2.13-1.0.3.jar:/home/kasukabe/.cache/coursier/v1/https/repo1.maven.org/maven2/org/apache/pekko/pekko-actor-typed_2.13/1.0.3/pekko-actor-typed_2.13-1.0.3.jar:/home/kasukabe/.cache/coursier/v1/https/repo1.maven.org/maven2/org/apache/pekko/pekko-slf4j_2.13/1.0.3/pekko-slf4j_2.13-1.0.3.jar:/home/kasukabe/.cache/coursier/v1/https/repo1.maven.org/maven2/org/apache/pekko/pekko-serialization-jackson_2.13/1.0.3/pekko-serialization-jackson_2.13-1.0.3.jar:/home/kasukabe/.cache/coursier/v1/https/repo1.maven.org/maven2/com/fasterxml/jackson/dataformat/jackson-dataformat-cbor/2.14.3/jackson-dataformat-cbor-2.14.3.jar:/home/kasukabe/.cache/coursier/v1/https/repo1.maven.org/maven2/com/fasterxml/jackson/module/jackson-module-parameter-names/2.14.3/jackson-module-parameter-names-2.14.3.jar:/home/kasukabe/.cache/coursier/v1/https/repo1.maven.org/maven2/com/fasterxml/jackson/module/jackson-module-scala_2.13/2.14.3/jackson-module-scala_2.13-2.14.3.jar:/home/kasukabe/.cache/coursier/v1/https/repo1.maven.org/maven2/io/jsonwebtoken/jjwt-api/0.11.5/jjwt-api-0.11.5.jar:/home/kasukabe/.cache/coursier/v1/https/repo1.maven.org/maven2/io/jsonwebtoken/jjwt-impl/0.11.5/jjwt-impl-0.11.5.jar:/home/kasukabe/.cache/coursier/v1/https/repo1.maven.org/maven2/io/jsonwebtoken/jjwt-jackson/0.11.5/jjwt-jackson-0.11.5.jar:/home/kasukabe/.cache/coursier/v1/https/repo1.maven.org/maven2/org/playframework/play-json_2.13/3.0.5/play-json_2.13-3.0.5.jar:/home/kasukabe/.cache/coursier/v1/https/repo1.maven.org/maven2/com/google/guava/guava/32.1.3-jre/guava-32.1.3-jre.jar:/home/kasukabe/.cache/coursier/v1/https/repo1.maven.org/maven2/javax/inject/javax.inject/1/javax.inject-1.jar:/home/kasukabe/.cache/coursier/v1/https/repo1.maven.org/maven2/com/typesafe/ssl-config-core_2.13/0.6.1/ssl-config-core_2.13-0.6.1.jar:/home/kasukabe/.cache/coursier/v1/https/repo1.maven.org/maven2/org/scala-lang/modules/scala-parser-combinators_2.13/1.1.2/scala-parser-combinators_2.13-1.1.2.jar:/home/kasukabe/.cache/coursier/v1/https/repo1.maven.org/maven2/ch/qos/logback/logback-core/1.5.18/logback-core-1.5.18.jar:/home/kasukabe/.cache/coursier/v1/https/repo1.maven.org/maven2/org/apache/pekko/pekko-parsing_2.13/1.0.1/pekko-parsing_2.13-1.0.1.jar:/home/kasukabe/.cache/coursier/v1/https/repo1.maven.org/maven2/org/parboiled/parboiled_2.13/2.5.0/parboiled_2.13-2.5.0.jar:/home/kasukabe/.cache/coursier/v1/https/repo1.maven.org/maven2/jakarta/inject/jakarta.inject-api/2.0.1/jakarta.inject-api-2.0.1.jar:/home/kasukabe/.cache/coursier/v1/https/repo1.maven.org/maven2/aopalliance/aopalliance/1.0/aopalliance-1.0.jar:/home/kasukabe/.cache/coursier/v1/https/repo1.maven.org/maven2/com/google/errorprone/error_prone_annotations/2.21.1/error_prone_annotations-2.21.1.jar:/home/kasukabe/.cache/coursier/v1/https/repo1.maven.org/maven2/org/apache/pekko/pekko-protobuf-v3_2.13/1.0.3/pekko-protobuf-v3_2.13-1.0.3.jar:/home/kasukabe/.cache/coursier/v1/https/repo1.maven.org/maven2/com/typesafe/play/play-build-link/2.9.0/play-build-link-2.9.0.jar:/home/kasukabe/.cache/coursier/v1/https/repo1.maven.org/maven2/com/typesafe/play/play-streams_2.13/2.9.0/play-streams_2.13-2.9.0.jar:/home/kasukabe/.cache/coursier/v1/https/repo1.maven.org/maven2/com/typesafe/play/play-configuration_2.13/2.9.0/play-configuration_2.13-2.9.0.jar:/home/kasukabe/.cache/coursier/v1/https/repo1.maven.org/maven2/com/typesafe/play/twirl-api_2.13/1.6.2/twirl-api_2.13-1.6.2.jar:/home/kasukabe/.cache/coursier/v1/https/repo1.maven.org/maven2/com/typesafe/akka/akka-actor_2.13/2.6.21/akka-actor_2.13-2.6.21.jar:/home/kasukabe/.cache/coursier/v1/https/repo1.maven.org/maven2/com/typesafe/akka/akka-actor-typed_2.13/2.6.21/akka-actor-typed_2.13-2.6.21.jar:/home/kasukabe/.cache/coursier/v1/https/repo1.maven.org/maven2/com/typesafe/akka/akka-slf4j_2.13/2.6.21/akka-slf4j_2.13-2.6.21.jar:/home/kasukabe/.cache/coursier/v1/https/repo1.maven.org/maven2/com/typesafe/akka/akka-serialization-jackson_2.13/2.6.21/akka-serialization-jackson_2.13-2.6.21.jar:/home/kasukabe/.cache/coursier/v1/https/repo1.maven.org/maven2/com/github/jwt-scala/jwt-json-common_2.13/10.0.1/jwt-json-common_2.13-10.0.1.jar:/home/kasukabe/.cache/coursier/v1/https/repo1.maven.org/maven2/org/playframework/play-exceptions/3.0.9/play-exceptions-3.0.9.jar:/home/kasukabe/.cache/coursier/v1/https/repo1.maven.org/maven2/org/lz4/lz4-java/1.8.0/lz4-java-1.8.0.jar:/home/kasukabe/.cache/coursier/v1/https/repo1.maven.org/maven2/com/thoughtworks/paranamer/paranamer/2.8/paranamer-2.8.jar:/home/kasukabe/.cache/coursier/v1/https/repo1.maven.org/maven2/org/playframework/play-functional_2.13/3.0.5/play-functional_2.13-3.0.5.jar:/home/kasukabe/.cache/coursier/v1/https/repo1.maven.org/maven2/com/google/guava/failureaccess/1.0.1/failureaccess-1.0.1.jar:/home/kasukabe/.cache/coursier/v1/https/repo1.maven.org/maven2/com/google/guava/listenablefuture/9999.0-empty-to-avoid-conflict-with-guava/listenablefuture-9999.0-empty-to-avoid-conflict-with-guava.jar:/home/kasukabe/.cache/coursier/v1/https/repo1.maven.org/maven2/com/google/code/findbugs/jsr305/3.0.2/jsr305-3.0.2.jar:/home/kasukabe/.cache/coursier/v1/https/repo1.maven.org/maven2/com/google/j2objc/j2objc-annotations/2.8/j2objc-annotations-2.8.jar:/home/kasukabe/.cache/coursier/v1/https/repo1.maven.org/maven2/com/typesafe/play/play-exceptions/2.9.0/play-exceptions-2.9.0.jar:/home/kasukabe/.cache/coursier/v1/https/repo1.maven.org/maven2/com/typesafe/akka/akka-stream_2.13/2.6.21/akka-stream_2.13-2.6.21.jar:/home/kasukabe/.cache/coursier/v1/https/repo1.maven.org/maven2/org/scala-lang/modules/scala-java8-compat_2.13/1.0.0/scala-java8-compat_2.13-1.0.0.jar:/home/kasukabe/.cache/coursier/v1/https/repo1.maven.org/maven2/com/github/jwt-scala/jwt-core_2.13/10.0.1/jwt-core_2.13-10.0.1.jar:/home/kasukabe/.cache/coursier/v1/https/repo1.maven.org/maven2/com/typesafe/akka/akka-protobuf-v3_2.13/2.6.21/akka-protobuf-v3_2.13-2.6.21.jar -Xplugin-require:semanticdb -Yrangepos -Ymacro-expand:discard -Ycache-plugin-class-loader:last-modified -Ypresentation-any-thread

  last tree to typer: TypeTree(trait Action)
       tree position: line 90 of file:///home/kasukabe/schedule_kokubunji/backend/src/main/scala/controller/AuthController.scala
            tree tpe: play.api.mvc.Action[play.api.libs.json.JsValue]
              symbol: abstract trait Action in package mvc
   symbol definition: abstract trait Action[A <: <?>] extends EssentialAction (a ClassSymbol)
      symbol package: play.api.mvc
       symbol owners: trait Action
           call site: <none> in <none>

== Source file context for tree position ==

    87      * @return 
    88      * @note 一度
    89      */
    90     def signInGoogle = Action.async(parse.json) { request =>
    91         request.body.validate[GoogleAuthRequest].fold(
    92         _ => Future.successful(BadRequest("Invalid request")),
    93         data => { (full report at: "/home/kasukabe/schedule_kokubunji/backend/.metals/.reports/metals-full/2025-11-14/r_compiler-error_(root)_22-01-29-292.md")[0m
2025.11.14 22:01:38 WARN  Could not find 'withCookies' using presentation compiler nor semanticdb. Trying to guess the definition using available information from local class context. [0m
2025.11.14 22:01:38 INFO  Created report: Optional[file:///home/kasukabe/schedule_kokubunji/backend/src/main/scala/controller/AuthController.scala][0m
2025.11.14 22:01:38 INFO  empty definition using pc, found symbol in pc:  (full report at: "/home/kasukabe/schedule_kokubunji/backend/.metals/.reports/metals-full/2025-11-14/r_empty-definition_(root)_22-01-38-506.md")[0m
Nov 14, 2025 10:03:54 PM org.eclipse.lsp4j.jsonrpc.RemoteEndpoint handleCancellation
WARNING: Unmatched cancel notification for request id 3405
2025.11.14 22:04:39 INFO  compiling root (16 scala sources and 1 java source)[0m
2025.11.14 22:04:39 INFO  time: compiled root in 0.56s[0m
2025.11.14 22:04:54 INFO  compiling root (16 scala sources and 1 java source)[0m
2025.11.14 22:04:54 INFO  time: compiled root in 0.57s[0m
2025.11.14 22:06:46 INFO  compiling root (16 scala sources and 1 java source)[0m
2025.11.14 22:06:46 INFO  time: compiled root in 0.56s[0m
Nov 14, 2025 10:06:49 PM org.eclipse.lsp4j.jsonrpc.RemoteEndpoint handleCancellation
WARNING: Unmatched cancel notification for request id 3951
2025.11.14 22:06:52 INFO  compiling root (16 scala sources and 1 java source)[0m
2025.11.14 22:06:52 INFO  time: compiled root in 0.44s[0m
Nov 14, 2025 10:07:15 PM org.eclipse.lsp4j.jsonrpc.RemoteEndpoint handleCancellation
WARNING: Unmatched cancel notification for request id 4104
2025.11.14 22:07:21 INFO  compiling root (16 scala sources and 1 java source)[0m
2025.11.14 22:07:21 INFO  time: compiled root in 0.36s[0m
Nov 14, 2025 10:07:53 PM org.eclipse.lsp4j.jsonrpc.RemoteEndpoint handleCancellation
WARNING: Unmatched cancel notification for request id 4223
2025.11.14 22:08:06 INFO  compiling root (16 scala sources and 1 java source)[0m
2025.11.14 22:08:06 INFO  time: compiled root in 0.48s[0m
2025.11.14 22:08:27 INFO  compiling root (16 scala sources and 1 java source)[0m
2025.11.14 22:08:27 INFO  time: compiled root in 0.35s[0m
2025.11.14 22:11:08 INFO  compiling root (16 scala sources and 1 java source)[0m
2025.11.14 22:11:17 INFO  time: compiled root in 8.46s[0m
2025.11.14 22:12:20 INFO  compiling root (1 scala source)[0m
2025.11.14 22:12:22 INFO  time: compiled root in 1.39s[0m
2025.11.14 22:12:33 INFO  compiling root (1 scala source)[0m
2025.11.14 22:12:33 INFO  time: compiled root in 0.96s[0m
2025.11.14 22:13:16 INFO  compiling root (1 scala source)[0m
2025.11.14 22:13:18 INFO  time: compiled root in 2.33s[0m
Nov 14, 2025 10:13:36 PM org.eclipse.lsp4j.jsonrpc.RemoteEndpoint handleCancellation
WARNING: Unmatched cancel notification for request id 5500
2025.11.14 22:13:36 INFO  compiling root (1 scala source)[0m
2025.11.14 22:13:38 INFO  time: compiled root in 1.99s[0m
Nov 14, 2025 10:14:04 PM org.eclipse.lsp4j.jsonrpc.RemoteEndpoint handleCancellation
WARNING: Unmatched cancel notification for request id 5653
2025.11.14 22:14:15 INFO  compiling root (1 scala source)[0m
2025.11.14 22:14:15 INFO  time: compiled root in 0.47s[0m
2025.11.14 22:14:20 INFO  Created report: Optional[file:///home/kasukabe/schedule_kokubunji/backend/src/main/scala/controller/AuthController.scala][0m
2025.11.14 22:14:20 INFO  empty definition using pc, found symbol in pc:  (full report at: "/home/kasukabe/schedule_kokubunji/backend/.metals/.reports/metals-full/2025-11-14/r_empty-definition_(root)_22-14-20-909.md")[0m
2025.11.14 22:14:21 INFO  compiling root (1 scala source)[0m
2025.11.14 22:14:21 INFO  time: compiled root in 0.3s[0m
2025.11.14 22:14:33 INFO  compiling root (1 scala source)[0m
2025.11.14 22:14:33 INFO  time: compiled root in 0.33s[0m
2025.11.14 22:14:42 INFO  compiling root (1 scala source)[0m
2025.11.14 22:14:43 INFO  time: compiled root in 1.48s[0m
2025.11.14 22:14:43 INFO  compiling root (1 scala source)[0m
2025.11.14 22:14:43 INFO  time: compiled root in 0.51s[0m
2025.11.14 22:15:01 INFO  compiling root (1 scala source)[0m
2025.11.14 22:15:02 INFO  time: compiled root in 1.37s[0m
2025.11.14 22:15:46 INFO  compiling root (1 scala source)[0m
2025.11.14 22:15:48 INFO  time: compiled root in 1.73s[0m
2025.11.14 22:16:02 INFO  compiling root (1 scala source)[0m
2025.11.14 22:16:03 INFO  time: compiled root in 1.4s[0m
2025.11.14 22:16:12 INFO  compiling root (1 scala source)[0m
2025.11.14 22:16:13 INFO  time: compiled root in 1.24s[0m
2025.11.14 22:16:46 INFO  compiling root (1 scala source)[0m
2025.11.14 22:16:48 INFO  time: compiled root in 1.44s[0m
2025.11.14 22:17:05 INFO  compiling root (1 scala source)[0m
2025.11.14 22:17:05 INFO  time: compiled root in 0.25s[0m
Nov 14, 2025 10:17:10 PM org.eclipse.lsp4j.jsonrpc.RemoteEndpoint handleCancellation
WARNING: Unmatched cancel notification for request id 6244
2025.11.14 22:17:14 INFO  time: compiled root in 11ms[0m
2025.11.14 22:18:33 INFO  compiling root (1 scala source)[0m
2025.11.14 22:18:35 INFO  time: compiled root in 1.41s[0m
2025.11.14 22:18:35 INFO  compiling root (1 scala source)[0m
2025.11.14 22:18:35 INFO  time: compiled root in 0.33s[0m
2025.11.14 22:18:52 INFO  compiling root (1 scala source)[0m
2025.11.14 22:18:54 INFO  time: compiled root in 1.29s[0m
2025.11.14 22:20:00 INFO  compiling root (1 scala source)[0m
2025.11.14 22:20:01 INFO  time: compiled root in 1.92s[0m
Nov 14, 2025 10:20:42 PM org.eclipse.lsp4j.jsonrpc.RemoteEndpoint handleCancellation
WARNING: Unmatched cancel notification for request id 6571
2025.11.14 22:20:52 INFO  compiling root (1 scala source)[0m
2025.11.14 22:20:54 INFO  time: compiled root in 1.51s[0m
2025.11.15 08:20:54 INFO  Shutting down server[0m
2025.11.15 08:20:54 INFO  shutting down Metals[0m
2025.11.15 08:20:54 INFO  Shut down connection with build server.[0m
2025.11.15 08:20:54 INFO  Shut down connection with build server.[0m
2025.11.15 08:20:54 INFO  Shut down connection with build server.[0m
2025.11.15 08:20:54 INFO  Exiting server[0m
2025.11.15 16:12:46 INFO  Started: Metals version 1.6.3 in folders '/home/kasukabe/schedule_kokubunji/backend' for client Cursor 1.99.3.[0m
2025.11.15 16:12:46 WARN  Using H2 2.4.240 which is newer than the version Flyway has been verified with. The latest verified version of H2 is 2.3.232.[0m
2025.11.15 16:12:47 INFO  no build target found for /home/kasukabe/schedule_kokubunji/backend/src/main/scala/controller/AuthController.scala. Using presentation compiler with project's scala-library version: 3.3.6[0m
2025.11.15 16:12:47 INFO  Attempting to connect to the build server...[0m
2025.11.15 16:12:47 INFO  No running Bloop server found, starting one.[0m
2025.11.15 16:12:49 INFO  Starting compilation server[0m
2025.11.15 16:12:52 INFO  tracing is disabled for protocol BSP, to enable tracing of incoming and outgoing JSON messages create an empty file at /home/kasukabe/schedule_kokubunji/backend/.metals/bsp.trace.json or /home/kasukabe/.cache/metals/bsp.trace.json[0m
2025.11.15 16:12:53 INFO  Attempting to connect to the build server...[0m
2025.11.15 16:12:53 INFO  Found a Bloop server running[0m
2025.11.15 16:12:53 INFO  Attempting to connect to the build server...[0m
2025.11.15 16:12:53 INFO  Found a Bloop server running[0m
2025.11.15 16:12:53 INFO  tracing is disabled for protocol BSP, to enable tracing of incoming and outgoing JSON messages create an empty file at /home/kasukabe/schedule_kokubunji/backend/project/project/.metals/bsp.trace.json or /home/kasukabe/.cache/metals/bsp.trace.json[0m
2025.11.15 16:12:53 INFO  tracing is disabled for protocol BSP, to enable tracing of incoming and outgoing JSON messages create an empty file at /home/kasukabe/schedule_kokubunji/backend/project/.metals/bsp.trace.json or /home/kasukabe/.cache/metals/bsp.trace.json[0m
2025.11.15 16:12:53 INFO  time: Connected to build server in 5.33s[0m
2025.11.15 16:12:53 INFO  Connected to Build server: Bloop v2.0.16[0m
2025.11.15 16:12:53 INFO  time: Imported build in 0.3s[0m
2025.11.15 16:12:59 WARN  Using H2 2.4.240 which is newer than the version Flyway has been verified with. The latest verified version of H2 is 2.3.232.[0m
2025.11.15 16:13:04 INFO  time: indexed workspace in 11s[0m
2025.11.15 16:14:28 INFO  compiling root (1 scala source)[0m
Nov 15, 2025 4:14:31 PM org.eclipse.lsp4j.jsonrpc.RemoteEndpoint handleCancellation
WARNING: Unmatched cancel notification for request id 198
2025.11.15 16:14:32 INFO  time: compiled root in 3.84s[0m
2025.11.15 16:14:49 INFO  compiling root (1 scala source)[0m
2025.11.15 16:14:50 INFO  time: compiled root in 1.3s[0m
Exception in thread "pool-6-thread-1" java.lang.InterruptedException
	at scala.meta.internal.metals.FutureCancelToken.checkCanceled(FutureCancelToken.scala:29)
	at scala.meta.internal.pc.CompilerAccess.$anonfun$onCompilerJobQueue$1(CompilerAccess.scala:207)
	at scala.meta.internal.pc.CompilerJobQueue$Job.run(CompilerJobQueue.scala:152)
	at java.base/java.util.concurrent.ThreadPoolExecutor.runWorker(ThreadPoolExecutor.java:1136)
	at java.base/java.util.concurrent.ThreadPoolExecutor$Worker.run(ThreadPoolExecutor.java:635)
	at java.base/java.lang.Thread.run(Thread.java:840)
Exception in thread "pool-6-thread-2" java.lang.InterruptedException
	at scala.meta.internal.metals.FutureCancelToken.checkCanceled(FutureCancelToken.scala:29)
	at scala.meta.internal.pc.CompilerAccess.$anonfun$onCompilerJobQueue$1(CompilerAccess.scala:207)
	at scala.meta.internal.pc.CompilerJobQueue$Job.run(CompilerJobQueue.scala:152)
	at java.base/java.util.concurrent.ThreadPoolExecutor.runWorker(ThreadPoolExecutor.java:1136)
	at java.base/java.util.concurrent.ThreadPoolExecutor$Worker.run(ThreadPoolExecutor.java:635)
	at java.base/java.lang.Thread.run(Thread.java:840)
2025.11.15 16:15:01 INFO  compiling root (1 scala source)[0m
2025.11.15 16:15:02 INFO  time: compiled root in 1s[0m
2025.11.15 16:15:10 INFO  compiling root (1 scala source)[0m
2025.11.15 16:15:15 INFO  time: compiled root in 4.17s[0m
2025.11.15 16:15:15 INFO  compiling root (1 scala source)[0m
2025.11.15 16:15:15 INFO  time: compiled root in 0.23s[0m
2025.11.15 16:15:36 INFO  compiling root (1 scala source)[0m
2025.11.15 16:15:38 INFO  time: compiled root in 2.23s[0m
2025.11.15 16:15:38 INFO  compiling root (1 scala source)[0m
2025.11.15 16:15:38 INFO  time: compiled root in 0.14s[0m
2025.11.15 16:16:21 INFO  compiling root (2 scala sources)[0m
2025.11.15 16:16:21 INFO  time: compiled root in 0.68s[0m
2025.11.15 16:16:28 INFO  compiling root (2 scala sources)[0m
2025.11.15 16:16:31 INFO  time: compiled root in 2.52s[0m
2025.11.15 16:16:31 INFO  compiling root (1 scala source)[0m
2025.11.15 16:16:31 INFO  time: compiled root in 0.15s[0m
Nov 15, 2025 4:16:38 PM org.eclipse.lsp4j.jsonrpc.RemoteEndpoint handleCancellation
WARNING: Unmatched cancel notification for request id 536
2025.11.15 16:17:33 INFO  compiling root (2 scala sources)[0m
2025.11.15 16:17:33 INFO  time: compiled root in 0.18s[0m
2025.11.15 16:17:47 INFO  compiling root (2 scala sources)[0m
2025.11.15 16:17:47 INFO  time: compiled root in 0.64s[0m
2025.11.15 16:18:11 INFO  compiling root (2 scala sources)[0m
2025.11.15 16:18:11 INFO  time: compiled root in 0.52s[0m
2025.11.15 16:18:27 INFO  compiling root (2 scala sources)[0m
2025.11.15 16:18:27 INFO  time: compiled root in 0.12s[0m
2025.11.15 16:18:30 INFO  compiling root (2 scala sources)[0m
2025.11.15 16:18:30 INFO  time: compiled root in 0.41s[0m
2025.11.15 16:18:39 INFO  Created report: Optional[file:///home/kasukabe/schedule_kokubunji/backend/src/main/scala/controller/AuthController.scala][0m
2025.11.15 16:18:39 INFO  empty definition using pc, found symbol in pc:  (full report at: "/home/kasukabe/schedule_kokubunji/backend/.metals/.reports/metals-full/2025-11-15/r_empty-definition_(root)_16-18-39-531.md")[0m
2025.11.15 16:18:39 INFO  empty definition using pc, found symbol in pc:  (full report at: "/home/kasukabe/schedule_kokubunji/backend/.metals/.reports/metals-full/2025-11-15/r_empty-definition_(root)_16-18-39-531.md")[0m
2025.11.15 16:18:45 INFO  compiling root (2 scala sources)[0m
2025.11.15 16:18:45 INFO  time: compiled root in 0.38s[0m
Exception in thread "pool-6-thread-3" java.lang.InterruptedException
	at scala.meta.internal.metals.FutureCancelToken.checkCanceled(FutureCancelToken.scala:29)
	at scala.meta.internal.pc.CompilerAccess.$anonfun$onCompilerJobQueue$1(CompilerAccess.scala:207)
	at scala.meta.internal.pc.CompilerJobQueue$Job.run(CompilerJobQueue.scala:152)
	at java.base/java.util.concurrent.ThreadPoolExecutor.runWorker(ThreadPoolExecutor.java:1136)
	at java.base/java.util.concurrent.ThreadPoolExecutor$Worker.run(ThreadPoolExecutor.java:635)
	at java.base/java.lang.Thread.run(Thread.java:840)
2025.11.15 16:18:52 INFO  Created report: Optional[file:///home/kasukabe/schedule_kokubunji/backend/src/main/scala/controller/AuthController.scala][0m
2025.11.15 16:18:52 INFO  empty definition using pc, found symbol in pc:  (full report at: "/home/kasukabe/schedule_kokubunji/backend/.metals/.reports/metals-full/2025-11-15/r_empty-definition_(root)_16-18-52-270.md")[0m
2025.11.15 16:18:52 INFO  Created report: Optional[file:///home/kasukabe/schedule_kokubunji/backend/src/main/scala/controller/AuthController.scala][0m
2025.11.15 16:18:52 INFO  empty definition using pc, found symbol in pc:  (full report at: "/home/kasukabe/schedule_kokubunji/backend/.metals/.reports/metals-full/2025-11-15/r_empty-definition_(root)_16-18-52-671.md")[0m
2025.11.15 16:18:54 INFO  Created report: Optional[file:///home/kasukabe/schedule_kokubunji/backend/src/main/scala/controller/AuthController.scala][0m
2025.11.15 16:18:54 INFO  empty definition using pc, found symbol in pc:  (full report at: "/home/kasukabe/schedule_kokubunji/backend/.metals/.reports/metals-full/2025-11-15/r_empty-definition_(root)_16-18-54-407.md")[0m
Exception in thread "pool-6-thread-4" java.lang.InterruptedException
	at scala.meta.internal.metals.FutureCancelToken.checkCanceled(FutureCancelToken.scala:29)
	at scala.meta.internal.pc.CompilerAccess.$anonfun$onCompilerJobQueue$1(CompilerAccess.scala:207)
	at scala.meta.internal.pc.CompilerJobQueue$Job.run(CompilerJobQueue.scala:152)
	at java.base/java.util.concurrent.ThreadPoolExecutor.runWorker(ThreadPoolExecutor.java:1136)
	at java.base/java.util.concurrent.ThreadPoolExecutor$Worker.run(ThreadPoolExecutor.java:635)
	at java.base/java.lang.Thread.run(Thread.java:840)
Exception in thread "pool-6-thread-5" java.lang.InterruptedException
	at scala.meta.internal.metals.FutureCancelToken.checkCanceled(FutureCancelToken.scala:29)
	at scala.meta.internal.pc.CompilerAccess.$anonfun$onCompilerJobQueue$1(CompilerAccess.scala:207)
	at scala.meta.internal.pc.CompilerJobQueue$Job.run(CompilerJobQueue.scala:152)
	at java.base/java.util.concurrent.ThreadPoolExecutor.runWorker(ThreadPoolExecutor.java:1136)
	at java.base/java.util.concurrent.ThreadPoolExecutor$Worker.run(ThreadPoolExecutor.java:635)
	at java.base/java.lang.Thread.run(Thread.java:840)
Exception in thread "pool-6-thread-6" java.lang.InterruptedException
	at scala.meta.internal.metals.FutureCancelToken.checkCanceled(FutureCancelToken.scala:29)
	at scala.meta.internal.pc.CompilerAccess.$anonfun$onCompilerJobQueue$1(CompilerAccess.scala:207)
	at scala.meta.internal.pc.CompilerJobQueue$Job.run(CompilerJobQueue.scala:152)
	at java.base/java.util.concurrent.ThreadPoolExecutor.runWorker(ThreadPoolExecutor.java:1136)
	at java.base/java.util.concurrent.ThreadPoolExecutor$Worker.run(ThreadPoolExecutor.java:635)
	at java.base/java.lang.Thread.run(Thread.java:840)
2025.11.15 16:18:54 INFO  Created report: Optional[file:///home/kasukabe/schedule_kokubunji/backend/src/main/scala/controller/AuthController.scala][0m
2025.11.15 16:18:54 INFO  empty definition using pc, found symbol in pc:  (full report at: "/home/kasukabe/schedule_kokubunji/backend/.metals/.reports/metals-full/2025-11-15/r_empty-definition_(root)_16-18-54-664.md")[0m
2025.11.15 16:18:54 INFO  compiling root (2 scala sources)[0m
2025.11.15 16:18:54 INFO  time: compiled root in 0.35s[0m
2025.11.15 16:19:03 INFO  compiling root (2 scala sources)[0m
2025.11.15 16:19:05 INFO  time: compiled root in 1.97s[0m
2025.11.15 16:19:05 INFO  compiling root (1 scala source)[0m
2025.11.15 16:19:05 INFO  time: compiled root in 0.13s[0m
2025.11.15 16:20:32 INFO  compiling root (2 scala sources)[0m
2025.11.15 16:20:34 INFO  time: compiled root in 1.93s[0m
2025.11.15 16:20:34 INFO  compiling root (1 scala source)[0m
2025.11.15 16:20:34 INFO  time: compiled root in 0.29s[0m
2025.11.15 16:20:42 INFO  compiling root (2 scala sources)[0m
2025.11.15 16:20:43 INFO  time: compiled root in 1.6s[0m
2025.11.15 16:20:43 INFO  compiling root (1 scala source)[0m
2025.11.15 16:20:43 INFO  time: compiled root in 0.14s[0m
2025.11.15 16:21:49 INFO  compiling root (2 scala sources)[0m
2025.11.15 16:21:50 INFO  time: compiled root in 1.83s[0m
2025.11.15 16:21:50 INFO  compiling root (1 scala source)[0m
2025.11.15 16:21:50 INFO  time: compiled root in 0.12s[0m
Nov 15, 2025 4:22:05 PM org.eclipse.lsp4j.jsonrpc.RemoteEndpoint handleCancellation
WARNING: Unmatched cancel notification for request id 1343
2025.11.15 16:22:11 INFO  compiling root (2 scala sources)[0m
2025.11.15 16:22:11 INFO  time: compiled root in 0.38s[0m
2025.11.15 16:22:18 INFO  compiling root (2 scala sources)[0m
2025.11.15 16:22:18 INFO  time: compiled root in 0.36s[0m
Nov 15, 2025 4:23:43 PM org.eclipse.lsp4j.jsonrpc.RemoteEndpoint handleCancellation
WARNING: Unmatched cancel notification for request id 1623
2025.11.15 16:24:00 INFO  compiling root (2 scala sources)[0m
2025.11.15 16:24:00 INFO  time: compiled root in 0.48s[0m
2025.11.15 16:24:39 INFO  compiling root (2 scala sources)[0m
2025.11.15 16:24:39 INFO  time: compiled root in 0.4s[0m
2025.11.15 16:24:50 INFO  Created report: Optional[file:///home/kasukabe/schedule_kokubunji/backend/src/main/scala/controller/AuthController.scala][0m
2025.11.15 16:24:50 INFO  empty definition using pc, found symbol in pc:  (full report at: "/home/kasukabe/schedule_kokubunji/backend/.metals/.reports/metals-full/2025-11-15/r_empty-definition_(root)_16-24-50-646.md")[0m
Nov 15, 2025 4:25:00 PM org.eclipse.lsp4j.jsonrpc.RemoteEndpoint handleCancellation
WARNING: Unmatched cancel notification for request id 1829
Nov 15, 2025 4:25:05 PM org.eclipse.lsp4j.jsonrpc.RemoteEndpoint handleCancellation
WARNING: Unmatched cancel notification for request id 1848
2025.11.15 16:25:27 INFO  compiling root (2 scala sources)[0m
2025.11.15 16:25:27 INFO  time: compiled root in 0.49s[0m
2025.11.15 16:25:47 INFO  compiling root (2 scala sources)[0m
2025.11.15 16:25:47 INFO  time: compiled root in 0.33s[0m
2025.11.15 16:26:06 INFO  compiling root (2 scala sources)[0m
2025.11.15 16:26:06 INFO  time: compiled root in 0.31s[0m
2025.11.15 16:26:19 INFO  compiling root (2 scala sources)[0m
2025.11.15 16:26:19 INFO  time: compiled root in 0.31s[0m
2025.11.15 16:26:35 INFO  compiling root (2 scala sources)[0m
2025.11.15 16:26:35 INFO  time: compiled root in 0.37s[0m
2025.11.15 16:27:24 INFO  compiling root (2 scala sources)[0m
2025.11.15 16:27:24 INFO  time: compiled root in 0.4s[0m
2025.11.15 16:27:46 INFO  compiling root (2 scala sources)[0m
2025.11.15 16:27:48 INFO  time: compiled root in 1.47s[0m
2025.11.15 16:27:48 INFO  compiling root (1 scala source)[0m
2025.11.15 16:27:48 INFO  time: compiled root in 0.1s[0m
2025.11.15 16:30:21 INFO  empty definition using pc, found symbol in pc:  (full report at: "/home/kasukabe/schedule_kokubunji/backend/.metals/.reports/metals-full/2025-11-15/r_empty-definition_(root)_16-18-39-531.md")[0m
Nov 15, 2025 4:32:13 PM org.eclipse.lsp4j.jsonrpc.RemoteEndpoint handleCancellation
WARNING: Unmatched cancel notification for request id 2519
2025.11.15 16:34:27 INFO  compiling root (2 scala sources)[0m
2025.11.15 16:34:28 INFO  time: compiled root in 1.84s[0m
2025.11.15 16:34:28 INFO  compiling root (1 scala source)[0m
2025.11.15 16:34:28 INFO  time: compiled root in 0.13s[0m
2025.11.15 16:34:32 INFO  compiling root (2 scala sources)[0m
2025.11.15 16:34:33 INFO  time: compiled root in 1.6s[0m
2025.11.15 16:34:33 INFO  compiling root (1 scala source)[0m
2025.11.15 16:34:33 INFO  time: compiled root in 94ms[0m
2025.11.15 16:35:53 INFO  compiling root (2 scala sources)[0m
2025.11.15 16:35:55 INFO  time: compiled root in 1.93s[0m
2025.11.15 16:35:55 INFO  compiling root (1 scala source)[0m
2025.11.15 16:35:55 INFO  time: compiled root in 0.12s[0m
Nov 15, 2025 4:37:21 PM org.eclipse.lsp4j.jsonrpc.RemoteEndpoint handleCancellation
WARNING: Unmatched cancel notification for request id 2823
2025.11.15 16:37:34 INFO  compiling root (2 scala sources)[0m
2025.11.15 16:37:36 INFO  time: compiled root in 2.08s[0m
2025.11.15 16:37:36 INFO  compiling root (1 scala source)[0m
2025.11.15 16:37:36 INFO  time: compiled root in 0.12s[0m
Nov 15, 2025 4:37:37 PM org.eclipse.lsp4j.jsonrpc.RemoteEndpoint handleCancellation
WARNING: Unmatched cancel notification for request id 2903
Exception in thread "pool-6-thread-7" java.lang.InterruptedException
	at scala.meta.internal.metals.FutureCancelToken.checkCanceled(FutureCancelToken.scala:29)
	at scala.meta.internal.pc.CompilerAccess.$anonfun$onCompilerJobQueue$1(CompilerAccess.scala:207)
	at scala.meta.internal.pc.CompilerJobQueue$Job.run(CompilerJobQueue.scala:152)
	at java.base/java.util.concurrent.ThreadPoolExecutor.runWorker(ThreadPoolExecutor.java:1136)
	at java.base/java.util.concurrent.ThreadPoolExecutor$Worker.run(ThreadPoolExecutor.java:635)
	at java.base/java.lang.Thread.run(Thread.java:840)
Exception in thread "pool-6-thread-8" java.lang.InterruptedException
	at scala.meta.internal.metals.FutureCancelToken.checkCanceled(FutureCancelToken.scala:29)
	at scala.meta.internal.pc.CompilerAccess.$anonfun$onCompilerJobQueue$1(CompilerAccess.scala:207)
	at scala.meta.internal.pc.CompilerJobQueue$Job.run(CompilerJobQueue.scala:152)
	at java.base/java.util.concurrent.ThreadPoolExecutor.runWorker(ThreadPoolExecutor.java:1136)
	at java.base/java.util.concurrent.ThreadPoolExecutor$Worker.run(ThreadPoolExecutor.java:635)
	at java.base/java.lang.Thread.run(Thread.java:840)
Exception in thread "pool-6-thread-9" java.lang.InterruptedException
	at scala.meta.internal.metals.FutureCancelToken.checkCanceled(FutureCancelToken.scala:29)
	at scala.meta.internal.pc.CompilerAccess.$anonfun$onCompilerJobQueue$1(CompilerAccess.scala:207)
	at scala.meta.internal.pc.CompilerJobQueue$Job.run(CompilerJobQueue.scala:152)
	at java.base/java.util.concurrent.ThreadPoolExecutor.runWorker(ThreadPoolExecutor.java:1136)
	at java.base/java.util.concurrent.ThreadPoolExecutor$Worker.run(ThreadPoolExecutor.java:635)
	at java.base/java.lang.Thread.run(Thread.java:840)
Nov 15, 2025 4:37:48 PM org.eclipse.lsp4j.jsonrpc.RemoteEndpoint handleCancellation
WARNING: Unmatched cancel notification for request id 3002
Nov 15, 2025 4:37:48 PM org.eclipse.lsp4j.jsonrpc.RemoteEndpoint handleCancellation
WARNING: Unmatched cancel notification for request id 3005
Nov 15, 2025 4:37:48 PM org.eclipse.lsp4j.jsonrpc.RemoteEndpoint handleCancellation
WARNING: Unmatched cancel notification for request id 3008
2025.11.15 16:38:32 INFO  compiling root (2 scala sources)[0m
2025.11.15 16:38:33 INFO  time: compiled root in 1.62s[0m
2025.11.15 16:38:33 INFO  compiling root (1 scala source)[0m
2025.11.15 16:38:33 INFO  time: compiled root in 0.17s[0m
2025.11.15 16:39:27 INFO  compiling root (2 scala sources)[0m
2025.11.15 16:39:29 INFO  time: compiled root in 1.51s[0m
2025.11.15 16:39:29 INFO  compiling root (1 scala source)[0m
2025.11.15 16:39:29 INFO  time: compiled root in 0.14s[0m
Nov 15, 2025 4:40:47 PM org.eclipse.lsp4j.jsonrpc.RemoteEndpoint handleCancellation
WARNING: Unmatched cancel notification for request id 3485
2025.11.15 16:41:12 INFO  compiling root (3 scala sources)[0m
2025.11.15 16:41:15 INFO  time: compiled root in 2.07s[0m
2025.11.15 16:41:15 INFO  compiling root (1 scala source)[0m
2025.11.15 16:41:15 INFO  time: compiled root in 0.13s[0m
2025.11.15 16:42:11 INFO  running '/usr/bin/sbt -Dbloop.export-jar-classifiers=sources bloopInstall'[0m
2025.11.15 16:42:13 INFO  [info] welcome to sbt 1.11.5 (Ubuntu Java 17.0.16)[0m
2025.11.15 16:42:15 INFO  [info] loading settings for project backend-build-build-build from metals.sbt...[0m
2025.11.15 16:42:15 INFO  [info] loading project definition from /home/kasukabe/schedule_kokubunji/backend/project/project/project[0m
2025.11.15 16:42:16 INFO  [info] loading settings for project backend-build-build from metals.sbt...[0m
2025.11.15 16:42:16 INFO  [info] loading project definition from /home/kasukabe/schedule_kokubunji/backend/project/project[0m
2025.11.15 16:42:19 INFO  [success] Generated .bloop/backend-build-build.json[0m
2025.11.15 16:42:19 INFO  [success] Total time: 2 s, completed Nov 15, 2025, 4:42:19 PM[0m
2025.11.15 16:42:19 INFO  [info] loading settings for project backend-build from metals.sbt, plugins.sbt...[0m
2025.11.15 16:42:19 INFO  [info] loading project definition from /home/kasukabe/schedule_kokubunji/backend/project[0m
2025.11.15 16:42:20 INFO  [success] Generated .bloop/backend-build.json[0m
2025.11.15 16:42:20 INFO  [success] Total time: 1 s, completed Nov 15, 2025, 4:42:21 PM[0m
2025.11.15 16:42:22 INFO  [info] loading settings for project root from build.sbt...[0m
2025.11.15 16:42:22 INFO  [info]   __              __[0m
2025.11.15 16:42:22 INFO  [info]   \ \     ____   / /____ _ __  __[0m
2025.11.15 16:42:22 INFO  [info]    \ \   / __ \ / // __ `// / / /[0m
2025.11.15 16:42:22 INFO  [info]    / /  / /_/ // // /_/ // /_/ /[0m
2025.11.15 16:42:22 INFO  [info]   /_/  / .___//_/ \__,_/ \__, /[0m
2025.11.15 16:42:22 INFO  [info]       /_/               /____/[0m
2025.11.15 16:42:22 INFO  [info] [0m
2025.11.15 16:42:22 INFO  [info] Version 3.0.9 running Java 17.0.16[0m
2025.11.15 16:42:22 INFO  [info] [0m
2025.11.15 16:42:22 INFO  [info] Play is run entirely by the community. Please consider contributing and/or donating:[0m
2025.11.15 16:42:22 INFO  [info] https://www.playframework.com/sponsors[0m
2025.11.15 16:42:22 INFO  [info] [0m
2025.11.15 16:42:23 INFO  compiling root (6 scala sources)[0m
2025.11.15 16:42:23 INFO  [success] Generated .bloop/root.json[0m
2025.11.15 16:42:23 INFO  [success] Generated .bloop/root-test.json[0m
2025.11.15 16:42:23 INFO  [success] Total time: 1 s, completed Nov 15, 2025, 4:42:23 PM[0m
2025.11.15 16:42:24 INFO  time: ran 'sbt bloopInstall' in 12s[0m
2025.11.15 16:42:24 INFO  Disconnecting from Bloop session...[0m
2025.11.15 16:42:24 INFO  Cancelling compilation on Bloop server[0m
2025.11.15 16:42:24 INFO  Shut down connection with build server.[0m
2025.11.15 16:42:24 INFO  Shut down connection with build server.[0m
2025.11.15 16:42:24 INFO  Shut down connection with build server.[0m
2025.11.15 16:42:24 INFO  Attempting to connect to the build server...[0m
2025.11.15 16:42:24 INFO  Found a Bloop server running[0m
2025.11.15 16:42:24 INFO  tracing is disabled for protocol BSP, to enable tracing of incoming and outgoing JSON messages create an empty file at /home/kasukabe/schedule_kokubunji/backend/.metals/bsp.trace.json or /home/kasukabe/.cache/metals/bsp.trace.json[0m
2025.11.15 16:42:24 INFO  Attempting to connect to the build server...[0m
2025.11.15 16:42:24 INFO  Found a Bloop server running[0m
2025.11.15 16:42:24 INFO  Attempting to connect to the build server...[0m
2025.11.15 16:42:24 INFO  Found a Bloop server running[0m
2025.11.15 16:42:24 INFO  tracing is disabled for protocol BSP, to enable tracing of incoming and outgoing JSON messages create an empty file at /home/kasukabe/schedule_kokubunji/backend/project/project/.metals/bsp.trace.json or /home/kasukabe/.cache/metals/bsp.trace.json[0m
2025.11.15 16:42:24 INFO  tracing is disabled for protocol BSP, to enable tracing of incoming and outgoing JSON messages create an empty file at /home/kasukabe/schedule_kokubunji/backend/project/.metals/bsp.trace.json or /home/kasukabe/.cache/metals/bsp.trace.json[0m
2025.11.15 16:42:24 INFO  time: Connected to build server in 0.3s[0m
2025.11.15 16:42:24 INFO  Connected to Build server: Bloop v2.0.16[0m
2025.11.15 16:42:25 INFO  compiling root (6 scala sources)[0m
2025.11.15 16:42:31 INFO  time: compiled root in 5.57s[0m
2025.11.15 16:42:31 INFO  compiling root (1 scala source and 1 java source)[0m
2025.11.15 16:42:32 INFO  time: indexed workspace in 9.04s[0m
2025.11.15 16:42:32 INFO  Deduplicating compilation of root from bsp client 'Metals 1.6.3' (since 7.887s)[0m
2025.11.15 16:42:32 INFO  compiling root (6 scala sources)[0m
2025.11.15 16:42:32 INFO  time: compiled root in 11ms[0m
2025.11.15 16:42:32 INFO  compiling root (1 scala source and 1 java source)[0m
2025.11.15 16:42:33 INFO  time: compiled root in 1.04s[0m
Nov 15, 2025 4:43:01 PM org.eclipse.lsp4j.jsonrpc.RemoteEndpoint handleCancellation
WARNING: Unmatched cancel notification for request id 3742
2025.11.15 16:43:21 INFO  compiling root (1 scala source)[0m
2025.11.15 16:43:22 WARN  Invalid text document uri received from build server: file:///home/kasukabe/schedule_kokubunji/backend/src/main/scala/helper/AuthHelper.scala[0m
2025.11.15 16:43:22 INFO  time: compiled root in 1.12s[0m
2025.11.15 17:25:04 INFO  running '/usr/bin/sbt -Dbloop.export-jar-classifiers=sources bloopInstall'[0m
2025.11.15 17:25:06 INFO  [info] welcome to sbt 1.11.5 (Ubuntu Java 17.0.16)[0m
2025.11.15 17:25:08 INFO  [info] loading settings for project backend-build-build-build from metals.sbt...[0m
2025.11.15 17:25:09 INFO  [info] loading project definition from /home/kasukabe/schedule_kokubunji/backend/project/project/project[0m
2025.11.15 17:25:10 INFO  [info] loading settings for project backend-build-build from metals.sbt...[0m
2025.11.15 17:25:10 INFO  [info] loading project definition from /home/kasukabe/schedule_kokubunji/backend/project/project[0m
2025.11.15 17:25:13 INFO  [success] Generated .bloop/backend-build-build.json[0m
2025.11.15 17:25:13 INFO  [success] Total time: 2 s, completed Nov 15, 2025, 5:25:13 PM[0m
2025.11.15 17:25:13 INFO  [info] loading settings for project backend-build from metals.sbt, plugins.sbt...[0m
2025.11.15 17:25:13 INFO  [info] loading project definition from /home/kasukabe/schedule_kokubunji/backend/project[0m
2025.11.15 17:25:15 INFO  [success] Generated .bloop/backend-build.json[0m
2025.11.15 17:25:15 INFO  [success] Total time: 2 s, completed Nov 15, 2025, 5:25:15 PM[0m
2025.11.15 17:25:16 INFO  [info] loading settings for project root from build.sbt...[0m
2025.11.15 17:25:16 INFO  [info]   __              __[0m
2025.11.15 17:25:16 INFO  [info]   \ \     ____   / /____ _ __  __[0m
2025.11.15 17:25:16 INFO  [info]    \ \   / __ \ / // __ `// / / /[0m
2025.11.15 17:25:16 INFO  [info]    / /  / /_/ // // /_/ // /_/ /[0m
2025.11.15 17:25:16 INFO  [info]   /_/  / .___//_/ \__,_/ \__, /[0m
2025.11.15 17:25:16 INFO  [info]       /_/               /____/[0m
2025.11.15 17:25:16 INFO  [info] [0m
2025.11.15 17:25:16 INFO  [info] Version 3.0.9 running Java 17.0.16[0m
2025.11.15 17:25:16 INFO  [info] [0m
2025.11.15 17:25:16 INFO  [info] Play is run entirely by the community. Please consider contributing and/or donating:[0m
2025.11.15 17:25:16 INFO  [info] https://www.playframework.com/sponsors[0m
2025.11.15 17:25:16 INFO  [info] [0m
2025.11.15 17:25:17 INFO  compiling root (3 scala sources)[0m
2025.11.15 17:25:17 INFO  [success] Generated .bloop/root.json[0m
2025.11.15 17:25:17 INFO  [success] Generated .bloop/root-test.json[0m
2025.11.15 17:25:17 INFO  [success] Total time: 1 s, completed Nov 15, 2025, 5:25:17 PM[0m
2025.11.15 17:25:18 INFO  time: ran 'sbt bloopInstall' in 15s[0m
2025.11.15 17:25:18 INFO  Cancelling compilation on Bloop server[0m
2025.11.15 17:25:18 INFO  Disconnecting from Bloop session...[0m
2025.11.15 17:25:18 INFO  Shut down connection with build server.[0m
2025.11.15 17:25:18 INFO  Shut down connection with build server.[0m
2025.11.15 17:25:18 INFO  Shut down connection with build server.[0m
2025.11.15 17:25:18 INFO  Attempting to connect to the build server...[0m
2025.11.15 17:25:18 INFO  Found a Bloop server running[0m
2025.11.15 17:25:18 INFO  tracing is disabled for protocol BSP, to enable tracing of incoming and outgoing JSON messages create an empty file at /home/kasukabe/schedule_kokubunji/backend/.metals/bsp.trace.json or /home/kasukabe/.cache/metals/bsp.trace.json[0m
2025.11.15 17:25:18 INFO  Attempting to connect to the build server...[0m
2025.11.15 17:25:18 INFO  Found a Bloop server running[0m
2025.11.15 17:25:18 INFO  Attempting to connect to the build server...[0m
2025.11.15 17:25:18 INFO  Found a Bloop server running[0m
2025.11.15 17:25:18 INFO  tracing is disabled for protocol BSP, to enable tracing of incoming and outgoing JSON messages create an empty file at /home/kasukabe/schedule_kokubunji/backend/project/project/.metals/bsp.trace.json or /home/kasukabe/.cache/metals/bsp.trace.json[0m
2025.11.15 17:25:18 INFO  tracing is disabled for protocol BSP, to enable tracing of incoming and outgoing JSON messages create an empty file at /home/kasukabe/schedule_kokubunji/backend/project/.metals/bsp.trace.json or /home/kasukabe/.cache/metals/bsp.trace.json[0m
2025.11.15 17:25:18 INFO  time: Connected to build server in 0.24s[0m
2025.11.15 17:25:18 INFO  Connected to Build server: Bloop v2.0.16[0m
2025.11.15 17:25:24 INFO  time: indexed workspace in 6s[0m
2025.11.15 17:25:24 INFO  compiling root (3 scala sources)[0m
2025.11.15 17:25:27 INFO  time: compiled root in 2.87s[0m
Nov 15, 2025 5:27:34 PM org.eclipse.lsp4j.jsonrpc.RemoteEndpoint handleCancellation
WARNING: Unmatched cancel notification for request id 3935
2025.11.15 17:28:44 INFO  compiling root (4 scala sources and 1 java source)[0m
2025.11.15 17:28:49 WARN  Invalid text document uri received from build server: file:///home/kasukabe/schedule_kokubunji/backend/src/main/scala/helper/AuthHelper.scala[0m
2025.11.15 17:28:49 INFO  time: compiled root in 4.68s[0m
2025.11.16 14:04:33 INFO  compiling root (4 scala sources)[0m
2025.11.16 14:04:34 WARN  Invalid text document uri received from build server: file:///home/kasukabe/schedule_kokubunji/backend/src/main/scala/helper/AuthHelper.scala[0m
2025.11.16 14:04:34 INFO  time: compiled root in 1.55s[0m
2025.11.16 14:11:38 INFO  compiling root (4 scala sources)[0m
2025.11.16 14:11:40 INFO  time: compiled root in 1.68s[0m
2025.11.16 14:11:49 INFO  compiling root (5 scala sources)[0m
2025.11.16 14:11:55 INFO  time: compiled root in 8.01s[0m
2025.11.16 14:11:55 INFO  compiling root (5 scala sources)[0m
2025.11.16 14:11:57 WARN  Invalid text document uri received from build server: file:///home/kasukabe/schedule_kokubunji/backend/src/main/scala/helper/AuthHelper.scala[0m
2025.11.16 14:11:57 INFO  time: compiled root in 2.19s[0m
2025.11.16 14:12:13 INFO  compiling root (1 scala source)[0m
2025.11.16 14:12:13 WARN  Invalid text document uri received from build server: file:///home/kasukabe/schedule_kokubunji/backend/src/main/scala/helper/AuthHelper.scala[0m
2025.11.16 14:12:13 INFO  time: compiled root in 0.86s[0m
2025.11.16 14:12:13 INFO  compiling root (4 scala sources)[0m
2025.11.16 14:12:15 WARN  Invalid text document uri received from build server: file:///home/kasukabe/schedule_kokubunji/backend/src/main/scala/helper/AuthHelper.scala[0m
2025.11.16 14:12:15 INFO  time: compiled root in 0.86s[0m
2025.11.16 14:12:43 INFO  compiling root (1 scala source)[0m
2025.11.16 14:12:43 INFO  time: compiled root in 0.91s[0m
2025.11.16 14:12:43 INFO  compiling root (4 scala sources)[0m
2025.11.16 14:12:45 INFO  time: compiled root in 0.64s[0m
2025.11.16 14:13:17 INFO  compiling root (2 scala sources)[0m
2025.11.16 14:13:17 INFO  time: compiled root in 2.31s[0m
2025.11.16 14:13:17 INFO  compiling root (3 scala sources)[0m
2025.11.16 14:13:19 INFO  time: compiled root in 0.9s[0m
Nov 16, 2025 2:13:30 PM org.eclipse.lsp4j.jsonrpc.RemoteEndpoint handleCancellation
WARNING: Unmatched cancel notification for request id 4329
2025.11.16 14:14:29 INFO  compiling root (3 scala sources)[0m
2025.11.16 14:14:31 INFO  time: compiled root in 1.77s[0m
2025.11.16 14:14:31 INFO  compiling root (2 scala sources)[0m
2025.11.16 14:14:31 INFO  time: compiled root in 0.29s[0m
2025.11.16 14:15:04 INFO  compiling root (4 scala sources)[0m
2025.11.16 14:15:06 INFO  time: compiled root in 1.41s[0m
2025.11.16 14:15:06 INFO  compiling root (2 scala sources)[0m
2025.11.16 14:15:06 INFO  time: compiled root in 0.35s[0m
Nov 16, 2025 2:15:26 PM org.eclipse.lsp4j.jsonrpc.RemoteEndpoint handleCancellation
WARNING: Unmatched cancel notification for request id 4591
Nov 16, 2025 2:15:26 PM org.eclipse.lsp4j.jsonrpc.RemoteEndpoint handleCancellation
WARNING: Unmatched cancel notification for request id 4595
2025.11.16 14:15:30 INFO  compiling root (5 scala sources)[0m
2025.11.16 14:15:33 INFO  time: compiled root in 3.05s[0m
2025.11.16 14:15:33 INFO  compiling root (3 scala sources)[0m
2025.11.16 14:15:33 INFO  time: compiled root in 0.52s[0m
2025.11.16 14:15:35 INFO  time: code lens generation in 1.08s[0m
2025.11.16 14:15:50 INFO  compiling root (5 scala sources)[0m
2025.11.16 14:15:52 INFO  time: compiled root in 1.57s[0m
2025.11.16 14:15:52 INFO  compiling root (3 scala sources)[0m
2025.11.16 14:15:52 INFO  time: compiled root in 0.21s[0m
2025.11.16 14:15:55 INFO  compiling root (5 scala sources)[0m
2025.11.16 14:15:57 INFO  time: compiled root in 1.7s[0m
2025.11.16 14:15:57 INFO  compiling root (3 scala sources)[0m
2025.11.16 14:15:57 INFO  time: compiled root in 0.28s[0m
2025.11.16 14:16:27 INFO  compiling root (5 scala sources)[0m
2025.11.16 14:16:27 INFO  time: compiled root in 0.37s[0m
2025.11.16 14:16:39 INFO  compiling root (5 scala sources)[0m
2025.11.16 14:16:39 INFO  time: compiled root in 0.37s[0m
2025.11.16 14:16:46 INFO  compiling root (5 scala sources)[0m
2025.11.16 14:16:46 INFO  time: compiled root in 0.39s[0m
Nov 16, 2025 2:16:59 PM org.eclipse.lsp4j.jsonrpc.RemoteEndpoint handleCancellation
WARNING: Unmatched cancel notification for request id 4818
2025.11.16 14:17:10 INFO  compiling root (5 scala sources)[0m
2025.11.16 14:17:12 INFO  time: compiled root in 1.72s[0m
2025.11.16 14:17:12 INFO  compiling root (1 scala source)[0m
2025.11.16 14:17:12 INFO  time: compiled root in 0.26s[0m
Nov 16, 2025 2:26:21 PM org.eclipse.lsp4j.jsonrpc.RemoteEndpoint handleCancellation
WARNING: Unmatched cancel notification for request id 4898
2025.11.16 15:04:42 INFO  compiling root (8 scala sources)[0m
2025.11.16 15:05:01 INFO  time: compiled root in 19s[0m
2025.11.16 15:05:01 INFO  compiling root (1 scala source and 1 java source)[0m
2025.11.16 15:05:06 INFO  time: compiled root in 5.14s[0m
2025.11.16 21:47:47 INFO  compiling root (1 scala source)[0m
2025.11.16 21:47:50 WARN  Invalid text document uri received from build server: file:///home/kasukabe/schedule_kokubunji/backend/src/main/scala/helper/AuthHelper.scala[0m
2025.11.16 21:47:50 INFO  time: compiled root in 2.7s[0m
2025.11.16 21:47:58 INFO  compiling root (1 scala source)[0m
2025.11.16 21:48:00 WARN  Invalid text document uri received from build server: file:///home/kasukabe/schedule_kokubunji/backend/src/main/scala/helper/AuthHelper.scala[0m
2025.11.16 21:48:00 INFO  time: compiled root in 2.5s[0m
2025.11.16 21:48:18 INFO  compiling root (1 scala source)[0m
2025.11.16 21:48:22 WARN  Invalid text document uri received from build server: file:///home/kasukabe/schedule_kokubunji/backend/src/main/scala/helper/AuthHelper.scala[0m
2025.11.16 21:48:22 INFO  time: compiled root in 3.57s[0m
2025.11.16 21:48:50 INFO  Created report: Optional.empty[0m
2025.11.16 21:48:50 INFO  Scala instance jar /root/.sbt/boot/scala-2.12.20/lib/scala-library.jar doesn't exist! (full report at: "/home/kasukabe/schedule_kokubunji/backend/.metals/.reports/bloop/2025-11-16/r_Scala instance jar /..._21-48-50-049.md")[0m
2025.11.16 21:48:50 INFO  Created report: Optional.empty[0m
2025.11.16 21:48:50 INFO  Scala instance jar /root/.sbt/boot/scala-2.12.20/lib/scala-xml_2.12-2.3.0.jar doesn't exist! (full report at: "/home/kasukabe/schedule_kokubunji/backend/.metals/.reports/bloop/2025-11-16/r_Scala instance jar /..._21-48-50-098.md")[0m
2025.11.16 21:48:50 INFO  Created report: Optional.empty[0m
2025.11.16 21:48:50 INFO  Scala instance jar /root/.sbt/boot/scala-2.12.20/lib/scala-compiler.jar doesn't exist! (full report at: "/home/kasukabe/schedule_kokubunji/backend/.metals/.reports/bloop/2025-11-16/r_Scala instance jar /..._21-48-50-102.md")[0m
2025.11.16 21:48:50 INFO  Created report: Optional.empty[0m
2025.11.16 21:48:50 INFO  Scala instance jar /root/.sbt/boot/scala-2.12.20/lib/scala-reflect.jar doesn't exist! (full report at: "/home/kasukabe/schedule_kokubunji/backend/.metals/.reports/bloop/2025-11-16/r_Scala instance jar /..._21-48-50-107.md")[0m
2025.11.16 21:48:50 INFO  Created report: Optional.empty[0m
2025.11.16 21:48:50 INFO  /opt/java/openjdk release file missing JAVA_VERSION property - using Bloop's JVM version 17.0.16 (full report at: "/home/kasukabe/schedule_kokubunji/backend/.metals/.reports/bloop/2025-11-16/r_/opt/java/openjdk re..._21-48-50-118.md")[0m
2025.11.16 21:48:50 INFO  Created report: Optional.empty[0m
2025.11.16 21:48:50 INFO  No project associated with Uri(file:<WORKSPACE>/project/?id=backend-build) (full report at: "/home/kasukabe/schedule_kokubunji/backend/.metals/.reports/bloop/2025-11-16/r_No project associate..._21-48-50-122.md")[0m
2025.11.16 21:48:50 INFO  No project associated with Uri(file:<WORKSPACE>/project/?id=backend-build) (full report at: "/home/kasukabe/schedule_kokubunji/backend/.metals/.reports/bloop/2025-11-16/r_No project associate..._21-48-50-122.md")[0m
2025.11.16 21:48:50 INFO  No project associated with Uri(file:<WORKSPACE>/project/?id=backend-build) (full report at: "/home/kasukabe/schedule_kokubunji/backend/.metals/.reports/bloop/2025-11-16/r_No project associate..._21-48-50-122.md")[0m
2025.11.16 21:48:57 INFO  time: code lens generation in 7.54s[0m
2025.11.16 21:48:57 INFO  time: code lens generation in 7.98s[0m
2025.11.16 21:48:57 INFO  No project associated with Uri(file:<WORKSPACE>/project/?id=backend-build) (full report at: "/home/kasukabe/schedule_kokubunji/backend/.metals/.reports/bloop/2025-11-16/r_No project associate..._21-48-50-122.md")[0m
2025.11.16 21:48:57 INFO  No project associated with Uri(file:<WORKSPACE>/project/?id=backend-build) (full report at: "/home/kasukabe/schedule_kokubunji/backend/.metals/.reports/bloop/2025-11-16/r_No project associate..._21-48-50-122.md")[0m
2025.11.16 21:48:58 INFO  Bloop should support `buildTarget/jvmRunEnvironment`, but it fails.
org.eclipse.lsp4j.jsonrpc.ResponseErrorException: No project associated with Uri(file:/home/kasukabe/schedule_kokubunji/backend/project/?id=backend-build)
	at org.eclipse.lsp4j.jsonrpc.RemoteEndpoint.handleResponse(RemoteEndpoint.java:220)
	at org.eclipse.lsp4j.jsonrpc.RemoteEndpoint.consume(RemoteEndpoint.java:204)
	at org.eclipse.lsp4j.jsonrpc.json.StreamMessageProducer.handleMessage(StreamMessageProducer.java:185)
	at org.eclipse.lsp4j.jsonrpc.json.StreamMessageProducer.listen(StreamMessageProducer.java:97)
	at org.eclipse.lsp4j.jsonrpc.json.ConcurrentMessageProcessor.run(ConcurrentMessageProcessor.java:114)
	at java.util.concurrent.Executors$RunnableAdapter.call(Executors.java:539)
	at java.util.concurrent.FutureTask.run(FutureTask.java:264)
	at java.util.concurrent.ThreadPoolExecutor.runWorker(ThreadPoolExecutor.java:1136)
	at java.util.concurrent.ThreadPoolExecutor$Worker.run(ThreadPoolExecutor.java:635)
	at java.lang.Thread.run(Thread.java:840)
[0m
2025.11.16 21:48:58 INFO  Bloop should support `buildTarget/jvmRunEnvironment`, but it fails.
org.eclipse.lsp4j.jsonrpc.ResponseErrorException: No project associated with Uri(file:/home/kasukabe/schedule_kokubunji/backend/project/?id=backend-build)
	at org.eclipse.lsp4j.jsonrpc.RemoteEndpoint.handleResponse(RemoteEndpoint.java:220)
	at org.eclipse.lsp4j.jsonrpc.RemoteEndpoint.consume(RemoteEndpoint.java:204)
	at org.eclipse.lsp4j.jsonrpc.json.StreamMessageProducer.handleMessage(StreamMessageProducer.java:185)
	at org.eclipse.lsp4j.jsonrpc.json.StreamMessageProducer.listen(StreamMessageProducer.java:97)
	at org.eclipse.lsp4j.jsonrpc.json.ConcurrentMessageProcessor.run(ConcurrentMessageProcessor.java:114)
	at java.util.concurrent.Executors$RunnableAdapter.call(Executors.java:539)
	at java.util.concurrent.FutureTask.run(FutureTask.java:264)
	at java.util.concurrent.ThreadPoolExecutor.runWorker(ThreadPoolExecutor.java:1136)
	at java.util.concurrent.ThreadPoolExecutor$Worker.run(ThreadPoolExecutor.java:635)
	at java.lang.Thread.run(Thread.java:840)
[0m
2025.11.16 21:49:43 INFO  compiling root (1 scala source)[0m
2025.11.16 21:49:43 INFO  Created report: Optional[file:///home/kasukabe/schedule_kokubunji/backend/src/main/scala/repository/UserRepository.scala][0m
2025.11.16 21:49:43 INFO  empty definition using pc, found symbol in pc:  (full report at: "/home/kasukabe/schedule_kokubunji/backend/.metals/.reports/metals-full/2025-11-16/r_empty-definition_(root)_21-49-43-611.md")[0m
2025.11.16 21:49:43 INFO  Created report: Optional[file:///home/kasukabe/schedule_kokubunji/backend/src/main/scala/repository/UserRepository.scala][0m
2025.11.16 21:49:43 INFO  empty definition using pc, found symbol in pc:  (full report at: "/home/kasukabe/schedule_kokubunji/backend/.metals/.reports/metals-full/2025-11-16/r_empty-definition_(root)_21-49-43-813.md")[0m
2025.11.16 21:49:43 WARN  Invalid text document uri received from build server: file:///home/kasukabe/schedule_kokubunji/backend/src/main/scala/helper/AuthHelper.scala[0m
2025.11.16 21:49:43 INFO  time: compiled root in 0.63s[0m
2025.11.16 21:49:44 INFO  empty definition using pc, found symbol in pc:  (full report at: "/home/kasukabe/schedule_kokubunji/backend/.metals/.reports/metals-full/2025-11-16/r_empty-definition_(root)_21-49-43-813.md")[0m
2025.11.16 21:49:51 INFO  compiling root (1 scala source)[0m
2025.11.16 21:49:51 INFO  time: compiled root in 0.37s[0m
2025.11.16 21:50:04 INFO  time: compiled root in 23ms[0m
Nov 16, 2025 9:50:10 PM org.eclipse.lsp4j.jsonrpc.RemoteEndpoint handleCancellation
WARNING: Unmatched cancel notification for request id 5143
2025.11.16 21:50:32 INFO  compiling root (1 scala source)[0m
2025.11.16 21:50:32 WARN  Invalid text document uri received from build server: file:///home/kasukabe/schedule_kokubunji/backend/src/main/scala/helper/AuthHelper.scala[0m
2025.11.16 21:50:32 INFO  time: compiled root in 0.7s[0m
2025.11.16 21:50:42 INFO  compiling root (1 scala source)[0m
2025.11.16 21:50:42 INFO  time: compiled root in 0.67s[0m
Nov 16, 2025 9:51:04 PM org.eclipse.lsp4j.jsonrpc.RemoteEndpoint handleCancellation
WARNING: Unmatched cancel notification for request id 5289
2025.11.16 21:51:09 INFO  time: compiled root in 19ms[0m
