2025.11.10 19:09:27 INFO  Started: Metals version 1.6.3 in folders '/home/kasukabe/schedule_kokubunji' for client Cursor 1.99.3.[0m
2025.11.10 19:09:27 WARN  Using H2 2.4.240 which is newer than the version Flyway has been verified with. The latest verified version of H2 is 2.3.232.[0m
2025.11.10 19:09:29 INFO  no build target found for /home/kasukabe/schedule_kokubunji/backend/src/main/scala/controller/AuthController.scala. Using presentation compiler with project's scala-library version: 3.3.6[0m
2025.11.10 19:09:31 INFO  running '/usr/bin/sbt -Dbloop.export-jar-classifiers=sources bloopInstall'[0m
2025.11.10 19:09:39 INFO  [info] welcome to sbt 1.11.5 (Ubuntu Java 17.0.16)[0m
2025.11.10 19:09:44 INFO  [info] loading settings for project backend-build-build-build from metals.sbt...[0m
2025.11.10 19:09:44 INFO  [info] loading project definition from /home/kasukabe/schedule_kokubunji/backend/project/project/project[0m
2025.11.10 19:09:49 INFO  [info] loading settings for project backend-build-build from metals.sbt...[0m
2025.11.10 19:09:49 INFO  [info] loading project definition from /home/kasukabe/schedule_kokubunji/backend/project/project[0m
2025.11.10 19:09:54 INFO  [success] Generated .bloop/backend-build-build.json[0m
2025.11.10 19:09:54 INFO  [success] Total time: 5 s, completed Nov 10, 2025, 7:09:54 PM[0m
2025.11.10 19:09:55 INFO  [info] loading settings for project backend-build from metals.sbt, plugins.sbt...[0m
2025.11.10 19:09:55 INFO  [info] loading project definition from /home/kasukabe/schedule_kokubunji/backend/project[0m
2025.11.10 19:10:05 INFO  [success] Generated .bloop/backend-build.json[0m
2025.11.10 19:10:05 INFO  [success] Total time: 11 s, completed Nov 10, 2025, 7:10:06 PM[0m
2025.11.10 19:10:08 INFO  [info] loading settings for project root from build.sbt...[0m
2025.11.10 19:10:08 INFO  [info]   __              __[0m
2025.11.10 19:10:08 INFO  [info]   \ \     ____   / /____ _ __  __[0m
2025.11.10 19:10:08 INFO  [info]    \ \   / __ \ / // __ `// / / /[0m
2025.11.10 19:10:08 INFO  [info]    / /  / /_/ // // /_/ // /_/ /[0m
2025.11.10 19:10:08 INFO  [info]   /_/  / .___//_/ \__,_/ \__, /[0m
2025.11.10 19:10:08 INFO  [info]       /_/               /____/[0m
2025.11.10 19:10:08 INFO  [info] [0m
2025.11.10 19:10:08 INFO  [info] Version 3.0.9 running Java 17.0.16[0m
2025.11.10 19:10:08 INFO  [info] [0m
2025.11.10 19:10:08 INFO  [info] Play is run entirely by the community. Please consider contributing and/or donating:[0m
2025.11.10 19:10:08 INFO  [info] https://www.playframework.com/sponsors[0m
2025.11.10 19:10:08 INFO  [info] [0m
2025.11.10 19:10:27 INFO  [success] Generated .bloop/root.json[0m
2025.11.10 19:10:27 INFO  [success] Generated .bloop/root-test.json[0m
2025.11.10 19:10:27 INFO  [success] Total time: 19 s, completed Nov 10, 2025, 7:10:27 PM[0m
2025.11.10 19:10:28 INFO  time: ran 'sbt bloopInstall' in 54s[0m
2025.11.10 19:10:28 INFO  Attempting to connect to the build server...[0m
2025.11.10 19:10:28 INFO  No running Bloop server found, starting one.[0m
2025.11.10 19:10:33 INFO  Starting compilation server[0m
2025.11.10 19:10:34 INFO  tracing is disabled for protocol BSP, to enable tracing of incoming and outgoing JSON messages create an empty file at /home/kasukabe/schedule_kokubunji/.metals/bsp.trace.json or /home/kasukabe/.cache/metals/bsp.trace.json[0m
2025.11.10 19:10:36 INFO  time: Connected to build server in 7.89s[0m
2025.11.10 19:10:36 INFO  Connected to Build server: Bloop v2.0.16[0m
2025.11.10 19:10:36 INFO  time: Imported build in 0.34s[0m
2025.11.10 19:10:43 WARN  Could not find java sources in /usr/lib/jvm/src.zip, /usr/lib/jvm/lib/src.zip, /usr/lib/jvm/java-17-openjdk-amd64/src.zip, /usr/lib/jvm/java-17-openjdk-amd64/lib/src.zip. Java symbols will not be available.[0m
2025.11.10 19:11:05 INFO  time: indexed workspace in 27s[0m
2025.11.10 19:11:06 INFO  compiling root (18 scala sources and 2 java sources)[0m
2025.11.10 19:11:14 INFO  time: compiled root in 8.78s[0m
2025.11.10 19:15:06 INFO  no build target found for /home/kasukabe/schedule_kokubunji/backend/build.sbt. Using presentation compiler with project's scala-library version: 2.13.17[0m
2025.11.10 19:15:06 INFO  no build target found for /home/kasukabe/schedule_kokubunji/backend/build.sbt. Using presentation compiler with project's scala-library version: 2.13.17[0m
2025.11.10 19:15:06 WARN  no build target for: /home/kasukabe/schedule_kokubunji/backend/build.sbt[0m
2025.11.10 19:15:07 INFO  no build target found for /home/kasukabe/schedule_kokubunji/backend/build.sbt. Using presentation compiler with project's scala-library version: 2.13.17[0m
2025.11.10 19:15:08 INFO  no build target found for /home/kasukabe/schedule_kokubunji/backend/build.sbt. Using presentation compiler with project's scala-library version: 2.13.17[0m
2025.11.10 19:15:08 INFO  no build target found for /home/kasukabe/schedule_kokubunji/backend/build.sbt. Using presentation compiler with project's scala-library version: 2.13.17[0m
2025.11.10 19:15:09 INFO  no build target found for /home/kasukabe/schedule_kokubunji/backend/build.sbt. Using presentation compiler with project's scala-library version: 2.13.17[0m
2025.11.10 19:15:39 INFO  no build target found for /home/kasukabe/schedule_kokubunji/backend/build.sbt. Using presentation compiler with project's scala-library version: 2.13.17[0m
2025.11.10 19:15:40 INFO  no build target found for /home/kasukabe/schedule_kokubunji/backend/build.sbt. Using presentation compiler with project's scala-library version: 2.13.17[0m
2025.11.10 19:15:41 INFO  no build target found for /home/kasukabe/schedule_kokubunji/backend/build.sbt. Using presentation compiler with project's scala-library version: 2.13.17[0m
2025.11.10 19:15:41 INFO  no build target found for /home/kasukabe/schedule_kokubunji/backend/build.sbt. Using presentation compiler with project's scala-library version: 2.13.17[0m
2025.11.10 19:15:43 INFO  no build target found for /home/kasukabe/schedule_kokubunji/backend/build.sbt. Using presentation compiler with project's scala-library version: 2.13.17[0m
2025.11.10 19:15:43 INFO  no build target found for /home/kasukabe/schedule_kokubunji/backend/build.sbt. Using presentation compiler with project's scala-library version: 2.13.17[0m
2025.11.10 19:15:44 INFO  no build target found for /home/kasukabe/schedule_kokubunji/backend/build.sbt. Using presentation compiler with project's scala-library version: 2.13.17[0m
2025.11.10 19:15:44 INFO  no build target found for /home/kasukabe/schedule_kokubunji/backend/build.sbt. Using presentation compiler with project's scala-library version: 2.13.17[0m
2025.11.10 19:15:44 INFO  no build target found for /home/kasukabe/schedule_kokubunji/backend/build.sbt. Using presentation compiler with project's scala-library version: 2.13.17[0m
2025.11.10 19:15:44 INFO  no build target found for /home/kasukabe/schedule_kokubunji/backend/build.sbt. Using presentation compiler with project's scala-library version: 2.13.17[0m
2025.11.10 19:15:44 INFO  no build target found for /home/kasukabe/schedule_kokubunji/backend/build.sbt. Using presentation compiler with project's scala-library version: 2.13.17[0m
2025.11.10 19:15:45 INFO  no build target found for /home/kasukabe/schedule_kokubunji/backend/build.sbt. Using presentation compiler with project's scala-library version: 2.13.17[0m
2025.11.10 19:15:45 INFO  no build target found for /home/kasukabe/schedule_kokubunji/backend/build.sbt. Using presentation compiler with project's scala-library version: 2.13.17[0m
2025.11.10 19:15:45 INFO  no build target found for /home/kasukabe/schedule_kokubunji/backend/build.sbt. Using presentation compiler with project's scala-library version: 2.13.17[0m
2025.11.10 19:15:45 INFO  no build target found for /home/kasukabe/schedule_kokubunji/backend/build.sbt. Using presentation compiler with project's scala-library version: 2.13.17[0m
2025.11.10 19:15:45 INFO  no build target found for /home/kasukabe/schedule_kokubunji/backend/build.sbt. Using presentation compiler with project's scala-library version: 2.13.17[0m
2025.11.10 19:15:46 INFO  no build target found for /home/kasukabe/schedule_kokubunji/backend/build.sbt. Using presentation compiler with project's scala-library version: 2.13.17[0m
2025.11.10 19:15:46 INFO  no build target found for /home/kasukabe/schedule_kokubunji/backend/build.sbt. Using presentation compiler with project's scala-library version: 2.13.17[0m
2025.11.10 19:15:46 INFO  no build target found for /home/kasukabe/schedule_kokubunji/backend/build.sbt. Using presentation compiler with project's scala-library version: 2.13.17[0m
2025.11.10 19:15:47 INFO  no build target found for /home/kasukabe/schedule_kokubunji/backend/build.sbt. Using presentation compiler with project's scala-library version: 2.13.17[0m
2025.11.10 19:15:52 INFO  no build target found for /home/kasukabe/schedule_kokubunji/backend/build.sbt. Using presentation compiler with project's scala-library version: 2.13.17[0m
2025.11.10 19:16:18 INFO  no build target found for /home/kasukabe/schedule_kokubunji/backend/build.sbt. Using presentation compiler with project's scala-library version: 2.13.17[0m
2025.11.10 19:16:18 INFO  no build target found for /home/kasukabe/schedule_kokubunji/backend/build.sbt. Using presentation compiler with project's scala-library version: 2.13.17[0m
2025.11.10 19:16:18 INFO  no build target found for /home/kasukabe/schedule_kokubunji/backend/build.sbt. Using presentation compiler with project's scala-library version: 2.13.17[0m
2025.11.10 19:16:19 INFO  no build target found for /home/kasukabe/schedule_kokubunji/backend/build.sbt. Using presentation compiler with project's scala-library version: 2.13.17[0m
2025.11.10 19:16:19 INFO  no build target found for /home/kasukabe/schedule_kokubunji/backend/build.sbt. Using presentation compiler with project's scala-library version: 2.13.17[0m
2025.11.10 19:16:19 INFO  no build target found for /home/kasukabe/schedule_kokubunji/backend/build.sbt. Using presentation compiler with project's scala-library version: 2.13.17[0m
2025.11.10 19:16:19 INFO  no build target found for /home/kasukabe/schedule_kokubunji/backend/build.sbt. Using presentation compiler with project's scala-library version: 2.13.17[0m
2025.11.10 19:16:19 INFO  no build target found for /home/kasukabe/schedule_kokubunji/backend/build.sbt. Using presentation compiler with project's scala-library version: 2.13.17[0m
2025.11.10 19:16:21 INFO  no build target found for /home/kasukabe/schedule_kokubunji/backend/build.sbt. Using presentation compiler with project's scala-library version: 2.13.17[0m
2025.11.10 19:16:21 INFO  no build target found for /home/kasukabe/schedule_kokubunji/backend/build.sbt. Using presentation compiler with project's scala-library version: 2.13.17[0m
2025.11.10 19:16:22 INFO  no build target found for /home/kasukabe/schedule_kokubunji/backend/build.sbt. Using presentation compiler with project's scala-library version: 2.13.17[0m
2025.11.10 19:16:22 INFO  no build target found for /home/kasukabe/schedule_kokubunji/backend/build.sbt. Using presentation compiler with project's scala-library version: 2.13.17[0m
2025.11.10 19:16:21 INFO  no build target found for /home/kasukabe/schedule_kokubunji/backend/build.sbt. Using presentation compiler with project's scala-library version: 2.13.17[0m
2025.11.10 19:16:22 INFO  no build target found for /home/kasukabe/schedule_kokubunji/backend/build.sbt. Using presentation compiler with project's scala-library version: 2.13.17[0m
2025.11.10 19:16:22 INFO  no build target found for /home/kasukabe/schedule_kokubunji/backend/build.sbt. Using presentation compiler with project's scala-library version: 2.13.17[0m
2025.11.10 19:16:23 INFO  no build target found for /home/kasukabe/schedule_kokubunji/backend/build.sbt. Using presentation compiler with project's scala-library version: 2.13.17[0m
2025.11.10 19:16:23 WARN  no build target for: /home/kasukabe/schedule_kokubunji/backend/build.sbt[0m
2025.11.10 19:16:23 INFO  no build target found for /home/kasukabe/schedule_kokubunji/backend/build.sbt. Using presentation compiler with project's scala-library version: 2.13.17[0m
2025.11.10 19:17:01 INFO  no build target found for /home/kasukabe/schedule_kokubunji/backend/build.sbt. Using presentation compiler with project's scala-library version: 2.13.17[0m
2025.11.10 19:17:01 INFO  no build target found for /home/kasukabe/schedule_kokubunji/backend/build.sbt. Using presentation compiler with project's scala-library version: 2.13.17[0m
2025.11.10 19:17:08 INFO  Created report: Optional.empty[0m
2025.11.10 19:17:08 INFO  No project associated with Uri(file:<WORKSPACE>/backend/?id=root) (full report at: "/home/kasukabe/schedule_kokubunji/.metals/.reports/bloop/2025-11-10/r_No project associate..._19-17-08-115.md")[0m
2025.11.10 19:17:08 INFO  No project associated with Uri(file:<WORKSPACE>/backend/?id=root) (full report at: "/home/kasukabe/schedule_kokubunji/.metals/.reports/bloop/2025-11-10/r_No project associate..._19-17-08-115.md")[0m
2025.11.10 19:17:08 INFO  No project associated with Uri(file:<WORKSPACE>/backend/?id=root) (full report at: "/home/kasukabe/schedule_kokubunji/.metals/.reports/bloop/2025-11-10/r_No project associate..._19-17-08-115.md")[0m
2025.11.10 19:17:08 INFO  No project associated with Uri(file:<WORKSPACE>/backend/?id=root) (full report at: "/home/kasukabe/schedule_kokubunji/.metals/.reports/bloop/2025-11-10/r_No project associate..._19-17-08-115.md")[0m
2025.11.10 19:17:08 INFO  no build target found for /home/kasukabe/schedule_kokubunji/backend/build.sbt. Using presentation compiler with project's scala-library version: 2.13.17[0m
2025.11.10 19:17:08 INFO  No project associated with Uri(file:<WORKSPACE>/backend/?id=root) (full report at: "/home/kasukabe/schedule_kokubunji/.metals/.reports/bloop/2025-11-10/r_No project associate..._19-17-08-115.md")[0m
2025.11.10 19:17:08 INFO  no build target found for /home/kasukabe/schedule_kokubunji/backend/build.sbt. Using presentation compiler with project's scala-library version: 2.13.17[0m
2025.11.10 19:17:08 INFO  No project associated with Uri(file:<WORKSPACE>/backend/?id=root) (full report at: "/home/kasukabe/schedule_kokubunji/.metals/.reports/bloop/2025-11-10/r_No project associate..._19-17-08-115.md")[0m
2025.11.10 19:17:08 INFO  no build target found for /home/kasukabe/schedule_kokubunji/backend/build.sbt. Using presentation compiler with project's scala-library version: 2.13.17[0m
2025.11.10 19:17:34 INFO  No project associated with Uri(file:<WORKSPACE>/backend/?id=root) (full report at: "/home/kasukabe/schedule_kokubunji/.metals/.reports/bloop/2025-11-10/r_No project associate..._19-17-08-115.md")[0m
2025.11.10 19:17:34 INFO  No project associated with Uri(file:<WORKSPACE>/backend/?id=root) (full report at: "/home/kasukabe/schedule_kokubunji/.metals/.reports/bloop/2025-11-10/r_No project associate..._19-17-08-115.md")[0m
2025.11.10 19:17:34 INFO  no build target found for /home/kasukabe/schedule_kokubunji/backend/build.sbt. Using presentation compiler with project's scala-library version: 2.13.17[0m
2025.11.10 19:17:34 INFO  No project associated with Uri(file:<WORKSPACE>/backend/?id=root) (full report at: "/home/kasukabe/schedule_kokubunji/.metals/.reports/bloop/2025-11-10/r_No project associate..._19-17-08-115.md")[0m
2025.11.10 19:17:34 INFO  No project associated with Uri(file:<WORKSPACE>/backend/?id=root) (full report at: "/home/kasukabe/schedule_kokubunji/.metals/.reports/bloop/2025-11-10/r_No project associate..._19-17-08-115.md")[0m
2025.11.10 19:17:34 INFO  No project associated with Uri(file:<WORKSPACE>/backend/?id=root) (full report at: "/home/kasukabe/schedule_kokubunji/.metals/.reports/bloop/2025-11-10/r_No project associate..._19-17-08-115.md")[0m
2025.11.10 19:17:34 INFO  No project associated with Uri(file:<WORKSPACE>/backend/?id=root) (full report at: "/home/kasukabe/schedule_kokubunji/.metals/.reports/bloop/2025-11-10/r_No project associate..._19-17-08-115.md")[0m
2025.11.10 19:17:34 INFO  no build target found for /home/kasukabe/schedule_kokubunji/backend/build.sbt. Using presentation compiler with project's scala-library version: 2.13.17[0m
2025.11.10 19:17:34 INFO  no build target found for /home/kasukabe/schedule_kokubunji/backend/build.sbt. Using presentation compiler with project's scala-library version: 2.13.17[0m
2025.11.10 19:17:39 INFO  no build target found for /home/kasukabe/schedule_kokubunji/backend/build.sbt. Using presentation compiler with project's scala-library version: 2.13.17[0m
2025.11.10 19:17:42 INFO  running '/usr/bin/sbt -Dbloop.export-jar-classifiers=sources bloopInstall'[0m
2025.11.10 19:17:42 INFO  no build target found for /home/kasukabe/schedule_kokubunji/backend/build.sbt. Using presentation compiler with project's scala-library version: 2.13.17[0m
2025.11.10 19:17:45 INFO  [info] welcome to sbt 1.11.5 (Ubuntu Java 17.0.16)[0m
2025.11.10 19:17:48 INFO  [info] loading settings for project backend-build-build-build from metals.sbt...[0m
2025.11.10 19:17:49 INFO  [info] loading project definition from /home/kasukabe/schedule_kokubunji/backend/project/project/project[0m
2025.11.10 19:17:51 INFO  [info] loading settings for project backend-build-build from metals.sbt...[0m
2025.11.10 19:17:51 INFO  [info] loading project definition from /home/kasukabe/schedule_kokubunji/backend/project/project[0m
2025.11.10 19:17:54 INFO  no build target found for /home/kasukabe/schedule_kokubunji/backend/build.sbt. Using presentation compiler with project's scala-library version: 2.13.17[0m
2025.11.10 19:17:55 INFO  no build target found for /home/kasukabe/schedule_kokubunji/backend/build.sbt. Using presentation compiler with project's scala-library version: 2.13.17[0m
2025.11.10 19:17:55 INFO  no build target found for /home/kasukabe/schedule_kokubunji/backend/build.sbt. Using presentation compiler with project's scala-library version: 2.13.17[0m
2025.11.10 19:17:55 INFO  [success] Generated .bloop/backend-build-build.json[0m
2025.11.10 19:17:55 INFO  [success] Total time: 5 s, completed Nov 10, 2025, 7:17:55 PM[0m
2025.11.10 19:17:55 INFO  Created report: Optional[file:///home/kasukabe/schedule_kokubunji/backend/build.sbt][0m
2025.11.10 19:17:55 INFO  empty definition using pc, found symbol in pc:  (full report at: "/home/kasukabe/schedule_kokubunji/.metals/.reports/metals-full/2025-11-10/r_empty-definition_19-17-56-084.md")[0m
2025.11.10 19:17:55 INFO  [info] loading settings for project backend-build from metals.sbt, plugins.sbt...[0m
2025.11.10 19:17:56 INFO  [info] loading project definition from /home/kasukabe/schedule_kokubunji/backend/project[0m
2025.11.10 19:17:58 INFO  [success] Generated .bloop/backend-build.json[0m
2025.11.10 19:17:58 INFO  [success] Total time: 2 s, completed Nov 10, 2025, 7:17:59 PM[0m
2025.11.10 19:17:59 INFO  [info] loading settings for project root from build.sbt...[0m
2025.11.10 19:17:59 INFO  [info]   __              __[0m
2025.11.10 19:17:59 INFO  [info]   \ \     ____   / /____ _ __  __[0m
2025.11.10 19:17:59 INFO  [info]    \ \   / __ \ / // __ `// / / /[0m
2025.11.10 19:17:59 INFO  [info]    / /  / /_/ // // /_/ // /_/ /[0m
2025.11.10 19:17:59 INFO  [info]   /_/  / .___//_/ \__,_/ \__, /[0m
2025.11.10 19:17:59 INFO  [info]       /_/               /____/[0m
2025.11.10 19:17:59 INFO  [info] [0m
2025.11.10 19:17:59 INFO  [info] Version 3.0.9 running Java 17.0.16[0m
2025.11.10 19:17:59 INFO  [info] [0m
2025.11.10 19:17:59 INFO  [info] Play is run entirely by the community. Please consider contributing and/or donating:[0m
2025.11.10 19:17:59 INFO  [info] https://www.playframework.com/sponsors[0m
2025.11.10 19:17:59 INFO  [info] [0m
2025.11.10 19:18:04 INFO  [error] Couldn't run bloopGenerate. The issue could be caused by failing to compile the project.[0m
2025.11.10 19:18:04 INFO  [error] java.lang.RuntimeException: found version conflict(s) in library dependencies; some are suspected to be binary incompatible:[0m
2025.11.10 19:18:04 INFO  [error] [0m
2025.11.10 19:18:04 INFO  [error] 	* com.typesafe.slick:slick-hikaricp_2.13:3.4.1 (pvp) is selected over 3.3.3[0m
2025.11.10 19:18:04 INFO  [error] 	    +- ch.epfl.scala:hello-world_2.13:1.0                 (depends on 3.4.1)[0m
2025.11.10 19:18:04 INFO  [error] 	    +- com.typesafe.play:play-slick_2.13:5.2.0            (depends on 3.4.1)[0m
2025.11.10 19:18:04 INFO  [error] 	    +- com.typesafe.slick:slick-hikaricp_2.13:3.3.3       (depends on 3.3.3)[0m
2025.11.10 19:18:04 INFO  [error] [0m
2025.11.10 19:18:04 INFO  [error] 	* com.typesafe.slick:slick_2.13:3.4.1 (pvp) is selected over 3.3.3[0m
2025.11.10 19:18:04 INFO  [error] 	    +- ch.epfl.scala:hello-world_2.13:1.0                 (depends on 3.4.1)[0m
2025.11.10 19:18:04 INFO  [error] 	    +- com.typesafe.play:play-slick_2.13:5.2.0            (depends on 3.4.1)[0m
2025.11.10 19:18:04 INFO  [error] 	    +- com.typesafe.slick:slick-hikaricp_2.13:3.3.3       (depends on 3.4.1)[0m
2025.11.10 19:18:04 INFO  [error] 	    +- com.typesafe.slick:slick_2.13:3.3.3                (depends on 3.3.3)[0m
2025.11.10 19:18:04 INFO  [error] [0m
2025.11.10 19:18:04 INFO  [error] [0m
2025.11.10 19:18:04 INFO  [error] this can be overridden using libraryDependencySchemes or evictionErrorLevel[0m
2025.11.10 19:18:04 INFO  [error] 	at scala.sys.package$.error(package.scala:30)[0m
2025.11.10 19:18:04 INFO  [error] 	at sbt.internal.LibraryManagement$.resolve$1(LibraryManagement.scala:90)[0m
2025.11.10 19:18:04 INFO  [error] 	at sbt.internal.LibraryManagement$.$anonfun$cachedUpdate$12(LibraryManagement.scala:142)[0m
2025.11.10 19:18:04 INFO  [error] 	at sbt.util.Tracked$.$anonfun$lastOutput$1(Tracked.scala:74)[0m
2025.11.10 19:18:04 INFO  [error] 	at sbt.internal.LibraryManagement$.$anonfun$cachedUpdate$11(LibraryManagement.scala:144)[0m
2025.11.10 19:18:04 INFO  [error] 	at sbt.internal.LibraryManagement$.$anonfun$cachedUpdate$11$adapted(LibraryManagement.scala:131)[0m
2025.11.10 19:18:04 INFO  [error] 	at sbt.util.Tracked$.$anonfun$inputChangedW$1(Tracked.scala:220)[0m
2025.11.10 19:18:04 INFO  [error] 	at sbt.internal.LibraryManagement$.cachedUpdate(LibraryManagement.scala:169)[0m
2025.11.10 19:18:04 INFO  [error] 	at sbt.Classpaths$.$anonfun$updateTask0$1(Defaults.scala:3989)[0m
2025.11.10 19:18:04 INFO  [error] 	at scala.Function1.$anonfun$compose$1(Function1.scala:49)[0m
2025.11.10 19:18:04 INFO  [error] 	at sbt.internal.util.$tilde$greater.$anonfun$$u2219$1(TypeFunctions.scala:63)[0m
2025.11.10 19:18:04 INFO  [error] 	at sbt.std.Transform$$anon$4.work(Transform.scala:69)[0m
2025.11.10 19:18:04 INFO  [error] 	at sbt.Execute.$anonfun$submit$2(Execute.scala:283)[0m
2025.11.10 19:18:04 INFO  [error] 	at sbt.internal.util.ErrorHandling$.wideConvert(ErrorHandling.scala:24)[0m
2025.11.10 19:18:04 INFO  [error] 	at sbt.Execute.work(Execute.scala:292)[0m
2025.11.10 19:18:04 INFO  [error] 	at sbt.Execute.$anonfun$submit$1(Execute.scala:283)[0m
2025.11.10 19:18:04 INFO  [error] 	at sbt.ConcurrentRestrictions$$anon$4.$anonfun$submitValid$1(ConcurrentRestrictions.scala:265)[0m
2025.11.10 19:18:04 INFO  [error] 	at sbt.CompletionService$$anon$2.call(CompletionService.scala:65)[0m
2025.11.10 19:18:04 INFO  [error] 	at java.base/java.util.concurrent.FutureTask.run(FutureTask.java:264)[0m
2025.11.10 19:18:04 INFO  [error] 	at java.base/java.util.concurrent.Executors$RunnableAdapter.call(Executors.java:539)[0m
2025.11.10 19:18:04 INFO  [error] 	at java.base/java.util.concurrent.FutureTask.run(FutureTask.java:264)[0m
2025.11.10 19:18:04 INFO  [error] 	at java.base/java.util.concurrent.ThreadPoolExecutor.runWorker(ThreadPoolExecutor.java:1136)[0m
2025.11.10 19:18:04 INFO  [error] 	at java.base/java.util.concurrent.ThreadPoolExecutor$Worker.run(ThreadPoolExecutor.java:635)[0m
2025.11.10 19:18:04 INFO  [error] 	at java.base/java.lang.Thread.run(Thread.java:840)[0m
2025.11.10 19:18:04 INFO  [error] (update) found version conflict(s) in library dependencies; some are suspected to be binary incompatible:[0m
2025.11.10 19:18:04 INFO  [error] [0m
2025.11.10 19:18:04 INFO  [error] 	* com.typesafe.slick:slick-hikaricp_2.13:3.4.1 (pvp) is selected over 3.3.3[0m
2025.11.10 19:18:04 INFO  [error] 	    +- ch.epfl.scala:hello-world_2.13:1.0                 (depends on 3.4.1)[0m
2025.11.10 19:18:04 INFO  [error] 	    +- com.typesafe.play:play-slick_2.13:5.2.0            (depends on 3.4.1)[0m
2025.11.10 19:18:04 INFO  [error] 	    +- com.typesafe.slick:slick-hikaricp_2.13:3.3.3       (depends on 3.3.3)[0m
2025.11.10 19:18:04 INFO  [error] [0m
2025.11.10 19:18:04 INFO  [error] 	* com.typesafe.slick:slick_2.13:3.4.1 (pvp) is selected over 3.3.3[0m
2025.11.10 19:18:04 INFO  [error] 	    +- ch.epfl.scala:hello-world_2.13:1.0                 (depends on 3.4.1)[0m
2025.11.10 19:18:04 INFO  [error] 	    +- com.typesafe.play:play-slick_2.13:5.2.0            (depends on 3.4.1)[0m
2025.11.10 19:18:04 INFO  [error] 	    +- com.typesafe.slick:slick-hikaricp_2.13:3.3.3       (depends on 3.4.1)[0m
2025.11.10 19:18:04 INFO  [error] 	    +- com.typesafe.slick:slick_2.13:3.3.3                (depends on 3.3.3)[0m
2025.11.10 19:18:04 INFO  [error] [0m
2025.11.10 19:18:04 INFO  [error] [0m
2025.11.10 19:18:04 INFO  [error] this can be overridden using libraryDependencySchemes or evictionErrorLevel[0m
2025.11.10 19:18:04 INFO  [error] Total time: 4 s, completed Nov 10, 2025, 7:18:04 PM[0m
2025.11.10 19:18:04 INFO  time: ran 'sbt bloopInstall' in 21s[0m
2025.11.10 19:18:04 ERROR sbt command failed: /usr/bin/sbt -Dbloop.export-jar-classifiers=sources bloopInstall[0m
2025.11.10 19:18:32 INFO  no build target found for /home/kasukabe/schedule_kokubunji/backend/build.sbt. Using presentation compiler with project's scala-library version: 2.13.17[0m
2025.11.10 19:18:36 INFO  no build target found for /home/kasukabe/schedule_kokubunji/backend/build.sbt. Using presentation compiler with project's scala-library version: 2.13.17[0m
2025.11.10 19:18:36 INFO  no build target found for /home/kasukabe/schedule_kokubunji/backend/build.sbt. Using presentation compiler with project's scala-library version: 2.13.17[0m
2025.11.10 19:18:37 INFO  no build target found for /home/kasukabe/schedule_kokubunji/backend/build.sbt. Using presentation compiler with project's scala-library version: 2.13.17[0m
2025.11.10 19:18:37 INFO  no build target found for /home/kasukabe/schedule_kokubunji/backend/build.sbt. Using presentation compiler with project's scala-library version: 2.13.17[0m
2025.11.10 19:18:37 INFO  no build target found for /home/kasukabe/schedule_kokubunji/backend/build.sbt. Using presentation compiler with project's scala-library version: 2.13.17[0m
2025.11.10 19:18:37 INFO  no build target found for /home/kasukabe/schedule_kokubunji/backend/build.sbt. Using presentation compiler with project's scala-library version: 2.13.17[0m
2025.11.10 19:18:37 INFO  no build target found for /home/kasukabe/schedule_kokubunji/backend/build.sbt. Using presentation compiler with project's scala-library version: 2.13.17[0m
2025.11.10 19:18:37 INFO  no build target found for /home/kasukabe/schedule_kokubunji/backend/build.sbt. Using presentation compiler with project's scala-library version: 2.13.17[0m
2025.11.10 19:18:37 INFO  no build target found for /home/kasukabe/schedule_kokubunji/backend/build.sbt. Using presentation compiler with project's scala-library version: 2.13.17[0m
2025.11.10 19:18:39 INFO  no build target found for /home/kasukabe/schedule_kokubunji/backend/build.sbt. Using presentation compiler with project's scala-library version: 2.13.17[0m
2025.11.10 19:18:39 INFO  no build target found for /home/kasukabe/schedule_kokubunji/backend/build.sbt. Using presentation compiler with project's scala-library version: 2.13.17[0m
2025.11.10 19:18:40 INFO  no build target found for /home/kasukabe/schedule_kokubunji/backend/build.sbt. Using presentation compiler with project's scala-library version: 2.13.17[0m
2025.11.10 19:18:40 INFO  no build target found for /home/kasukabe/schedule_kokubunji/backend/build.sbt. Using presentation compiler with project's scala-library version: 2.13.17[0m
2025.11.10 19:18:39 WARN  no build target for: /home/kasukabe/schedule_kokubunji/backend/build.sbt[0m
2025.11.10 19:18:39 INFO  no build target found for /home/kasukabe/schedule_kokubunji/backend/build.sbt. Using presentation compiler with project's scala-library version: 2.13.17[0m
2025.11.10 19:18:45 INFO  running '/usr/bin/sbt -Dbloop.export-jar-classifiers=sources bloopInstall'[0m
2025.11.10 19:18:47 INFO  no build target found for /home/kasukabe/schedule_kokubunji/backend/build.sbt. Using presentation compiler with project's scala-library version: 2.13.17[0m
2025.11.10 19:18:47 INFO  no build target found for /home/kasukabe/schedule_kokubunji/backend/build.sbt. Using presentation compiler with project's scala-library version: 2.13.17[0m
2025.11.10 19:18:48 INFO  [info] welcome to sbt 1.11.5 (Ubuntu Java 17.0.16)[0m
2025.11.10 19:18:50 INFO  [info] loading settings for project backend-build-build-build from metals.sbt...[0m
2025.11.10 19:18:52 INFO  [info] loading project definition from /home/kasukabe/schedule_kokubunji/backend/project/project/project[0m
2025.11.10 19:18:53 INFO  [info] loading settings for project backend-build-build from metals.sbt...[0m
2025.11.10 19:18:53 INFO  [info] loading project definition from /home/kasukabe/schedule_kokubunji/backend/project/project[0m
2025.11.10 19:18:57 INFO  [success] Generated .bloop/backend-build-build.json[0m
2025.11.10 19:18:57 INFO  [success] Total time: 3 s, completed Nov 10, 2025, 7:18:57 PM[0m
2025.11.10 19:18:57 INFO  [info] loading settings for project backend-build from metals.sbt, plugins.sbt...[0m
2025.11.10 19:18:57 INFO  [info] loading project definition from /home/kasukabe/schedule_kokubunji/backend/project[0m
2025.11.10 19:18:58 INFO  [success] Generated .bloop/backend-build.json[0m
2025.11.10 19:18:58 INFO  [success] Total time: 1 s, completed Nov 10, 2025, 7:18:59 PM[0m
2025.11.10 19:19:02 INFO  [info] loading settings for project root from build.sbt...[0m
2025.11.10 19:19:02 INFO  [info]   __              __[0m
2025.11.10 19:19:02 INFO  [info]   \ \     ____   / /____ _ __  __[0m
2025.11.10 19:19:02 INFO  [info]    \ \   / __ \ / // __ `// / / /[0m
2025.11.10 19:19:02 INFO  [info]    / /  / /_/ // // /_/ // /_/ /[0m
2025.11.10 19:19:02 INFO  [info]   /_/  / .___//_/ \__,_/ \__, /[0m
2025.11.10 19:19:02 INFO  [info]       /_/               /____/[0m
2025.11.10 19:19:02 INFO  [info] [0m
2025.11.10 19:19:02 INFO  [info] Version 3.0.9 running Java 17.0.16[0m
2025.11.10 19:19:02 INFO  [info] [0m
2025.11.10 19:19:02 INFO  [info] Play is run entirely by the community. Please consider contributing and/or donating:[0m
2025.11.10 19:19:02 INFO  [info] https://www.playframework.com/sponsors[0m
2025.11.10 19:19:02 INFO  [info] [0m
2025.11.10 19:19:06 INFO  [success] Generated .bloop/root.json[0m
2025.11.10 19:19:06 INFO  [success] Generated .bloop/root-test.json[0m
2025.11.10 19:19:06 INFO  [success] Total time: 4 s, completed Nov 10, 2025, 7:19:06 PM[0m
2025.11.10 19:19:07 INFO  time: ran 'sbt bloopInstall' in 20s[0m
2025.11.10 19:19:07 INFO  Disconnecting from Bloop session...[0m
2025.11.10 19:19:07 INFO  Shut down connection with build server.[0m
2025.11.10 19:19:07 INFO  Attempting to connect to the build server...[0m
2025.11.10 19:19:07 INFO  Found a Bloop server running[0m
2025.11.10 19:19:07 INFO  tracing is disabled for protocol BSP, to enable tracing of incoming and outgoing JSON messages create an empty file at /home/kasukabe/schedule_kokubunji/.metals/bsp.trace.json or /home/kasukabe/.cache/metals/bsp.trace.json[0m
2025.11.10 19:19:07 INFO  time: Connected to build server in 0.14s[0m
2025.11.10 19:19:07 INFO  Connected to Build server: Bloop v2.0.16[0m
2025.11.10 19:19:08 INFO  No project associated with Uri(file:<WORKSPACE>/backend/?id=root) (full report at: "/home/kasukabe/schedule_kokubunji/.metals/.reports/bloop/2025-11-10/r_No project associate..._19-17-08-115.md")[0m
2025.11.10 19:19:08 INFO  No project associated with Uri(file:<WORKSPACE>/backend/?id=root) (full report at: "/home/kasukabe/schedule_kokubunji/.metals/.reports/bloop/2025-11-10/r_No project associate..._19-17-08-115.md")[0m
2025.11.10 19:19:08 INFO  No project associated with Uri(file:<WORKSPACE>/backend/?id=root) (full report at: "/home/kasukabe/schedule_kokubunji/.metals/.reports/bloop/2025-11-10/r_No project associate..._19-17-08-115.md")[0m
2025.11.10 19:19:08 INFO  no build target found for /home/kasukabe/schedule_kokubunji/backend/build.sbt. Using presentation compiler with project's scala-library version: 2.13.17[0m
2025.11.10 19:19:08 INFO  No project associated with Uri(file:<WORKSPACE>/backend/?id=root) (full report at: "/home/kasukabe/schedule_kokubunji/.metals/.reports/bloop/2025-11-10/r_No project associate..._19-17-08-115.md")[0m
2025.11.10 19:19:08 INFO  No project associated with Uri(file:<WORKSPACE>/backend/?id=root) (full report at: "/home/kasukabe/schedule_kokubunji/.metals/.reports/bloop/2025-11-10/r_No project associate..._19-17-08-115.md")[0m
2025.11.10 19:19:08 INFO  No project associated with Uri(file:<WORKSPACE>/backend/?id=root) (full report at: "/home/kasukabe/schedule_kokubunji/.metals/.reports/bloop/2025-11-10/r_No project associate..._19-17-08-115.md")[0m
2025.11.10 19:19:08 INFO  no build target found for /home/kasukabe/schedule_kokubunji/backend/build.sbt. Using presentation compiler with project's scala-library version: 2.13.17[0m
2025.11.10 19:19:10 WARN  Could not find java sources in /usr/lib/jvm/src.zip, /usr/lib/jvm/lib/src.zip, /usr/lib/jvm/java-17-openjdk-amd64/src.zip, /usr/lib/jvm/java-17-openjdk-amd64/lib/src.zip. Java symbols will not be available.[0m
2025.11.10 19:19:13 INFO  time: indexed workspace in 5.81s[0m
2025.11.10 19:19:13 INFO  No project associated with Uri(file:<WORKSPACE>/backend/?id=root) (full report at: "/home/kasukabe/schedule_kokubunji/.metals/.reports/bloop/2025-11-10/r_No project associate..._19-17-08-115.md")[0m
2025.11.10 19:19:13 INFO  No project associated with Uri(file:<WORKSPACE>/backend/?id=root) (full report at: "/home/kasukabe/schedule_kokubunji/.metals/.reports/bloop/2025-11-10/r_No project associate..._19-17-08-115.md")[0m
2025.11.10 19:19:13 WARN  no build target for: /home/kasukabe/schedule_kokubunji/backend/build.sbt[0m
2025.11.10 19:19:13 INFO  Created report: Optional.empty[0m
2025.11.10 19:19:13 INFO  No project associated with Uri(file:<WORKSPACE>/backend/?id=root-test) (full report at: "/home/kasukabe/schedule_kokubunji/.metals/.reports/bloop/2025-11-10/r_No project associate..._19-19-13-187.md")[0m
2025.11.10 19:19:13 INFO  No project associated with Uri(file:<WORKSPACE>/backend/?id=root-test) (full report at: "/home/kasukabe/schedule_kokubunji/.metals/.reports/bloop/2025-11-10/r_No project associate..._19-19-13-187.md")[0m
2025.11.10 19:19:13 INFO  No project associated with Uri(file:<WORKSPACE>/backend/?id=root-test) (full report at: "/home/kasukabe/schedule_kokubunji/.metals/.reports/bloop/2025-11-10/r_No project associate..._19-19-13-187.md")[0m
2025.11.10 19:19:13 INFO  no build target found for /home/kasukabe/schedule_kokubunji/backend/build.sbt. Using presentation compiler with project's scala-library version: 2.13.17[0m
2025.11.10 19:19:13 INFO  no build target found for /home/kasukabe/schedule_kokubunji/backend/build.sbt. Using presentation compiler with project's scala-library version: 2.13.17[0m
2025.11.10 19:19:14 INFO  no build target found for /home/kasukabe/schedule_kokubunji/backend/build.sbt. Using presentation compiler with project's scala-library version: 2.13.17[0m
2025.11.10 19:19:13 INFO  no build target found for /home/kasukabe/schedule_kokubunji/backend/build.sbt. Using presentation compiler with project's scala-library version: 2.13.17[0m
2025.11.10 19:19:14 INFO  no build target found for /home/kasukabe/schedule_kokubunji/backend/build.sbt. Using presentation compiler with project's scala-library version: 2.13.17[0m
2025.11.10 19:19:55 INFO  No project associated with Uri(file:<WORKSPACE>/backend/?id=root) (full report at: "/home/kasukabe/schedule_kokubunji/.metals/.reports/bloop/2025-11-10/r_No project associate..._19-17-08-115.md")[0m
2025.11.10 19:19:55 INFO  No project associated with Uri(file:<WORKSPACE>/backend/?id=root) (full report at: "/home/kasukabe/schedule_kokubunji/.metals/.reports/bloop/2025-11-10/r_No project associate..._19-17-08-115.md")[0m
2025.11.10 19:19:55 INFO  No project associated with Uri(file:<WORKSPACE>/backend/?id=root) (full report at: "/home/kasukabe/schedule_kokubunji/.metals/.reports/bloop/2025-11-10/r_No project associate..._19-17-08-115.md")[0m
2025.11.10 19:19:55 INFO  No project associated with Uri(file:<WORKSPACE>/backend/?id=root) (full report at: "/home/kasukabe/schedule_kokubunji/.metals/.reports/bloop/2025-11-10/r_No project associate..._19-17-08-115.md")[0m
2025.11.10 19:19:55 INFO  no build target found for /home/kasukabe/schedule_kokubunji/backend/build.sbt. Using presentation compiler with project's scala-library version: 2.13.17[0m
2025.11.10 19:19:55 INFO  No project associated with Uri(file:<WORKSPACE>/backend/?id=root) (full report at: "/home/kasukabe/schedule_kokubunji/.metals/.reports/bloop/2025-11-10/r_No project associate..._19-17-08-115.md")[0m
2025.11.10 19:19:55 INFO  No project associated with Uri(file:<WORKSPACE>/backend/?id=root) (full report at: "/home/kasukabe/schedule_kokubunji/.metals/.reports/bloop/2025-11-10/r_No project associate..._19-17-08-115.md")[0m
2025.11.10 19:19:56 INFO  no build target found for /home/kasukabe/schedule_kokubunji/backend/build.sbt. Using presentation compiler with project's scala-library version: 2.13.17[0m
2025.11.10 19:20:58 INFO  no build target found for /home/kasukabe/schedule_kokubunji/backend/build.sbt. Using presentation compiler with project's scala-library version: 2.13.17[0m
2025.11.10 19:20:58 INFO  no build target found for /home/kasukabe/schedule_kokubunji/backend/build.sbt. Using presentation compiler with project's scala-library version: 2.13.17[0m
2025.11.10 19:21:06 INFO  no build target found for /home/kasukabe/schedule_kokubunji/backend/build.sbt. Using presentation compiler with project's scala-library version: 2.13.17[0m
2025.11.10 19:21:10 INFO  sbt 1.11.5 found for workspace.[0m
2025.11.10 19:21:12 INFO  [info] welcome to sbt 1.11.5 (Ubuntu Java 17.0.16)[0m
2025.11.10 19:21:14 INFO  [info] loading project definition from /home/kasukabe/schedule_kokubunji/backend/project/project/project[0m
2025.11.10 19:21:16 INFO  [info] loading project definition from /home/kasukabe/schedule_kokubunji/backend/project/project[0m
2025.11.10 19:21:18 INFO  [info] loading settings for project backend-build from plugins.sbt...[0m
2025.11.10 19:21:18 INFO  [info] loading project definition from /home/kasukabe/schedule_kokubunji/backend/project[0m
2025.11.10 19:21:23 INFO  [info] loading settings for project root from build.sbt...[0m
2025.11.10 19:21:23 INFO  [info]   __              __[0m
2025.11.10 19:21:23 INFO  [info]   \ \     ____   / /____ _ __  __[0m
2025.11.10 19:21:23 INFO  [info]    \ \   / __ \ / // __ `// / / /[0m
2025.11.10 19:21:23 INFO  [info]    / /  / /_/ // // /_/ // /_/ /[0m
2025.11.10 19:21:23 INFO  [info]   /_/  / .___//_/ \__,_/ \__, /[0m
2025.11.10 19:21:23 INFO  [info]       /_/               /____/[0m
2025.11.10 19:21:23 INFO  [info] [0m
2025.11.10 19:21:23 INFO  [info] Version 3.0.9 running Java 17.0.16[0m
2025.11.10 19:21:23 INFO  [info] [0m
2025.11.10 19:21:23 INFO  [info] Play is run entirely by the community. Please consider contributing and/or donating:[0m
2025.11.10 19:21:23 INFO  [info] https://www.playframework.com/sponsors[0m
2025.11.10 19:21:23 INFO  [info] [0m
2025.11.10 19:21:23 INFO  [success] Total time: 0 s, completed Nov 10, 2025, 7:21:23 PM[0m
2025.11.10 19:21:23 INFO  no build target found for /home/kasukabe/schedule_kokubunji/backend/build.sbt. Using presentation compiler with project's scala-library version: 2.13.17[0m
2025.11.10 19:21:23 INFO  time: ran 'sbt bspConfig' in 13s[0m
2025.11.10 19:21:23 INFO  Disconnecting from Bloop session...[0m
2025.11.10 19:21:23 INFO  Shut down connection with build server.[0m
2025.11.10 19:21:23 INFO  Attempting to connect to the build server...[0m
2025.11.10 19:21:23 INFO  Running BSP server List(/usr/lib/jvm/java-17-openjdk-amd64/bin/java, -Xms100m, -Xmx100m, -classpath, /home/kasukabe/.cache/sbt/boot/sbt-launch/1.11.5/sbt-launch-1.11.5.jar, -Dsbt.script=/usr/bin/sbt, xsbt.boot.Boot, -bsp)[0m
2025.11.10 19:21:24 INFO  tracing is disabled for protocol BSP, to enable tracing of incoming and outgoing JSON messages create an empty file at /home/kasukabe/schedule_kokubunji/.metals/bsp.trace.json or /home/kasukabe/.cache/metals/bsp.trace.json[0m
2025.11.10 19:21:24 INFO  no build target found for /home/kasukabe/schedule_kokubunji/backend/build.sbt. Using presentation compiler with project's scala-library version: 2.13.17[0m
2025.11.10 19:21:24 INFO  BSP server: [info] server was not detected. starting an instance[0m
2025.11.10 19:21:27 INFO  BSP server: [info] welcome to sbt 1.11.5 (Ubuntu Java 17.0.16)[0m
2025.11.10 19:21:29 INFO  BSP server: [info] loading project definition from /home/kasukabe/schedule_kokubunji/backend/project/project/project[0m
2025.11.10 19:21:32 INFO  BSP server: [info] loading settings for project backend-build-build from metals.sbt...[0m
2025.11.10 19:21:32 INFO  BSP server: [info] loading project definition from /home/kasukabe/schedule_kokubunji/backend/project/project[0m
2025.11.10 19:21:35 INFO  BSP server: [info] loading settings for project backend-build from metals.sbt, plugins.sbt...[0m
2025.11.10 19:21:35 INFO  BSP server: [info] loading project definition from /home/kasukabe/schedule_kokubunji/backend/project[0m
2025.11.10 19:21:40 INFO  BSP server: [info] loading settings for project root from build.sbt...[0m
2025.11.10 19:21:40 INFO  BSP server: [info]   __              __[0m
2025.11.10 19:21:40 INFO  BSP server: [info]   \ \     ____   / /____ _ __  __[0m
2025.11.10 19:21:40 INFO  BSP server: [info]    \ \   / __ \ / // __ `// / / /[0m
2025.11.10 19:21:40 INFO  BSP server: [info]    / /  / /_/ // // /_/ // /_/ /[0m
2025.11.10 19:21:40 INFO  BSP server: [info]   /_/  / .___//_/ \__,_/ \__, /[0m
2025.11.10 19:21:40 INFO  BSP server: [info]       /_/               /____/[0m
2025.11.10 19:21:40 INFO  BSP server: [info] [0m
2025.11.10 19:21:40 INFO  BSP server: [info] Version 3.0.9 running Java 17.0.16[0m
2025.11.10 19:21:40 INFO  BSP server: [info] [0m
2025.11.10 19:21:40 INFO  BSP server: [info] Play is run entirely by the community. Please consider contributing and/or donating:[0m
2025.11.10 19:21:40 INFO  BSP server: [info] https://www.playframework.com/sponsors[0m
2025.11.10 19:21:40 INFO  BSP server: [info] [0m
2025.11.10 19:21:40 INFO  BSP server: [info] sbt server started at local:///home/kasukabe/.sbt/1.0/server/5f791e6d7f6e4bd9f158/sock[0m
2025.11.10 19:21:41 INFO  Processing workspace/reload[0m
2025.11.10 19:21:41 INFO  no build target found for /home/kasukabe/schedule_kokubunji/backend/build.sbt. Using presentation compiler with project's scala-library version: 2.13.17[0m
2025.11.10 19:21:41 INFO  compiling backend-build-build-build[0m
2025.11.10 19:21:41 INFO  compiling backend-build-build[0m
2025.11.10 19:21:41 INFO  compiling backend-build[0m
2025.11.10 19:21:43 INFO  time: Connected to build server in 18s[0m
2025.11.10 19:21:43 INFO  Connected to Build server: sbt v1.11.5[0m
2025.11.10 19:21:43 INFO  Processing workspace/buildTargets[0m
2025.11.10 19:21:46 INFO  Processing buildTarget/scalacOptions[0m
2025.11.10 19:21:46 INFO  Processing buildTarget/sources[0m
2025.11.10 19:21:46 INFO  Processing buildTarget/dependencySources[0m
2025.11.10 19:22:01 INFO  time: Imported build in 18s[0m
2025.11.10 19:22:14 WARN  Could not find java sources in /usr/lib/jvm/src.zip, /usr/lib/jvm/lib/src.zip, /usr/lib/jvm/java-17-openjdk-amd64/src.zip, /usr/lib/jvm/java-17-openjdk-amd64/lib/src.zip. Java symbols will not be available.[0m
2025.11.10 19:22:27 INFO  Processing buildTarget/compile[0m
Nov 10, 2025 7:22:27 PM org.eclipse.lsp4j.jsonrpc.RemoteEndpoint handleCancellation
WARNING: Unmatched cancel notification for request id 169
2025.11.10 19:22:27 INFO  compiling root[0m
2025.11.10 19:22:27 INFO  compiling 16 Scala sources and 1 Java source to /home/kasukabe/schedule_kokubunji/backend/target/scala-2.13/classes ...[0m
2025.11.10 19:22:30 ERROR /home/kasukabe/schedule_kokubunji/backend/src/main/scala/controller/AuthController.scala:20:18: not found: type AuthService[0m
2025.11.10 19:22:30 ERROR authService: AuthService,[0m
2025.11.10 19:22:30 ERROR ^[0m
2025.11.10 19:22:30 ERROR /home/kasukabe/schedule_kokubunji/backend/src/main/scala/controller/AuthController.scala:21:14: not found: type JwtUtil[0m
2025.11.10 19:22:30 ERROR jwtUtil: JwtUtil[0m
2025.11.10 19:22:30 ERROR ^[0m
2025.11.10 19:22:30 ERROR /home/kasukabe/schedule_kokubunji/backend/src/main/scala/controller/AuthController.scala:28:72: No instance of play.api.libs.json.Format is available for enum.Role in the implicit scope (Hint: if declared in the same file, make sure it's declared before)[0m
2025.11.10 19:22:30 ERROR implicit val registerFormat : Format[RegisterRequest] = Json.format[RegisterRequest][0m
2025.11.10 19:22:30 ERROR ^[0m
2025.11.10 19:22:32 INFO  time: indexed workspace in 29s[0m
2025.11.10 19:22:32 ERROR /home/kasukabe/schedule_kokubunji/backend/src/main/scala/controller/TestController.scala:18:26: not found: value StudentTable[0m
2025.11.10 19:22:32 ERROR private val students = StudentTable.students[0m
2025.11.10 19:22:32 ERROR ^[0m
2025.11.10 19:22:32 ERROR /home/kasukabe/schedule_kokubunji/backend/src/main/scala/controller/TestController.scala:20:39: not found: type Student[0m
2025.11.10 19:22:32 ERROR implicit val studentWrites: OWrites[Student] = Json.writes[Student][0m
2025.11.10 19:22:32 ERROR ^[0m
2025.11.10 19:22:32 ERROR /home/kasukabe/schedule_kokubunji/backend/src/main/scala/controller/TestController.scala:20:62: not found: type Student[0m
2025.11.10 19:22:32 ERROR implicit val studentWrites: OWrites[Student] = Json.writes[Student][0m
2025.11.10 19:22:32 ERROR ^[0m
2025.11.10 19:22:32 ERROR /home/kasukabe/schedule_kokubunji/backend/src/main/scala/enum/Role.scala:24:34: not found: type BaseColumnType[0m
2025.11.10 19:22:32 ERROR implicit val roleColumnType: BaseColumnType[Role] = MappedColumnType.base[Role, String]([0m
2025.11.10 19:22:32 ERROR ^[0m
2025.11.10 19:22:32 ERROR /home/kasukabe/schedule_kokubunji/backend/src/main/scala/enum/Role.scala:24:57: not found: value MappedColumnType[0m
2025.11.10 19:22:32 ERROR implicit val roleColumnType: BaseColumnType[Role] = MappedColumnType.base[Role, String]([0m
2025.11.10 19:22:32 ERROR ^[0m
2025.11.10 19:22:32 ERROR /home/kasukabe/schedule_kokubunji/backend/src/main/scala/repository/UserRepository.scala:5:8: not found: object tables[0m
2025.11.10 19:22:32 ERROR import tables.UserTable[0m
2025.11.10 19:22:32 ERROR ^[0m
2025.11.10 19:22:32 ERROR /home/kasukabe/schedule_kokubunji/backend/src/main/scala/repository/UserRepository.scala:24:36: not found: type UserTable[0m
2025.11.10 19:22:32 ERROR private val users : TableQuery[UserTable] = UserTable.methods[0m
2025.11.10 19:22:32 ERROR ^[0m
2025.11.10 19:22:32 ERROR /home/kasukabe/schedule_kokubunji/backend/src/main/scala/repository/UserRepository.scala:24:49: not found: value UserTable[0m
2025.11.10 19:22:32 ERROR private val users : TableQuery[UserTable] = UserTable.methods[0m
2025.11.10 19:22:32 ERROR ^[0m
2025.11.10 19:22:32 ERROR /home/kasukabe/schedule_kokubunji/backend/src/main/scala/repository/UserRepository.scala:45:28: ambiguous implicit values:
 both value BooleanColumnCanBeQueryCondition in object CanBeQueryCondition of type slick.lifted.CanBeQueryCondition[slick.lifted.Rep[Boolean]]
 and value BooleanOptionColumnCanBeQueryCondition in object CanBeQueryCondition of type slick.lifted.CanBeQueryCondition[slick.lifted.Rep[Option[Boolean]]]
 match expected type slick.lifted.CanBeQueryCondition[Nothing][0m
2025.11.10 19:22:32 ERROR db.run(users.filter(_.username === username).result.headOption)[0m
2025.11.10 19:22:32 ERROR ^[0m
2025.11.10 19:22:32 ERROR /home/kasukabe/schedule_kokubunji/backend/src/main/scala/security/SecuredAction.scala:22:69: not found: type JwtUtil[0m
2025.11.10 19:22:32 ERROR class SecuredAction @Inject()(parser: BodyParsers.Default, jwtUtil: JwtUtil)[0m
2025.11.10 19:22:32 ERROR ^[0m
2025.11.10 19:22:32 ERROR /home/kasukabe/schedule_kokubunji/backend/src/main/scala/security/SecuredAction.scala:35:80: type mismatch;
 found   : Option[String]
 required: String[0m
2025.11.10 19:22:32 ERROR val maybeToken : String = request.headers.get("Authorization").flatMap { header =>[0m
2025.11.10 19:22:32 ERROR ^[0m
2025.11.10 19:22:33 ERROR /home/kasukabe/schedule_kokubunji/backend/src/main/scala/service/AuthService.scala:20:46: not found: type UserRepository[0m
2025.11.10 19:22:33 ERROR class AuthService @Inject() (userRepository: UserRepository)[0m
2025.11.10 19:22:33 ERROR ^[0m
2025.11.10 19:22:33 ERROR /home/kasukabe/schedule_kokubunji/backend/src/main/scala/service/AuthService.scala:41:71: not found: type User[0m
2025.11.10 19:22:33 ERROR def authenticate(username: String, password: String): Future[Option[User]] = {[0m
2025.11.10 19:22:33 ERROR ^[0m
2025.11.10 19:22:33 ERROR /home/kasukabe/schedule_kokubunji/backend/src/main/scala/table/UserTable.scala:17:41: not found: type User[0m
2025.11.10 19:22:33 ERROR class UserTable(tag: Tag) extends Table[User](tag, "users") {[0m
2025.11.10 19:22:33 ERROR ^[0m
2025.11.10 19:22:33 ERROR /home/kasukabe/schedule_kokubunji/backend/src/main/scala/table/UserTable.scala:21:26: could not find implicit value for parameter tt: slick.ast.TypedType[enum.Role][0m
2025.11.10 19:22:33 ERROR def role = column[Role]("role")[0m
2025.11.10 19:22:33 ERROR ^[0m
2025.11.10 19:22:33 ERROR /home/kasukabe/schedule_kokubunji/backend/src/main/scala/util/JwtUtil.scala:33:31: not found: type Format[0m
2025.11.10 19:22:33 ERROR implicit val jwtContent : Format[JwtContent] = Json.format[JwtContent][0m
2025.11.10 19:22:33 ERROR ^[0m
2025.11.10 19:22:33 ERROR /home/kasukabe/schedule_kokubunji/backend/src/main/scala/util/JwtUtil.scala:33:52: not found: value Json[0m
2025.11.10 19:22:33 ERROR implicit val jwtContent : Format[JwtContent] = Json.format[JwtContent][0m
2025.11.10 19:22:33 ERROR ^[0m
2025.11.10 19:22:33 ERROR /home/kasukabe/schedule_kokubunji/backend/src/main/scala/util/JwtUtil.scala:43:35: not found: value Json[0m
2025.11.10 19:22:33 ERROR val tmpContent : String = Json.stringify(Json.toJson(JwtContent(id, role)))[0m
2025.11.10 19:22:33 ERROR ^[0m
2025.11.10 19:22:33 ERROR /home/kasukabe/schedule_kokubunji/backend/src/main/scala/util/JwtUtil.scala:43:50: not found: value Json[0m
2025.11.10 19:22:33 ERROR val tmpContent : String = Json.stringify(Json.toJson(JwtContent(id, role)))[0m
2025.11.10 19:22:33 ERROR ^[0m
2025.11.10 19:22:33 ERROR 22 errors found[0m
2025.11.10 19:22:33 INFO  time: compiled root in 5.94s[0m
2025.11.10 19:22:33 ERROR (Compile / compileIncremental) Compilation failed[0m
2025.11.10 19:22:33 INFO  Cancelling compilation on sbt server
org.eclipse.lsp4j.jsonrpc.ResponseErrorException: (Compile / compileIncremental) Compilation failed
	at org.eclipse.lsp4j.jsonrpc.RemoteEndpoint.handleResponse(RemoteEndpoint.java:220)
	at org.eclipse.lsp4j.jsonrpc.RemoteEndpoint.consume(RemoteEndpoint.java:204)
	at scala.meta.internal.metals.RequestMonitorImpl$$anon$1.consume(ServerLivenessMonitor.scala:41)
	at org.eclipse.lsp4j.jsonrpc.json.StreamMessageProducer.handleMessage(StreamMessageProducer.java:185)
	at org.eclipse.lsp4j.jsonrpc.json.StreamMessageProducer.listen(StreamMessageProducer.java:97)
	at org.eclipse.lsp4j.jsonrpc.json.ConcurrentMessageProcessor.run(ConcurrentMessageProcessor.java:114)
	at java.util.concurrent.Executors$RunnableAdapter.call(Executors.java:539)
	at java.util.concurrent.FutureTask.run(FutureTask.java:264)
	at java.util.concurrent.ThreadPoolExecutor.runWorker(ThreadPoolExecutor.java:1136)
	at java.util.concurrent.ThreadPoolExecutor$Worker.run(ThreadPoolExecutor.java:635)
	at java.lang.Thread.run(Thread.java:840)
[0m
2025.11.10 19:22:33 INFO  Processing buildTarget/scalaMainClasses[0m
2025.11.10 19:22:33 INFO  compiling root[0m
2025.11.10 19:22:33 INFO  compiling 16 Scala sources and 1 Java source to /home/kasukabe/schedule_kokubunji/backend/target/scala-2.13/classes ...[0m
2025.11.10 19:22:33 ERROR /home/kasukabe/schedule_kokubunji/backend/src/main/scala/controller/AuthController.scala:20:18: not found: type AuthService[0m
2025.11.10 19:22:33 ERROR authService: AuthService,[0m
2025.11.10 19:22:33 ERROR ^[0m
2025.11.10 19:22:33 ERROR /home/kasukabe/schedule_kokubunji/backend/src/main/scala/controller/AuthController.scala:21:14: not found: type JwtUtil[0m
2025.11.10 19:22:33 ERROR jwtUtil: JwtUtil[0m
2025.11.10 19:22:33 ERROR ^[0m
2025.11.10 19:22:34 ERROR /home/kasukabe/schedule_kokubunji/backend/src/main/scala/controller/AuthController.scala:28:72: No instance of play.api.libs.json.Format is available for enum.Role in the implicit scope (Hint: if declared in the same file, make sure it's declared before)[0m
2025.11.10 19:22:34 ERROR implicit val registerFormat : Format[RegisterRequest] = Json.format[RegisterRequest][0m
2025.11.10 19:22:34 ERROR ^[0m
2025.11.10 19:22:34 ERROR /home/kasukabe/schedule_kokubunji/backend/src/main/scala/controller/TestController.scala:18:26: not found: value StudentTable[0m
2025.11.10 19:22:34 ERROR private val students = StudentTable.students[0m
2025.11.10 19:22:34 ERROR ^[0m
2025.11.10 19:22:34 ERROR /home/kasukabe/schedule_kokubunji/backend/src/main/scala/controller/TestController.scala:20:39: not found: type Student[0m
2025.11.10 19:22:34 ERROR implicit val studentWrites: OWrites[Student] = Json.writes[Student][0m
2025.11.10 19:22:34 ERROR ^[0m
2025.11.10 19:22:34 ERROR /home/kasukabe/schedule_kokubunji/backend/src/main/scala/controller/TestController.scala:20:62: not found: type Student[0m
2025.11.10 19:22:34 ERROR implicit val studentWrites: OWrites[Student] = Json.writes[Student][0m
2025.11.10 19:22:34 ERROR ^[0m
2025.11.10 19:22:34 ERROR /home/kasukabe/schedule_kokubunji/backend/src/main/scala/enum/Role.scala:24:34: not found: type BaseColumnType[0m
2025.11.10 19:22:34 ERROR implicit val roleColumnType: BaseColumnType[Role] = MappedColumnType.base[Role, String]([0m
2025.11.10 19:22:34 ERROR ^[0m
2025.11.10 19:22:34 ERROR /home/kasukabe/schedule_kokubunji/backend/src/main/scala/enum/Role.scala:24:57: not found: value MappedColumnType[0m
2025.11.10 19:22:34 ERROR implicit val roleColumnType: BaseColumnType[Role] = MappedColumnType.base[Role, String]([0m
2025.11.10 19:22:34 ERROR ^[0m
2025.11.10 19:22:35 ERROR /home/kasukabe/schedule_kokubunji/backend/src/main/scala/repository/UserRepository.scala:5:8: not found: object tables[0m
2025.11.10 19:22:35 ERROR import tables.UserTable[0m
2025.11.10 19:22:35 ERROR ^[0m
2025.11.10 19:22:35 ERROR /home/kasukabe/schedule_kokubunji/backend/src/main/scala/repository/UserRepository.scala:24:36: not found: type UserTable[0m
2025.11.10 19:22:35 ERROR private val users : TableQuery[UserTable] = UserTable.methods[0m
2025.11.10 19:22:35 ERROR ^[0m
2025.11.10 19:22:35 ERROR /home/kasukabe/schedule_kokubunji/backend/src/main/scala/repository/UserRepository.scala:24:49: not found: value UserTable[0m
2025.11.10 19:22:35 ERROR private val users : TableQuery[UserTable] = UserTable.methods[0m
2025.11.10 19:22:35 ERROR ^[0m
2025.11.10 19:22:35 ERROR /home/kasukabe/schedule_kokubunji/backend/src/main/scala/repository/UserRepository.scala:45:28: ambiguous implicit values:
 both value BooleanColumnCanBeQueryCondition in object CanBeQueryCondition of type slick.lifted.CanBeQueryCondition[slick.lifted.Rep[Boolean]]
 and value BooleanOptionColumnCanBeQueryCondition in object CanBeQueryCondition of type slick.lifted.CanBeQueryCondition[slick.lifted.Rep[Option[Boolean]]]
 match expected type slick.lifted.CanBeQueryCondition[Nothing][0m
2025.11.10 19:22:35 ERROR db.run(users.filter(_.username === username).result.headOption)[0m
2025.11.10 19:22:35 ERROR ^[0m
2025.11.10 19:22:35 ERROR /home/kasukabe/schedule_kokubunji/backend/src/main/scala/security/SecuredAction.scala:22:69: not found: type JwtUtil[0m
2025.11.10 19:22:35 ERROR class SecuredAction @Inject()(parser: BodyParsers.Default, jwtUtil: JwtUtil)[0m
2025.11.10 19:22:35 ERROR ^[0m
2025.11.10 19:22:35 ERROR /home/kasukabe/schedule_kokubunji/backend/src/main/scala/security/SecuredAction.scala:35:80: type mismatch;
 found   : Option[String]
 required: String[0m
2025.11.10 19:22:35 ERROR val maybeToken : String = request.headers.get("Authorization").flatMap { header =>[0m
2025.11.10 19:22:35 ERROR ^[0m
2025.11.10 19:22:35 ERROR /home/kasukabe/schedule_kokubunji/backend/src/main/scala/service/AuthService.scala:20:46: not found: type UserRepository[0m
2025.11.10 19:22:35 ERROR class AuthService @Inject() (userRepository: UserRepository)[0m
2025.11.10 19:22:35 ERROR ^[0m
2025.11.10 19:22:35 ERROR /home/kasukabe/schedule_kokubunji/backend/src/main/scala/service/AuthService.scala:41:71: not found: type User[0m
2025.11.10 19:22:35 ERROR def authenticate(username: String, password: String): Future[Option[User]] = {[0m
2025.11.10 19:22:35 ERROR ^[0m
2025.11.10 19:22:35 ERROR /home/kasukabe/schedule_kokubunji/backend/src/main/scala/table/UserTable.scala:17:41: not found: type User[0m
2025.11.10 19:22:35 ERROR class UserTable(tag: Tag) extends Table[User](tag, "users") {[0m
2025.11.10 19:22:35 ERROR ^[0m
2025.11.10 19:22:35 ERROR /home/kasukabe/schedule_kokubunji/backend/src/main/scala/table/UserTable.scala:21:26: could not find implicit value for parameter tt: slick.ast.TypedType[enum.Role][0m
2025.11.10 19:22:35 ERROR def role = column[Role]("role")[0m
2025.11.10 19:22:35 ERROR ^[0m
2025.11.10 19:22:35 ERROR /home/kasukabe/schedule_kokubunji/backend/src/main/scala/util/JwtUtil.scala:33:31: not found: type Format[0m
2025.11.10 19:22:35 ERROR implicit val jwtContent : Format[JwtContent] = Json.format[JwtContent][0m
2025.11.10 19:22:35 ERROR ^[0m
2025.11.10 19:22:35 ERROR /home/kasukabe/schedule_kokubunji/backend/src/main/scala/util/JwtUtil.scala:33:52: not found: value Json[0m
2025.11.10 19:22:35 ERROR implicit val jwtContent : Format[JwtContent] = Json.format[JwtContent][0m
2025.11.10 19:22:35 ERROR ^[0m
2025.11.10 19:22:35 ERROR /home/kasukabe/schedule_kokubunji/backend/src/main/scala/util/JwtUtil.scala:43:35: not found: value Json[0m
2025.11.10 19:22:35 ERROR val tmpContent : String = Json.stringify(Json.toJson(JwtContent(id, role)))[0m
2025.11.10 19:22:35 ERROR ^[0m
2025.11.10 19:22:35 ERROR /home/kasukabe/schedule_kokubunji/backend/src/main/scala/util/JwtUtil.scala:43:50: not found: value Json[0m
2025.11.10 19:22:35 ERROR val tmpContent : String = Json.stringify(Json.toJson(JwtContent(id, role)))[0m
2025.11.10 19:22:35 ERROR ^[0m
2025.11.10 19:22:35 ERROR 22 errors found[0m
2025.11.10 19:22:35 INFO  time: compiled root in 2.25s[0m
2025.11.10 19:22:35 ERROR (Compile / compileIncremental) Compilation failed[0m
2025.11.10 19:22:36 INFO  Scala main classes not supported by server
org.eclipse.lsp4j.jsonrpc.ResponseErrorException: (Compile / compileIncremental) Compilation failed
	at org.eclipse.lsp4j.jsonrpc.RemoteEndpoint.handleResponse(RemoteEndpoint.java:220)
	at org.eclipse.lsp4j.jsonrpc.RemoteEndpoint.consume(RemoteEndpoint.java:204)
	at scala.meta.internal.metals.RequestMonitorImpl$$anon$1.consume(ServerLivenessMonitor.scala:41)
	at org.eclipse.lsp4j.jsonrpc.json.StreamMessageProducer.handleMessage(StreamMessageProducer.java:185)
	at org.eclipse.lsp4j.jsonrpc.json.StreamMessageProducer.listen(StreamMessageProducer.java:97)
	at org.eclipse.lsp4j.jsonrpc.json.ConcurrentMessageProcessor.run(ConcurrentMessageProcessor.java:114)
	at java.util.concurrent.Executors$RunnableAdapter.call(Executors.java:539)
	at java.util.concurrent.FutureTask.run(FutureTask.java:264)
	at java.util.concurrent.ThreadPoolExecutor.runWorker(ThreadPoolExecutor.java:1136)
	at java.util.concurrent.ThreadPoolExecutor$Worker.run(ThreadPoolExecutor.java:635)
	at java.lang.Thread.run(Thread.java:840)
[0m
2025.11.10 19:22:35 INFO  Processing buildTarget/scalaTestClasses[0m
2025.11.10 19:22:35 INFO  compiling root[0m
2025.11.10 19:22:35 INFO  compiling 16 Scala sources and 1 Java source to /home/kasukabe/schedule_kokubunji/backend/target/scala-2.13/classes ...[0m
2025.11.10 19:22:35 ERROR /home/kasukabe/schedule_kokubunji/backend/src/main/scala/controller/AuthController.scala:20:18: not found: type AuthService[0m
2025.11.10 19:22:35 ERROR authService: AuthService,[0m
2025.11.10 19:22:35 ERROR ^[0m
2025.11.10 19:22:35 ERROR /home/kasukabe/schedule_kokubunji/backend/src/main/scala/controller/AuthController.scala:21:14: not found: type JwtUtil[0m
2025.11.10 19:22:35 ERROR jwtUtil: JwtUtil[0m
2025.11.10 19:22:35 ERROR ^[0m
2025.11.10 19:22:35 ERROR /home/kasukabe/schedule_kokubunji/backend/src/main/scala/controller/AuthController.scala:28:72: No instance of play.api.libs.json.Format is available for enum.Role in the implicit scope (Hint: if declared in the same file, make sure it's declared before)[0m
2025.11.10 19:22:35 ERROR implicit val registerFormat : Format[RegisterRequest] = Json.format[RegisterRequest][0m
2025.11.10 19:22:35 ERROR ^[0m
2025.11.10 19:22:36 ERROR /home/kasukabe/schedule_kokubunji/backend/src/main/scala/controller/TestController.scala:18:26: not found: value StudentTable[0m
2025.11.10 19:22:36 ERROR private val students = StudentTable.students[0m
2025.11.10 19:22:36 ERROR ^[0m
2025.11.10 19:22:36 ERROR /home/kasukabe/schedule_kokubunji/backend/src/main/scala/controller/TestController.scala:20:39: not found: type Student[0m
2025.11.10 19:22:36 ERROR implicit val studentWrites: OWrites[Student] = Json.writes[Student][0m
2025.11.10 19:22:36 ERROR ^[0m
2025.11.10 19:22:36 ERROR /home/kasukabe/schedule_kokubunji/backend/src/main/scala/controller/TestController.scala:20:62: not found: type Student[0m
2025.11.10 19:22:36 ERROR implicit val studentWrites: OWrites[Student] = Json.writes[Student][0m
2025.11.10 19:22:36 ERROR ^[0m
2025.11.10 19:22:36 ERROR /home/kasukabe/schedule_kokubunji/backend/src/main/scala/enum/Role.scala:24:34: not found: type BaseColumnType[0m
2025.11.10 19:22:36 ERROR implicit val roleColumnType: BaseColumnType[Role] = MappedColumnType.base[Role, String]([0m
2025.11.10 19:22:36 ERROR ^[0m
2025.11.10 19:22:36 ERROR /home/kasukabe/schedule_kokubunji/backend/src/main/scala/enum/Role.scala:24:57: not found: value MappedColumnType[0m
2025.11.10 19:22:36 ERROR implicit val roleColumnType: BaseColumnType[Role] = MappedColumnType.base[Role, String]([0m
2025.11.10 19:22:36 ERROR ^[0m
2025.11.10 19:22:36 ERROR /home/kasukabe/schedule_kokubunji/backend/src/main/scala/repository/UserRepository.scala:5:8: not found: object tables[0m
2025.11.10 19:22:36 ERROR import tables.UserTable[0m
2025.11.10 19:22:36 ERROR ^[0m
2025.11.10 19:22:36 ERROR /home/kasukabe/schedule_kokubunji/backend/src/main/scala/repository/UserRepository.scala:24:36: not found: type UserTable[0m
2025.11.10 19:22:36 ERROR private val users : TableQuery[UserTable] = UserTable.methods[0m
2025.11.10 19:22:36 ERROR ^[0m
2025.11.10 19:22:36 ERROR /home/kasukabe/schedule_kokubunji/backend/src/main/scala/repository/UserRepository.scala:24:49: not found: value UserTable[0m
2025.11.10 19:22:36 ERROR private val users : TableQuery[UserTable] = UserTable.methods[0m
2025.11.10 19:22:36 ERROR ^[0m
2025.11.10 19:22:36 ERROR /home/kasukabe/schedule_kokubunji/backend/src/main/scala/repository/UserRepository.scala:45:28: ambiguous implicit values:
 both value BooleanColumnCanBeQueryCondition in object CanBeQueryCondition of type slick.lifted.CanBeQueryCondition[slick.lifted.Rep[Boolean]]
 and value BooleanOptionColumnCanBeQueryCondition in object CanBeQueryCondition of type slick.lifted.CanBeQueryCondition[slick.lifted.Rep[Option[Boolean]]]
 match expected type slick.lifted.CanBeQueryCondition[Nothing][0m
2025.11.10 19:22:36 ERROR db.run(users.filter(_.username === username).result.headOption)[0m
2025.11.10 19:22:36 ERROR ^[0m
2025.11.10 19:22:36 ERROR /home/kasukabe/schedule_kokubunji/backend/src/main/scala/security/SecuredAction.scala:22:69: not found: type JwtUtil[0m
2025.11.10 19:22:36 ERROR class SecuredAction @Inject()(parser: BodyParsers.Default, jwtUtil: JwtUtil)[0m
2025.11.10 19:22:36 ERROR ^[0m
2025.11.10 19:22:36 ERROR /home/kasukabe/schedule_kokubunji/backend/src/main/scala/security/SecuredAction.scala:35:80: type mismatch;
 found   : Option[String]
 required: String[0m
2025.11.10 19:22:36 ERROR val maybeToken : String = request.headers.get("Authorization").flatMap { header =>[0m
2025.11.10 19:22:36 ERROR ^[0m
2025.11.10 19:22:36 ERROR /home/kasukabe/schedule_kokubunji/backend/src/main/scala/service/AuthService.scala:20:46: not found: type UserRepository[0m
2025.11.10 19:22:36 ERROR class AuthService @Inject() (userRepository: UserRepository)[0m
2025.11.10 19:22:36 ERROR ^[0m
2025.11.10 19:22:36 ERROR /home/kasukabe/schedule_kokubunji/backend/src/main/scala/service/AuthService.scala:41:71: not found: type User[0m
2025.11.10 19:22:36 ERROR def authenticate(username: String, password: String): Future[Option[User]] = {[0m
2025.11.10 19:22:36 ERROR ^[0m
2025.11.10 19:22:36 ERROR /home/kasukabe/schedule_kokubunji/backend/src/main/scala/table/UserTable.scala:17:41: not found: type User[0m
2025.11.10 19:22:36 ERROR class UserTable(tag: Tag) extends Table[User](tag, "users") {[0m
2025.11.10 19:22:36 ERROR ^[0m
2025.11.10 19:22:36 ERROR /home/kasukabe/schedule_kokubunji/backend/src/main/scala/table/UserTable.scala:21:26: could not find implicit value for parameter tt: slick.ast.TypedType[enum.Role][0m
2025.11.10 19:22:36 ERROR def role = column[Role]("role")[0m
2025.11.10 19:22:36 ERROR ^[0m
2025.11.10 19:22:36 ERROR /home/kasukabe/schedule_kokubunji/backend/src/main/scala/util/JwtUtil.scala:33:31: not found: type Format[0m
2025.11.10 19:22:36 ERROR implicit val jwtContent : Format[JwtContent] = Json.format[JwtContent][0m
2025.11.10 19:22:36 ERROR ^[0m
2025.11.10 19:22:36 ERROR /home/kasukabe/schedule_kokubunji/backend/src/main/scala/util/JwtUtil.scala:33:52: not found: value Json[0m
2025.11.10 19:22:36 ERROR implicit val jwtContent : Format[JwtContent] = Json.format[JwtContent][0m
2025.11.10 19:22:36 ERROR ^[0m
2025.11.10 19:22:36 ERROR /home/kasukabe/schedule_kokubunji/backend/src/main/scala/util/JwtUtil.scala:43:35: not found: value Json[0m
2025.11.10 19:22:36 ERROR val tmpContent : String = Json.stringify(Json.toJson(JwtContent(id, role)))[0m
2025.11.10 19:22:36 ERROR ^[0m
2025.11.10 19:22:36 ERROR /home/kasukabe/schedule_kokubunji/backend/src/main/scala/util/JwtUtil.scala:43:50: not found: value Json[0m
2025.11.10 19:22:36 ERROR val tmpContent : String = Json.stringify(Json.toJson(JwtContent(id, role)))[0m
2025.11.10 19:22:36 ERROR ^[0m
2025.11.10 19:22:36 ERROR 22 errors found[0m
2025.11.10 19:22:36 INFO  time: compiled root in 1.16s[0m
2025.11.10 19:22:36 INFO  Processing buildTarget/compile[0m
2025.11.10 19:22:36 INFO  compiling root[0m
2025.11.10 19:22:36 INFO  compiling 16 Scala sources and 1 Java source to /home/kasukabe/schedule_kokubunji/backend/target/scala-2.13/classes ...[0m
2025.11.10 19:22:36 ERROR /home/kasukabe/schedule_kokubunji/backend/src/main/scala/controller/AuthController.scala:20:18: not found: type AuthService[0m
2025.11.10 19:22:36 ERROR authService: AuthService,[0m
2025.11.10 19:22:36 ERROR ^[0m
2025.11.10 19:22:36 ERROR /home/kasukabe/schedule_kokubunji/backend/src/main/scala/controller/AuthController.scala:21:14: not found: type JwtUtil[0m
2025.11.10 19:22:36 ERROR jwtUtil: JwtUtil[0m
2025.11.10 19:22:36 ERROR ^[0m
2025.11.10 19:22:37 ERROR /home/kasukabe/schedule_kokubunji/backend/src/main/scala/controller/AuthController.scala:28:72: No instance of play.api.libs.json.Format is available for enum.Role in the implicit scope (Hint: if declared in the same file, make sure it's declared before)[0m
2025.11.10 19:22:37 ERROR implicit val registerFormat : Format[RegisterRequest] = Json.format[RegisterRequest][0m
2025.11.10 19:22:37 ERROR ^[0m
2025.11.10 19:22:37 ERROR /home/kasukabe/schedule_kokubunji/backend/src/main/scala/controller/TestController.scala:18:26: not found: value StudentTable[0m
2025.11.10 19:22:37 ERROR private val students = StudentTable.students[0m
2025.11.10 19:22:37 ERROR ^[0m
2025.11.10 19:22:37 ERROR /home/kasukabe/schedule_kokubunji/backend/src/main/scala/controller/TestController.scala:20:39: not found: type Student[0m
2025.11.10 19:22:37 ERROR implicit val studentWrites: OWrites[Student] = Json.writes[Student][0m
2025.11.10 19:22:37 ERROR ^[0m
2025.11.10 19:22:37 ERROR /home/kasukabe/schedule_kokubunji/backend/src/main/scala/controller/TestController.scala:20:62: not found: type Student[0m
2025.11.10 19:22:37 ERROR implicit val studentWrites: OWrites[Student] = Json.writes[Student][0m
2025.11.10 19:22:37 ERROR ^[0m
2025.11.10 19:22:37 ERROR /home/kasukabe/schedule_kokubunji/backend/src/main/scala/enum/Role.scala:24:34: not found: type BaseColumnType[0m
2025.11.10 19:22:37 ERROR implicit val roleColumnType: BaseColumnType[Role] = MappedColumnType.base[Role, String]([0m
2025.11.10 19:22:37 ERROR ^[0m
2025.11.10 19:22:37 ERROR /home/kasukabe/schedule_kokubunji/backend/src/main/scala/enum/Role.scala:24:57: not found: value MappedColumnType[0m
2025.11.10 19:22:37 ERROR implicit val roleColumnType: BaseColumnType[Role] = MappedColumnType.base[Role, String]([0m
2025.11.10 19:22:37 ERROR ^[0m
2025.11.10 19:22:37 ERROR /home/kasukabe/schedule_kokubunji/backend/src/main/scala/repository/UserRepository.scala:5:8: not found: object tables[0m
2025.11.10 19:22:37 ERROR import tables.UserTable[0m
2025.11.10 19:22:37 ERROR ^[0m
2025.11.10 19:22:37 ERROR /home/kasukabe/schedule_kokubunji/backend/src/main/scala/repository/UserRepository.scala:24:36: not found: type UserTable[0m
2025.11.10 19:22:37 ERROR private val users : TableQuery[UserTable] = UserTable.methods[0m
2025.11.10 19:22:37 ERROR ^[0m
2025.11.10 19:22:37 ERROR /home/kasukabe/schedule_kokubunji/backend/src/main/scala/repository/UserRepository.scala:24:49: not found: value UserTable[0m
2025.11.10 19:22:37 ERROR private val users : TableQuery[UserTable] = UserTable.methods[0m
2025.11.10 19:22:37 ERROR ^[0m
2025.11.10 19:22:37 ERROR /home/kasukabe/schedule_kokubunji/backend/src/main/scala/repository/UserRepository.scala:45:28: ambiguous implicit values:
 both value BooleanColumnCanBeQueryCondition in object CanBeQueryCondition of type slick.lifted.CanBeQueryCondition[slick.lifted.Rep[Boolean]]
 and value BooleanOptionColumnCanBeQueryCondition in object CanBeQueryCondition of type slick.lifted.CanBeQueryCondition[slick.lifted.Rep[Option[Boolean]]]
 match expected type slick.lifted.CanBeQueryCondition[Nothing][0m
2025.11.10 19:22:37 ERROR db.run(users.filter(_.username === username).result.headOption)[0m
2025.11.10 19:22:37 ERROR ^[0m
2025.11.10 19:22:37 ERROR /home/kasukabe/schedule_kokubunji/backend/src/main/scala/security/SecuredAction.scala:22:69: not found: type JwtUtil[0m
2025.11.10 19:22:37 ERROR class SecuredAction @Inject()(parser: BodyParsers.Default, jwtUtil: JwtUtil)[0m
2025.11.10 19:22:37 ERROR ^[0m
2025.11.10 19:22:37 ERROR /home/kasukabe/schedule_kokubunji/backend/src/main/scala/security/SecuredAction.scala:35:80: type mismatch;
 found   : Option[String]
 required: String[0m
2025.11.10 19:22:37 ERROR val maybeToken : String = request.headers.get("Authorization").flatMap { header =>[0m
2025.11.10 19:22:37 ERROR ^[0m
2025.11.10 19:22:37 ERROR /home/kasukabe/schedule_kokubunji/backend/src/main/scala/service/AuthService.scala:20:46: not found: type UserRepository[0m
2025.11.10 19:22:37 ERROR class AuthService @Inject() (userRepository: UserRepository)[0m
2025.11.10 19:22:37 ERROR ^[0m
2025.11.10 19:22:37 ERROR /home/kasukabe/schedule_kokubunji/backend/src/main/scala/service/AuthService.scala:41:71: not found: type User[0m
2025.11.10 19:22:37 ERROR def authenticate(username: String, password: String): Future[Option[User]] = {[0m
2025.11.10 19:22:37 ERROR ^[0m
2025.11.10 19:22:37 ERROR /home/kasukabe/schedule_kokubunji/backend/src/main/scala/table/UserTable.scala:17:41: not found: type User[0m
2025.11.10 19:22:37 ERROR class UserTable(tag: Tag) extends Table[User](tag, "users") {[0m
2025.11.10 19:22:37 ERROR ^[0m
2025.11.10 19:22:37 ERROR /home/kasukabe/schedule_kokubunji/backend/src/main/scala/table/UserTable.scala:21:26: could not find implicit value for parameter tt: slick.ast.TypedType[enum.Role][0m
2025.11.10 19:22:37 ERROR def role = column[Role]("role")[0m
2025.11.10 19:22:37 ERROR ^[0m
2025.11.10 19:22:37 ERROR /home/kasukabe/schedule_kokubunji/backend/src/main/scala/util/JwtUtil.scala:33:31: not found: type Format[0m
2025.11.10 19:22:37 ERROR implicit val jwtContent : Format[JwtContent] = Json.format[JwtContent][0m
2025.11.10 19:22:37 ERROR ^[0m
2025.11.10 19:22:37 ERROR /home/kasukabe/schedule_kokubunji/backend/src/main/scala/util/JwtUtil.scala:33:52: not found: value Json[0m
2025.11.10 19:22:37 ERROR implicit val jwtContent : Format[JwtContent] = Json.format[JwtContent][0m
2025.11.10 19:22:37 ERROR ^[0m
2025.11.10 19:22:37 ERROR /home/kasukabe/schedule_kokubunji/backend/src/main/scala/util/JwtUtil.scala:43:35: not found: value Json[0m
2025.11.10 19:22:37 ERROR val tmpContent : String = Json.stringify(Json.toJson(JwtContent(id, role)))[0m
2025.11.10 19:22:37 ERROR ^[0m
2025.11.10 19:22:37 ERROR /home/kasukabe/schedule_kokubunji/backend/src/main/scala/util/JwtUtil.scala:43:50: not found: value Json[0m
2025.11.10 19:22:37 ERROR val tmpContent : String = Json.stringify(Json.toJson(JwtContent(id, role)))[0m
2025.11.10 19:22:37 ERROR ^[0m
2025.11.10 19:22:37 ERROR 22 errors found[0m
2025.11.10 19:22:37 INFO  time: compiled root in 1.02s[0m
2025.11.10 19:22:37 ERROR (Compile / compileIncremental) Compilation failed[0m
2025.11.10 19:22:38 INFO  Cancelling compilation on sbt server
org.eclipse.lsp4j.jsonrpc.ResponseErrorException: (Compile / compileIncremental) Compilation failed
	at org.eclipse.lsp4j.jsonrpc.RemoteEndpoint.handleResponse(RemoteEndpoint.java:220)
	at org.eclipse.lsp4j.jsonrpc.RemoteEndpoint.consume(RemoteEndpoint.java:204)
	at scala.meta.internal.metals.RequestMonitorImpl$$anon$1.consume(ServerLivenessMonitor.scala:41)
	at org.eclipse.lsp4j.jsonrpc.json.StreamMessageProducer.handleMessage(StreamMessageProducer.java:185)
	at org.eclipse.lsp4j.jsonrpc.json.StreamMessageProducer.listen(StreamMessageProducer.java:97)
	at org.eclipse.lsp4j.jsonrpc.json.ConcurrentMessageProcessor.run(ConcurrentMessageProcessor.java:114)
	at java.util.concurrent.Executors$RunnableAdapter.call(Executors.java:539)
	at java.util.concurrent.FutureTask.run(FutureTask.java:264)
	at java.util.concurrent.ThreadPoolExecutor.runWorker(ThreadPoolExecutor.java:1136)
	at java.util.concurrent.ThreadPoolExecutor$Worker.run(ThreadPoolExecutor.java:635)
	at java.lang.Thread.run(Thread.java:840)
[0m
2025.11.10 19:22:37 INFO  Processing buildTarget/scalaMainClasses[0m
2025.11.10 19:22:37 INFO  compiling root[0m
2025.11.10 19:22:37 INFO  compiling 16 Scala sources and 1 Java source to /home/kasukabe/schedule_kokubunji/backend/target/scala-2.13/classes ...[0m
2025.11.10 19:22:37 ERROR /home/kasukabe/schedule_kokubunji/backend/src/main/scala/controller/AuthController.scala:20:18: not found: type AuthService[0m
2025.11.10 19:22:37 ERROR authService: AuthService,[0m
2025.11.10 19:22:37 ERROR ^[0m
2025.11.10 19:22:37 ERROR /home/kasukabe/schedule_kokubunji/backend/src/main/scala/controller/AuthController.scala:21:14: not found: type JwtUtil[0m
2025.11.10 19:22:37 ERROR jwtUtil: JwtUtil[0m
2025.11.10 19:22:37 ERROR ^[0m
2025.11.10 19:22:39 ERROR /home/kasukabe/schedule_kokubunji/backend/src/main/scala/controller/AuthController.scala:28:72: No instance of play.api.libs.json.Format is available for enum.Role in the implicit scope (Hint: if declared in the same file, make sure it's declared before)[0m
2025.11.10 19:22:39 ERROR implicit val registerFormat : Format[RegisterRequest] = Json.format[RegisterRequest][0m
2025.11.10 19:22:39 ERROR ^[0m
2025.11.10 19:22:39 ERROR /home/kasukabe/schedule_kokubunji/backend/src/main/scala/controller/TestController.scala:18:26: not found: value StudentTable[0m
2025.11.10 19:22:39 ERROR private val students = StudentTable.students[0m
2025.11.10 19:22:39 ERROR ^[0m
2025.11.10 19:22:39 ERROR /home/kasukabe/schedule_kokubunji/backend/src/main/scala/controller/TestController.scala:20:39: not found: type Student[0m
2025.11.10 19:22:39 ERROR implicit val studentWrites: OWrites[Student] = Json.writes[Student][0m
2025.11.10 19:22:39 ERROR ^[0m
2025.11.10 19:22:39 ERROR /home/kasukabe/schedule_kokubunji/backend/src/main/scala/controller/TestController.scala:20:62: not found: type Student[0m
2025.11.10 19:22:39 ERROR implicit val studentWrites: OWrites[Student] = Json.writes[Student][0m
2025.11.10 19:22:39 ERROR ^[0m
2025.11.10 19:22:39 ERROR /home/kasukabe/schedule_kokubunji/backend/src/main/scala/enum/Role.scala:24:34: not found: type BaseColumnType[0m
2025.11.10 19:22:39 ERROR implicit val roleColumnType: BaseColumnType[Role] = MappedColumnType.base[Role, String]([0m
2025.11.10 19:22:39 ERROR ^[0m
2025.11.10 19:22:39 ERROR /home/kasukabe/schedule_kokubunji/backend/src/main/scala/enum/Role.scala:24:57: not found: value MappedColumnType[0m
2025.11.10 19:22:39 ERROR implicit val roleColumnType: BaseColumnType[Role] = MappedColumnType.base[Role, String]([0m
2025.11.10 19:22:39 ERROR ^[0m
2025.11.10 19:22:39 ERROR /home/kasukabe/schedule_kokubunji/backend/src/main/scala/repository/UserRepository.scala:5:8: not found: object tables[0m
2025.11.10 19:22:39 ERROR import tables.UserTable[0m
2025.11.10 19:22:39 ERROR ^[0m
2025.11.10 19:22:39 ERROR /home/kasukabe/schedule_kokubunji/backend/src/main/scala/repository/UserRepository.scala:24:36: not found: type UserTable[0m
2025.11.10 19:22:39 ERROR private val users : TableQuery[UserTable] = UserTable.methods[0m
2025.11.10 19:22:39 ERROR ^[0m
2025.11.10 19:22:39 ERROR /home/kasukabe/schedule_kokubunji/backend/src/main/scala/repository/UserRepository.scala:24:49: not found: value UserTable[0m
2025.11.10 19:22:39 ERROR private val users : TableQuery[UserTable] = UserTable.methods[0m
2025.11.10 19:22:39 ERROR ^[0m
2025.11.10 19:22:39 ERROR /home/kasukabe/schedule_kokubunji/backend/src/main/scala/repository/UserRepository.scala:45:28: ambiguous implicit values:
 both value BooleanColumnCanBeQueryCondition in object CanBeQueryCondition of type slick.lifted.CanBeQueryCondition[slick.lifted.Rep[Boolean]]
 and value BooleanOptionColumnCanBeQueryCondition in object CanBeQueryCondition of type slick.lifted.CanBeQueryCondition[slick.lifted.Rep[Option[Boolean]]]
 match expected type slick.lifted.CanBeQueryCondition[Nothing][0m
2025.11.10 19:22:39 ERROR db.run(users.filter(_.username === username).result.headOption)[0m
2025.11.10 19:22:39 ERROR ^[0m
2025.11.10 19:22:39 ERROR /home/kasukabe/schedule_kokubunji/backend/src/main/scala/security/SecuredAction.scala:22:69: not found: type JwtUtil[0m
2025.11.10 19:22:39 ERROR class SecuredAction @Inject()(parser: BodyParsers.Default, jwtUtil: JwtUtil)[0m
2025.11.10 19:22:39 ERROR ^[0m
2025.11.10 19:22:39 ERROR /home/kasukabe/schedule_kokubunji/backend/src/main/scala/security/SecuredAction.scala:35:80: type mismatch;
 found   : Option[String]
 required: String[0m
2025.11.10 19:22:39 ERROR val maybeToken : String = request.headers.get("Authorization").flatMap { header =>[0m
2025.11.10 19:22:39 ERROR ^[0m
2025.11.10 19:22:39 ERROR /home/kasukabe/schedule_kokubunji/backend/src/main/scala/service/AuthService.scala:20:46: not found: type UserRepository[0m
2025.11.10 19:22:39 ERROR class AuthService @Inject() (userRepository: UserRepository)[0m
2025.11.10 19:22:39 ERROR ^[0m
2025.11.10 19:22:39 ERROR /home/kasukabe/schedule_kokubunji/backend/src/main/scala/service/AuthService.scala:41:71: not found: type User[0m
2025.11.10 19:22:39 ERROR def authenticate(username: String, password: String): Future[Option[User]] = {[0m
2025.11.10 19:22:39 ERROR ^[0m
2025.11.10 19:22:39 ERROR /home/kasukabe/schedule_kokubunji/backend/src/main/scala/table/UserTable.scala:17:41: not found: type User[0m
2025.11.10 19:22:39 ERROR class UserTable(tag: Tag) extends Table[User](tag, "users") {[0m
2025.11.10 19:22:39 ERROR ^[0m
2025.11.10 19:22:39 ERROR /home/kasukabe/schedule_kokubunji/backend/src/main/scala/table/UserTable.scala:21:26: could not find implicit value for parameter tt: slick.ast.TypedType[enum.Role][0m
2025.11.10 19:22:39 ERROR def role = column[Role]("role")[0m
2025.11.10 19:22:39 ERROR ^[0m
2025.11.10 19:22:39 ERROR /home/kasukabe/schedule_kokubunji/backend/src/main/scala/util/JwtUtil.scala:33:31: not found: type Format[0m
2025.11.10 19:22:39 ERROR implicit val jwtContent : Format[JwtContent] = Json.format[JwtContent][0m
2025.11.10 19:22:39 ERROR ^[0m
2025.11.10 19:22:39 ERROR /home/kasukabe/schedule_kokubunji/backend/src/main/scala/util/JwtUtil.scala:33:52: not found: value Json[0m
2025.11.10 19:22:39 ERROR implicit val jwtContent : Format[JwtContent] = Json.format[JwtContent][0m
2025.11.10 19:22:39 ERROR ^[0m
2025.11.10 19:22:39 ERROR /home/kasukabe/schedule_kokubunji/backend/src/main/scala/util/JwtUtil.scala:43:35: not found: value Json[0m
2025.11.10 19:22:39 ERROR val tmpContent : String = Json.stringify(Json.toJson(JwtContent(id, role)))[0m
2025.11.10 19:22:39 ERROR ^[0m
2025.11.10 19:22:39 ERROR /home/kasukabe/schedule_kokubunji/backend/src/main/scala/util/JwtUtil.scala:43:50: not found: value Json[0m
2025.11.10 19:22:39 ERROR val tmpContent : String = Json.stringify(Json.toJson(JwtContent(id, role)))[0m
2025.11.10 19:22:39 ERROR ^[0m
2025.11.10 19:22:39 ERROR 22 errors found[0m
2025.11.10 19:22:39 INFO  time: compiled root in 0.96s[0m
2025.11.10 19:22:39 ERROR (Compile / compileIncremental) Compilation failed[0m
2025.11.10 19:22:39 INFO  Scala main classes not supported by server
org.eclipse.lsp4j.jsonrpc.ResponseErrorException: (Compile / compileIncremental) Compilation failed
	at org.eclipse.lsp4j.jsonrpc.RemoteEndpoint.handleResponse(RemoteEndpoint.java:220)
	at org.eclipse.lsp4j.jsonrpc.RemoteEndpoint.consume(RemoteEndpoint.java:204)
	at scala.meta.internal.metals.RequestMonitorImpl$$anon$1.consume(ServerLivenessMonitor.scala:41)
	at org.eclipse.lsp4j.jsonrpc.json.StreamMessageProducer.handleMessage(StreamMessageProducer.java:185)
	at org.eclipse.lsp4j.jsonrpc.json.StreamMessageProducer.listen(StreamMessageProducer.java:97)
	at org.eclipse.lsp4j.jsonrpc.json.ConcurrentMessageProcessor.run(ConcurrentMessageProcessor.java:114)
	at java.util.concurrent.Executors$RunnableAdapter.call(Executors.java:539)
	at java.util.concurrent.FutureTask.run(FutureTask.java:264)
	at java.util.concurrent.ThreadPoolExecutor.runWorker(ThreadPoolExecutor.java:1136)
	at java.util.concurrent.ThreadPoolExecutor$Worker.run(ThreadPoolExecutor.java:635)
	at java.lang.Thread.run(Thread.java:840)
[0m
2025.11.10 19:22:39 INFO  Processing buildTarget/scalaTestClasses[0m
2025.11.10 19:22:39 INFO  Processing buildTarget/scalaMainClasses[0m
2025.11.10 19:22:40 INFO  compiling root[0m
2025.11.10 19:22:40 INFO  compiling 16 Scala sources and 1 Java source to /home/kasukabe/schedule_kokubunji/backend/target/scala-2.13/classes ...[0m
2025.11.10 19:22:40 ERROR /home/kasukabe/schedule_kokubunji/backend/src/main/scala/controller/AuthController.scala:20:18: not found: type AuthService[0m
2025.11.10 19:22:40 ERROR authService: AuthService,[0m
2025.11.10 19:22:40 ERROR ^[0m
2025.11.10 19:22:40 ERROR /home/kasukabe/schedule_kokubunji/backend/src/main/scala/controller/AuthController.scala:21:14: not found: type JwtUtil[0m
2025.11.10 19:22:40 ERROR jwtUtil: JwtUtil[0m
2025.11.10 19:22:40 ERROR ^[0m
2025.11.10 19:22:40 ERROR /home/kasukabe/schedule_kokubunji/backend/src/main/scala/controller/AuthController.scala:28:72: No instance of play.api.libs.json.Format is available for enum.Role in the implicit scope (Hint: if declared in the same file, make sure it's declared before)[0m
2025.11.10 19:22:40 ERROR implicit val registerFormat : Format[RegisterRequest] = Json.format[RegisterRequest][0m
2025.11.10 19:22:40 ERROR ^[0m
2025.11.10 19:22:41 ERROR /home/kasukabe/schedule_kokubunji/backend/src/main/scala/controller/TestController.scala:18:26: not found: value StudentTable[0m
2025.11.10 19:22:41 ERROR private val students = StudentTable.students[0m
2025.11.10 19:22:41 ERROR ^[0m
2025.11.10 19:22:41 ERROR /home/kasukabe/schedule_kokubunji/backend/src/main/scala/controller/TestController.scala:20:39: not found: type Student[0m
2025.11.10 19:22:41 ERROR implicit val studentWrites: OWrites[Student] = Json.writes[Student][0m
2025.11.10 19:22:41 ERROR ^[0m
2025.11.10 19:22:41 ERROR /home/kasukabe/schedule_kokubunji/backend/src/main/scala/controller/TestController.scala:20:62: not found: type Student[0m
2025.11.10 19:22:41 ERROR implicit val studentWrites: OWrites[Student] = Json.writes[Student][0m
2025.11.10 19:22:41 ERROR ^[0m
2025.11.10 19:22:41 ERROR /home/kasukabe/schedule_kokubunji/backend/src/main/scala/enum/Role.scala:24:34: not found: type BaseColumnType[0m
2025.11.10 19:22:41 ERROR implicit val roleColumnType: BaseColumnType[Role] = MappedColumnType.base[Role, String]([0m
2025.11.10 19:22:41 ERROR ^[0m
2025.11.10 19:22:41 ERROR /home/kasukabe/schedule_kokubunji/backend/src/main/scala/enum/Role.scala:24:57: not found: value MappedColumnType[0m
2025.11.10 19:22:41 ERROR implicit val roleColumnType: BaseColumnType[Role] = MappedColumnType.base[Role, String]([0m
2025.11.10 19:22:41 ERROR ^[0m
2025.11.10 19:22:41 ERROR /home/kasukabe/schedule_kokubunji/backend/src/main/scala/repository/UserRepository.scala:5:8: not found: object tables[0m
2025.11.10 19:22:41 ERROR import tables.UserTable[0m
2025.11.10 19:22:41 ERROR ^[0m
2025.11.10 19:22:41 ERROR /home/kasukabe/schedule_kokubunji/backend/src/main/scala/repository/UserRepository.scala:24:36: not found: type UserTable[0m
2025.11.10 19:22:41 ERROR private val users : TableQuery[UserTable] = UserTable.methods[0m
2025.11.10 19:22:41 ERROR ^[0m
2025.11.10 19:22:41 ERROR /home/kasukabe/schedule_kokubunji/backend/src/main/scala/repository/UserRepository.scala:24:49: not found: value UserTable[0m
2025.11.10 19:22:41 ERROR private val users : TableQuery[UserTable] = UserTable.methods[0m
2025.11.10 19:22:41 ERROR ^[0m
2025.11.10 19:22:41 ERROR /home/kasukabe/schedule_kokubunji/backend/src/main/scala/repository/UserRepository.scala:45:28: ambiguous implicit values:
 both value BooleanColumnCanBeQueryCondition in object CanBeQueryCondition of type slick.lifted.CanBeQueryCondition[slick.lifted.Rep[Boolean]]
 and value BooleanOptionColumnCanBeQueryCondition in object CanBeQueryCondition of type slick.lifted.CanBeQueryCondition[slick.lifted.Rep[Option[Boolean]]]
 match expected type slick.lifted.CanBeQueryCondition[Nothing][0m
2025.11.10 19:22:41 ERROR db.run(users.filter(_.username === username).result.headOption)[0m
2025.11.10 19:22:41 ERROR ^[0m
2025.11.10 19:22:41 ERROR /home/kasukabe/schedule_kokubunji/backend/src/main/scala/security/SecuredAction.scala:22:69: not found: type JwtUtil[0m
2025.11.10 19:22:41 ERROR class SecuredAction @Inject()(parser: BodyParsers.Default, jwtUtil: JwtUtil)[0m
2025.11.10 19:22:41 ERROR ^[0m
2025.11.10 19:22:41 ERROR /home/kasukabe/schedule_kokubunji/backend/src/main/scala/security/SecuredAction.scala:35:80: type mismatch;
 found   : Option[String]
 required: String[0m
2025.11.10 19:22:41 ERROR val maybeToken : String = request.headers.get("Authorization").flatMap { header =>[0m
2025.11.10 19:22:41 ERROR ^[0m
2025.11.10 19:22:41 ERROR /home/kasukabe/schedule_kokubunji/backend/src/main/scala/service/AuthService.scala:20:46: not found: type UserRepository[0m
2025.11.10 19:22:41 ERROR class AuthService @Inject() (userRepository: UserRepository)[0m
2025.11.10 19:22:41 ERROR ^[0m
2025.11.10 19:22:41 ERROR /home/kasukabe/schedule_kokubunji/backend/src/main/scala/service/AuthService.scala:41:71: not found: type User[0m
2025.11.10 19:22:41 ERROR def authenticate(username: String, password: String): Future[Option[User]] = {[0m
2025.11.10 19:22:41 ERROR ^[0m
2025.11.10 19:22:41 ERROR /home/kasukabe/schedule_kokubunji/backend/src/main/scala/table/UserTable.scala:17:41: not found: type User[0m
2025.11.10 19:22:41 ERROR class UserTable(tag: Tag) extends Table[User](tag, "users") {[0m
2025.11.10 19:22:41 ERROR ^[0m
2025.11.10 19:22:41 ERROR /home/kasukabe/schedule_kokubunji/backend/src/main/scala/table/UserTable.scala:21:26: could not find implicit value for parameter tt: slick.ast.TypedType[enum.Role][0m
2025.11.10 19:22:41 ERROR def role = column[Role]("role")[0m
2025.11.10 19:22:41 ERROR ^[0m
2025.11.10 19:22:41 ERROR /home/kasukabe/schedule_kokubunji/backend/src/main/scala/util/JwtUtil.scala:33:31: not found: type Format[0m
2025.11.10 19:22:41 ERROR implicit val jwtContent : Format[JwtContent] = Json.format[JwtContent][0m
2025.11.10 19:22:41 ERROR ^[0m
2025.11.10 19:22:41 ERROR /home/kasukabe/schedule_kokubunji/backend/src/main/scala/util/JwtUtil.scala:33:52: not found: value Json[0m
2025.11.10 19:22:41 ERROR implicit val jwtContent : Format[JwtContent] = Json.format[JwtContent][0m
2025.11.10 19:22:41 ERROR ^[0m
2025.11.10 19:22:41 ERROR /home/kasukabe/schedule_kokubunji/backend/src/main/scala/util/JwtUtil.scala:43:35: not found: value Json[0m
2025.11.10 19:22:41 ERROR val tmpContent : String = Json.stringify(Json.toJson(JwtContent(id, role)))[0m
2025.11.10 19:22:41 ERROR ^[0m
2025.11.10 19:22:41 ERROR /home/kasukabe/schedule_kokubunji/backend/src/main/scala/util/JwtUtil.scala:43:50: not found: value Json[0m
2025.11.10 19:22:41 ERROR val tmpContent : String = Json.stringify(Json.toJson(JwtContent(id, role)))[0m
2025.11.10 19:22:41 ERROR ^[0m
2025.11.10 19:22:41 ERROR 22 errors found[0m
2025.11.10 19:22:41 INFO  time: compiled root in 1.12s[0m
2025.11.10 19:22:41 ERROR (Compile / compileIncremental) Compilation failed[0m
2025.11.10 19:22:41 INFO  Scala main classes not supported by server
org.eclipse.lsp4j.jsonrpc.ResponseErrorException: (Compile / compileIncremental) Compilation failed
	at org.eclipse.lsp4j.jsonrpc.RemoteEndpoint.handleResponse(RemoteEndpoint.java:220)
	at org.eclipse.lsp4j.jsonrpc.RemoteEndpoint.consume(RemoteEndpoint.java:204)
	at scala.meta.internal.metals.RequestMonitorImpl$$anon$1.consume(ServerLivenessMonitor.scala:41)
	at org.eclipse.lsp4j.jsonrpc.json.StreamMessageProducer.handleMessage(StreamMessageProducer.java:185)
	at org.eclipse.lsp4j.jsonrpc.json.StreamMessageProducer.listen(StreamMessageProducer.java:97)
	at org.eclipse.lsp4j.jsonrpc.json.ConcurrentMessageProcessor.run(ConcurrentMessageProcessor.java:114)
	at java.util.concurrent.Executors$RunnableAdapter.call(Executors.java:539)
	at java.util.concurrent.FutureTask.run(FutureTask.java:264)
	at java.util.concurrent.ThreadPoolExecutor.runWorker(ThreadPoolExecutor.java:1136)
	at java.util.concurrent.ThreadPoolExecutor$Worker.run(ThreadPoolExecutor.java:635)
	at java.lang.Thread.run(Thread.java:840)
[0m
2025.11.10 19:22:41 INFO  Processing buildTarget/scalaTestClasses[0m
2025.11.10 19:22:41 INFO  compiling root[0m
2025.11.10 19:22:41 INFO  compiling 16 Scala sources and 1 Java source to /home/kasukabe/schedule_kokubunji/backend/target/scala-2.13/classes ...[0m
2025.11.10 19:22:41 ERROR /home/kasukabe/schedule_kokubunji/backend/src/main/scala/controller/AuthController.scala:20:18: not found: type AuthService[0m
2025.11.10 19:22:41 ERROR authService: AuthService,[0m
2025.11.10 19:22:41 ERROR ^[0m
2025.11.10 19:22:41 ERROR /home/kasukabe/schedule_kokubunji/backend/src/main/scala/controller/AuthController.scala:21:14: not found: type JwtUtil[0m
2025.11.10 19:22:41 ERROR jwtUtil: JwtUtil[0m
2025.11.10 19:22:41 ERROR ^[0m
2025.11.10 19:22:42 ERROR /home/kasukabe/schedule_kokubunji/backend/src/main/scala/controller/AuthController.scala:28:72: No instance of play.api.libs.json.Format is available for enum.Role in the implicit scope (Hint: if declared in the same file, make sure it's declared before)[0m
2025.11.10 19:22:42 ERROR implicit val registerFormat : Format[RegisterRequest] = Json.format[RegisterRequest][0m
2025.11.10 19:22:42 ERROR ^[0m
2025.11.10 19:22:42 ERROR /home/kasukabe/schedule_kokubunji/backend/src/main/scala/controller/TestController.scala:18:26: not found: value StudentTable[0m
2025.11.10 19:22:42 ERROR private val students = StudentTable.students[0m
2025.11.10 19:22:42 ERROR ^[0m
2025.11.10 19:22:42 ERROR /home/kasukabe/schedule_kokubunji/backend/src/main/scala/controller/TestController.scala:20:39: not found: type Student[0m
2025.11.10 19:22:42 ERROR implicit val studentWrites: OWrites[Student] = Json.writes[Student][0m
2025.11.10 19:22:42 ERROR ^[0m
2025.11.10 19:22:42 ERROR /home/kasukabe/schedule_kokubunji/backend/src/main/scala/controller/TestController.scala:20:62: not found: type Student[0m
2025.11.10 19:22:42 ERROR implicit val studentWrites: OWrites[Student] = Json.writes[Student][0m
2025.11.10 19:22:42 ERROR ^[0m
2025.11.10 19:22:42 ERROR /home/kasukabe/schedule_kokubunji/backend/src/main/scala/enum/Role.scala:24:34: not found: type BaseColumnType[0m
2025.11.10 19:22:42 ERROR implicit val roleColumnType: BaseColumnType[Role] = MappedColumnType.base[Role, String]([0m
2025.11.10 19:22:42 ERROR ^[0m
2025.11.10 19:22:42 ERROR /home/kasukabe/schedule_kokubunji/backend/src/main/scala/enum/Role.scala:24:57: not found: value MappedColumnType[0m
2025.11.10 19:22:42 ERROR implicit val roleColumnType: BaseColumnType[Role] = MappedColumnType.base[Role, String]([0m
2025.11.10 19:22:42 ERROR ^[0m
2025.11.10 19:22:42 ERROR /home/kasukabe/schedule_kokubunji/backend/src/main/scala/repository/UserRepository.scala:5:8: not found: object tables[0m
2025.11.10 19:22:42 ERROR import tables.UserTable[0m
2025.11.10 19:22:42 ERROR ^[0m
2025.11.10 19:22:42 ERROR /home/kasukabe/schedule_kokubunji/backend/src/main/scala/repository/UserRepository.scala:24:36: not found: type UserTable[0m
2025.11.10 19:22:42 ERROR private val users : TableQuery[UserTable] = UserTable.methods[0m
2025.11.10 19:22:42 ERROR ^[0m
2025.11.10 19:22:42 ERROR /home/kasukabe/schedule_kokubunji/backend/src/main/scala/repository/UserRepository.scala:24:49: not found: value UserTable[0m
2025.11.10 19:22:42 ERROR private val users : TableQuery[UserTable] = UserTable.methods[0m
2025.11.10 19:22:42 ERROR ^[0m
2025.11.10 19:22:42 ERROR /home/kasukabe/schedule_kokubunji/backend/src/main/scala/repository/UserRepository.scala:45:28: ambiguous implicit values:
 both value BooleanColumnCanBeQueryCondition in object CanBeQueryCondition of type slick.lifted.CanBeQueryCondition[slick.lifted.Rep[Boolean]]
 and value BooleanOptionColumnCanBeQueryCondition in object CanBeQueryCondition of type slick.lifted.CanBeQueryCondition[slick.lifted.Rep[Option[Boolean]]]
 match expected type slick.lifted.CanBeQueryCondition[Nothing][0m
2025.11.10 19:22:42 ERROR db.run(users.filter(_.username === username).result.headOption)[0m
2025.11.10 19:22:42 ERROR ^[0m
2025.11.10 19:22:42 ERROR /home/kasukabe/schedule_kokubunji/backend/src/main/scala/security/SecuredAction.scala:22:69: not found: type JwtUtil[0m
2025.11.10 19:22:42 ERROR class SecuredAction @Inject()(parser: BodyParsers.Default, jwtUtil: JwtUtil)[0m
2025.11.10 19:22:42 ERROR ^[0m
2025.11.10 19:22:42 ERROR /home/kasukabe/schedule_kokubunji/backend/src/main/scala/security/SecuredAction.scala:35:80: type mismatch;
 found   : Option[String]
 required: String[0m
2025.11.10 19:22:42 ERROR val maybeToken : String = request.headers.get("Authorization").flatMap { header =>[0m
2025.11.10 19:22:42 ERROR ^[0m
2025.11.10 19:22:42 ERROR /home/kasukabe/schedule_kokubunji/backend/src/main/scala/service/AuthService.scala:20:46: not found: type UserRepository[0m
2025.11.10 19:22:42 ERROR class AuthService @Inject() (userRepository: UserRepository)[0m
2025.11.10 19:22:42 ERROR ^[0m
2025.11.10 19:22:42 ERROR /home/kasukabe/schedule_kokubunji/backend/src/main/scala/service/AuthService.scala:41:71: not found: type User[0m
2025.11.10 19:22:42 ERROR def authenticate(username: String, password: String): Future[Option[User]] = {[0m
2025.11.10 19:22:42 ERROR ^[0m
2025.11.10 19:22:42 ERROR /home/kasukabe/schedule_kokubunji/backend/src/main/scala/table/UserTable.scala:17:41: not found: type User[0m
2025.11.10 19:22:42 ERROR class UserTable(tag: Tag) extends Table[User](tag, "users") {[0m
2025.11.10 19:22:42 ERROR ^[0m
2025.11.10 19:22:42 ERROR /home/kasukabe/schedule_kokubunji/backend/src/main/scala/table/UserTable.scala:21:26: could not find implicit value for parameter tt: slick.ast.TypedType[enum.Role][0m
2025.11.10 19:22:42 ERROR def role = column[Role]("role")[0m
2025.11.10 19:22:42 ERROR ^[0m
2025.11.10 19:22:42 ERROR /home/kasukabe/schedule_kokubunji/backend/src/main/scala/util/JwtUtil.scala:33:31: not found: type Format[0m
2025.11.10 19:22:42 ERROR implicit val jwtContent : Format[JwtContent] = Json.format[JwtContent][0m
2025.11.10 19:22:42 ERROR ^[0m
2025.11.10 19:22:42 ERROR /home/kasukabe/schedule_kokubunji/backend/src/main/scala/util/JwtUtil.scala:33:52: not found: value Json[0m
2025.11.10 19:22:42 ERROR implicit val jwtContent : Format[JwtContent] = Json.format[JwtContent][0m
2025.11.10 19:22:42 ERROR ^[0m
2025.11.10 19:22:42 ERROR /home/kasukabe/schedule_kokubunji/backend/src/main/scala/util/JwtUtil.scala:43:35: not found: value Json[0m
2025.11.10 19:22:42 ERROR val tmpContent : String = Json.stringify(Json.toJson(JwtContent(id, role)))[0m
2025.11.10 19:22:42 ERROR ^[0m
2025.11.10 19:22:42 ERROR /home/kasukabe/schedule_kokubunji/backend/src/main/scala/util/JwtUtil.scala:43:50: not found: value Json[0m
2025.11.10 19:22:42 ERROR val tmpContent : String = Json.stringify(Json.toJson(JwtContent(id, role)))[0m
2025.11.10 19:22:42 ERROR ^[0m
2025.11.10 19:22:42 ERROR 22 errors found[0m
2025.11.10 19:22:42 INFO  time: compiled root in 1.11s[0m
2025.11.10 19:22:42 ERROR (Compile / compileIncremental) Compilation failed[0m
2025.11.10 19:22:43 INFO  Scala test classes not supported by server
org.eclipse.lsp4j.jsonrpc.ResponseErrorException: (Compile / compileIncremental) Compilation failed
	at org.eclipse.lsp4j.jsonrpc.RemoteEndpoint.handleResponse(RemoteEndpoint.java:220)
	at org.eclipse.lsp4j.jsonrpc.RemoteEndpoint.consume(RemoteEndpoint.java:204)
	at scala.meta.internal.metals.RequestMonitorImpl$$anon$1.consume(ServerLivenessMonitor.scala:41)
	at org.eclipse.lsp4j.jsonrpc.json.StreamMessageProducer.handleMessage(StreamMessageProducer.java:185)
	at org.eclipse.lsp4j.jsonrpc.json.StreamMessageProducer.listen(StreamMessageProducer.java:97)
	at org.eclipse.lsp4j.jsonrpc.json.ConcurrentMessageProcessor.run(ConcurrentMessageProcessor.java:114)
	at java.util.concurrent.Executors$RunnableAdapter.call(Executors.java:539)
	at java.util.concurrent.FutureTask.run(FutureTask.java:264)
	at java.util.concurrent.ThreadPoolExecutor.runWorker(ThreadPoolExecutor.java:1136)
	at java.util.concurrent.ThreadPoolExecutor$Worker.run(ThreadPoolExecutor.java:635)
	at java.lang.Thread.run(Thread.java:840)
[0m
2025.11.10 19:22:42 INFO  Processing buildTarget/compile[0m
2025.11.10 19:23:45 INFO  Processing buildTarget/compile[0m
2025.11.10 19:24:47 INFO  Processing buildTarget/compile[0m
2025.11.10 19:25:16 INFO  Processing buildTarget/compile[0m
2025.11.10 19:25:16 INFO  compiling root[0m
2025.11.10 19:25:16 INFO  compiling 16 Scala sources and 1 Java source to /home/kasukabe/schedule_kokubunji/backend/target/scala-2.13/classes ...[0m
2025.11.10 19:25:16 ERROR /home/kasukabe/schedule_kokubunji/backend/src/main/scala/controller/AuthController.scala:7:13: object JwtUtil is not a member of package play.api.libs.json.util[0m
2025.11.10 19:25:16 ERROR import util.JwtUtil[0m
2025.11.10 19:25:16 ERROR ^[0m
2025.11.10 19:25:16 ERROR /home/kasukabe/schedule_kokubunji/backend/src/main/scala/controller/AuthController.scala:23:14: not found: type JwtUtil[0m
2025.11.10 19:25:16 ERROR jwtUtil: JwtUtil[0m
2025.11.10 19:25:16 ERROR ^[0m
2025.11.10 19:25:16 ERROR /home/kasukabe/schedule_kokubunji/backend/src/main/scala/controller/AuthController.scala:30:72: No instance of play.api.libs.json.Format is available for enum.Role in the implicit scope (Hint: if declared in the same file, make sure it's declared before)[0m
2025.11.10 19:25:16 ERROR implicit val registerFormat : Format[RegisterRequest] = Json.format[RegisterRequest][0m
2025.11.10 19:25:16 ERROR ^[0m
2025.11.10 19:25:16 ERROR /home/kasukabe/schedule_kokubunji/backend/src/main/scala/service/AuthService.scala:41:71: not found: type User[0m
2025.11.10 19:25:16 ERROR def authenticate(username: String, password: String): Future[Option[User]] = {[0m
2025.11.10 19:25:16 ERROR ^[0m
2025.11.10 19:25:16 ERROR /home/kasukabe/schedule_kokubunji/backend/src/main/scala/controller/AuthController.scala:70:32: value role is not a member of Any[0m
2025.11.10 19:25:16 ERROR "role" -> user.role[0m
2025.11.10 19:25:16 ERROR ^[0m
2025.11.10 19:25:16 ERROR /home/kasukabe/schedule_kokubunji/backend/src/main/scala/controller/TestController.scala:18:26: not found: value StudentTable[0m
2025.11.10 19:25:16 ERROR private val students = StudentTable.students[0m
2025.11.10 19:25:16 ERROR ^[0m
2025.11.10 19:25:16 ERROR /home/kasukabe/schedule_kokubunji/backend/src/main/scala/controller/TestController.scala:20:39: not found: type Student[0m
2025.11.10 19:25:16 ERROR implicit val studentWrites: OWrites[Student] = Json.writes[Student][0m
2025.11.10 19:25:16 ERROR ^[0m
2025.11.10 19:25:16 ERROR /home/kasukabe/schedule_kokubunji/backend/src/main/scala/controller/TestController.scala:20:62: not found: type Student[0m
2025.11.10 19:25:16 ERROR implicit val studentWrites: OWrites[Student] = Json.writes[Student][0m
2025.11.10 19:25:16 ERROR ^[0m
2025.11.10 19:25:16 ERROR /home/kasukabe/schedule_kokubunji/backend/src/main/scala/enum/Role.scala:24:34: not found: type BaseColumnType[0m
2025.11.10 19:25:16 ERROR implicit val roleColumnType: BaseColumnType[Role] = MappedColumnType.base[Role, String]([0m
2025.11.10 19:25:16 ERROR ^[0m
2025.11.10 19:25:16 ERROR /home/kasukabe/schedule_kokubunji/backend/src/main/scala/enum/Role.scala:24:57: not found: value MappedColumnType[0m
2025.11.10 19:25:16 ERROR implicit val roleColumnType: BaseColumnType[Role] = MappedColumnType.base[Role, String]([0m
2025.11.10 19:25:16 ERROR ^[0m
2025.11.10 19:25:17 ERROR /home/kasukabe/schedule_kokubunji/backend/src/main/scala/repository/UserRepository.scala:5:8: not found: object tables[0m
2025.11.10 19:25:17 ERROR import tables.UserTable[0m
2025.11.10 19:25:17 ERROR ^[0m
2025.11.10 19:25:17 ERROR /home/kasukabe/schedule_kokubunji/backend/src/main/scala/repository/UserRepository.scala:24:36: not found: type UserTable[0m
2025.11.10 19:25:17 ERROR private val users : TableQuery[UserTable] = UserTable.methods[0m
2025.11.10 19:25:17 ERROR ^[0m
2025.11.10 19:25:17 ERROR /home/kasukabe/schedule_kokubunji/backend/src/main/scala/repository/UserRepository.scala:24:49: not found: value UserTable[0m
2025.11.10 19:25:17 ERROR private val users : TableQuery[UserTable] = UserTable.methods[0m
2025.11.10 19:25:17 ERROR ^[0m
2025.11.10 19:25:17 ERROR /home/kasukabe/schedule_kokubunji/backend/src/main/scala/repository/UserRepository.scala:45:28: ambiguous implicit values:
 both value BooleanColumnCanBeQueryCondition in object CanBeQueryCondition of type slick.lifted.CanBeQueryCondition[slick.lifted.Rep[Boolean]]
 and value BooleanOptionColumnCanBeQueryCondition in object CanBeQueryCondition of type slick.lifted.CanBeQueryCondition[slick.lifted.Rep[Option[Boolean]]]
 match expected type slick.lifted.CanBeQueryCondition[Nothing][0m
2025.11.10 19:25:17 ERROR db.run(users.filter(_.username === username).result.headOption)[0m
2025.11.10 19:25:17 ERROR ^[0m
2025.11.10 19:25:17 ERROR /home/kasukabe/schedule_kokubunji/backend/src/main/scala/security/SecuredAction.scala:22:69: not found: type JwtUtil[0m
2025.11.10 19:25:17 ERROR class SecuredAction @Inject()(parser: BodyParsers.Default, jwtUtil: JwtUtil)[0m
2025.11.10 19:25:17 ERROR ^[0m
2025.11.10 19:25:17 ERROR /home/kasukabe/schedule_kokubunji/backend/src/main/scala/security/SecuredAction.scala:35:80: type mismatch;
 found   : Option[String]
 required: String[0m
2025.11.10 19:25:17 ERROR val maybeToken : String = request.headers.get("Authorization").flatMap { header =>[0m
2025.11.10 19:25:17 ERROR ^[0m
2025.11.10 19:25:17 ERROR /home/kasukabe/schedule_kokubunji/backend/src/main/scala/service/AuthService.scala:20:46: not found: type UserRepository[0m
2025.11.10 19:25:17 ERROR class AuthService @Inject() (userRepository: UserRepository)[0m
2025.11.10 19:25:17 ERROR ^[0m
2025.11.10 19:25:17 ERROR /home/kasukabe/schedule_kokubunji/backend/src/main/scala/table/UserTable.scala:17:41: not found: type User[0m
2025.11.10 19:25:17 ERROR class UserTable(tag: Tag) extends Table[User](tag, "users") {[0m
2025.11.10 19:25:17 ERROR ^[0m
2025.11.10 19:25:17 ERROR /home/kasukabe/schedule_kokubunji/backend/src/main/scala/table/UserTable.scala:21:26: could not find implicit value for parameter tt: slick.ast.TypedType[enum.Role][0m
2025.11.10 19:25:17 ERROR def role = column[Role]("role")[0m
2025.11.10 19:25:17 ERROR ^[0m
2025.11.10 19:25:17 ERROR /home/kasukabe/schedule_kokubunji/backend/src/main/scala/util/JwtUtil.scala:33:31: not found: type Format[0m
2025.11.10 19:25:17 ERROR implicit val jwtContent : Format[JwtContent] = Json.format[JwtContent][0m
2025.11.10 19:25:17 ERROR ^[0m
2025.11.10 19:25:17 ERROR /home/kasukabe/schedule_kokubunji/backend/src/main/scala/util/JwtUtil.scala:33:52: not found: value Json[0m
2025.11.10 19:25:17 ERROR implicit val jwtContent : Format[JwtContent] = Json.format[JwtContent][0m
2025.11.10 19:25:17 ERROR ^[0m
2025.11.10 19:25:17 ERROR /home/kasukabe/schedule_kokubunji/backend/src/main/scala/util/JwtUtil.scala:43:35: not found: value Json[0m
2025.11.10 19:25:17 ERROR val tmpContent : String = Json.stringify(Json.toJson(JwtContent(id, role)))[0m
2025.11.10 19:25:17 ERROR ^[0m
2025.11.10 19:25:17 ERROR /home/kasukabe/schedule_kokubunji/backend/src/main/scala/util/JwtUtil.scala:43:50: not found: value Json[0m
2025.11.10 19:25:17 ERROR val tmpContent : String = Json.stringify(Json.toJson(JwtContent(id, role)))[0m
2025.11.10 19:25:17 ERROR ^[0m
2025.11.10 19:25:17 ERROR 23 errors found[0m
2025.11.10 19:25:17 INFO  time: compiled root in 1.49s[0m
2025.11.10 19:25:17 ERROR (Compile / compileIncremental) Compilation failed[0m
2025.11.10 19:25:18 INFO  Cancelling compilation on sbt server
org.eclipse.lsp4j.jsonrpc.ResponseErrorException: (Compile / compileIncremental) Compilation failed
	at org.eclipse.lsp4j.jsonrpc.RemoteEndpoint.handleResponse(RemoteEndpoint.java:220)
	at org.eclipse.lsp4j.jsonrpc.RemoteEndpoint.consume(RemoteEndpoint.java:204)
	at scala.meta.internal.metals.RequestMonitorImpl$$anon$1.consume(ServerLivenessMonitor.scala:41)
	at org.eclipse.lsp4j.jsonrpc.json.StreamMessageProducer.handleMessage(StreamMessageProducer.java:185)
	at org.eclipse.lsp4j.jsonrpc.json.StreamMessageProducer.listen(StreamMessageProducer.java:97)
	at org.eclipse.lsp4j.jsonrpc.json.ConcurrentMessageProcessor.run(ConcurrentMessageProcessor.java:114)
	at java.util.concurrent.Executors$RunnableAdapter.call(Executors.java:539)
	at java.util.concurrent.FutureTask.run(FutureTask.java:264)
	at java.util.concurrent.ThreadPoolExecutor.runWorker(ThreadPoolExecutor.java:1136)
	at java.util.concurrent.ThreadPoolExecutor$Worker.run(ThreadPoolExecutor.java:635)
	at java.lang.Thread.run(Thread.java:840)
[0m
2025.11.10 19:25:17 INFO  Processing buildTarget/scalaMainClasses[0m
2025.11.10 19:25:17 INFO  compiling root[0m
2025.11.10 19:25:17 INFO  compiling 16 Scala sources and 1 Java source to /home/kasukabe/schedule_kokubunji/backend/target/scala-2.13/classes ...[0m
2025.11.10 19:25:17 ERROR /home/kasukabe/schedule_kokubunji/backend/src/main/scala/controller/AuthController.scala:7:13: object JwtUtil is not a member of package play.api.libs.json.util[0m
2025.11.10 19:25:17 ERROR import util.JwtUtil[0m
2025.11.10 19:25:17 ERROR ^[0m
2025.11.10 19:25:17 ERROR /home/kasukabe/schedule_kokubunji/backend/src/main/scala/controller/AuthController.scala:23:14: not found: type JwtUtil[0m
2025.11.10 19:25:17 ERROR jwtUtil: JwtUtil[0m
2025.11.10 19:25:17 ERROR ^[0m
2025.11.10 19:25:17 ERROR /home/kasukabe/schedule_kokubunji/backend/src/main/scala/controller/AuthController.scala:30:72: No instance of play.api.libs.json.Format is available for enum.Role in the implicit scope (Hint: if declared in the same file, make sure it's declared before)[0m
2025.11.10 19:25:17 ERROR implicit val registerFormat : Format[RegisterRequest] = Json.format[RegisterRequest][0m
2025.11.10 19:25:17 ERROR ^[0m
2025.11.10 19:25:17 ERROR /home/kasukabe/schedule_kokubunji/backend/src/main/scala/service/AuthService.scala:41:71: not found: type User[0m
2025.11.10 19:25:17 ERROR def authenticate(username: String, password: String): Future[Option[User]] = {[0m
2025.11.10 19:25:17 ERROR ^[0m
2025.11.10 19:25:18 ERROR /home/kasukabe/schedule_kokubunji/backend/src/main/scala/controller/AuthController.scala:70:32: value role is not a member of Any[0m
2025.11.10 19:25:18 ERROR "role" -> user.role[0m
2025.11.10 19:25:18 ERROR ^[0m
2025.11.10 19:25:18 ERROR /home/kasukabe/schedule_kokubunji/backend/src/main/scala/controller/TestController.scala:18:26: not found: value StudentTable[0m
2025.11.10 19:25:18 ERROR private val students = StudentTable.students[0m
2025.11.10 19:25:18 ERROR ^[0m
2025.11.10 19:25:18 ERROR /home/kasukabe/schedule_kokubunji/backend/src/main/scala/controller/TestController.scala:20:39: not found: type Student[0m
2025.11.10 19:25:18 ERROR implicit val studentWrites: OWrites[Student] = Json.writes[Student][0m
2025.11.10 19:25:18 ERROR ^[0m
2025.11.10 19:25:18 ERROR /home/kasukabe/schedule_kokubunji/backend/src/main/scala/controller/TestController.scala:20:62: not found: type Student[0m
2025.11.10 19:25:18 ERROR implicit val studentWrites: OWrites[Student] = Json.writes[Student][0m
2025.11.10 19:25:18 ERROR ^[0m
2025.11.10 19:25:18 ERROR /home/kasukabe/schedule_kokubunji/backend/src/main/scala/enum/Role.scala:24:34: not found: type BaseColumnType[0m
2025.11.10 19:25:18 ERROR implicit val roleColumnType: BaseColumnType[Role] = MappedColumnType.base[Role, String]([0m
2025.11.10 19:25:18 ERROR ^[0m
2025.11.10 19:25:18 ERROR /home/kasukabe/schedule_kokubunji/backend/src/main/scala/enum/Role.scala:24:57: not found: value MappedColumnType[0m
2025.11.10 19:25:18 ERROR implicit val roleColumnType: BaseColumnType[Role] = MappedColumnType.base[Role, String]([0m
2025.11.10 19:25:18 ERROR ^[0m
2025.11.10 19:25:18 ERROR /home/kasukabe/schedule_kokubunji/backend/src/main/scala/repository/UserRepository.scala:5:8: not found: object tables[0m
2025.11.10 19:25:18 ERROR import tables.UserTable[0m
2025.11.10 19:25:18 ERROR ^[0m
2025.11.10 19:25:18 ERROR /home/kasukabe/schedule_kokubunji/backend/src/main/scala/repository/UserRepository.scala:24:36: not found: type UserTable[0m
2025.11.10 19:25:18 ERROR private val users : TableQuery[UserTable] = UserTable.methods[0m
2025.11.10 19:25:18 ERROR ^[0m
2025.11.10 19:25:18 ERROR /home/kasukabe/schedule_kokubunji/backend/src/main/scala/repository/UserRepository.scala:24:49: not found: value UserTable[0m
2025.11.10 19:25:18 ERROR private val users : TableQuery[UserTable] = UserTable.methods[0m
2025.11.10 19:25:18 ERROR ^[0m
2025.11.10 19:25:18 ERROR /home/kasukabe/schedule_kokubunji/backend/src/main/scala/repository/UserRepository.scala:45:28: ambiguous implicit values:
 both value BooleanColumnCanBeQueryCondition in object CanBeQueryCondition of type slick.lifted.CanBeQueryCondition[slick.lifted.Rep[Boolean]]
 and value BooleanOptionColumnCanBeQueryCondition in object CanBeQueryCondition of type slick.lifted.CanBeQueryCondition[slick.lifted.Rep[Option[Boolean]]]
 match expected type slick.lifted.CanBeQueryCondition[Nothing][0m
2025.11.10 19:25:18 ERROR db.run(users.filter(_.username === username).result.headOption)[0m
2025.11.10 19:25:18 ERROR ^[0m
2025.11.10 19:25:18 ERROR /home/kasukabe/schedule_kokubunji/backend/src/main/scala/security/SecuredAction.scala:22:69: not found: type JwtUtil[0m
2025.11.10 19:25:18 ERROR class SecuredAction @Inject()(parser: BodyParsers.Default, jwtUtil: JwtUtil)[0m
2025.11.10 19:25:18 ERROR ^[0m
2025.11.10 19:25:18 ERROR /home/kasukabe/schedule_kokubunji/backend/src/main/scala/security/SecuredAction.scala:35:80: type mismatch;
 found   : Option[String]
 required: String[0m
2025.11.10 19:25:18 ERROR val maybeToken : String = request.headers.get("Authorization").flatMap { header =>[0m
2025.11.10 19:25:18 ERROR ^[0m
2025.11.10 19:25:18 ERROR /home/kasukabe/schedule_kokubunji/backend/src/main/scala/service/AuthService.scala:20:46: not found: type UserRepository[0m
2025.11.10 19:25:18 ERROR class AuthService @Inject() (userRepository: UserRepository)[0m
2025.11.10 19:25:18 ERROR ^[0m
2025.11.10 19:25:18 ERROR /home/kasukabe/schedule_kokubunji/backend/src/main/scala/table/UserTable.scala:17:41: not found: type User[0m
2025.11.10 19:25:18 ERROR class UserTable(tag: Tag) extends Table[User](tag, "users") {[0m
2025.11.10 19:25:18 ERROR ^[0m
2025.11.10 19:25:18 ERROR /home/kasukabe/schedule_kokubunji/backend/src/main/scala/table/UserTable.scala:21:26: could not find implicit value for parameter tt: slick.ast.TypedType[enum.Role][0m
2025.11.10 19:25:18 ERROR def role = column[Role]("role")[0m
2025.11.10 19:25:18 ERROR ^[0m
2025.11.10 19:25:18 ERROR /home/kasukabe/schedule_kokubunji/backend/src/main/scala/util/JwtUtil.scala:33:31: not found: type Format[0m
2025.11.10 19:25:18 ERROR implicit val jwtContent : Format[JwtContent] = Json.format[JwtContent][0m
2025.11.10 19:25:18 ERROR ^[0m
2025.11.10 19:25:18 ERROR /home/kasukabe/schedule_kokubunji/backend/src/main/scala/util/JwtUtil.scala:33:52: not found: value Json[0m
2025.11.10 19:25:18 ERROR implicit val jwtContent : Format[JwtContent] = Json.format[JwtContent][0m
2025.11.10 19:25:18 ERROR ^[0m
2025.11.10 19:25:18 ERROR /home/kasukabe/schedule_kokubunji/backend/src/main/scala/util/JwtUtil.scala:43:35: not found: value Json[0m
2025.11.10 19:25:18 ERROR val tmpContent : String = Json.stringify(Json.toJson(JwtContent(id, role)))[0m
2025.11.10 19:25:18 ERROR ^[0m
2025.11.10 19:25:18 ERROR /home/kasukabe/schedule_kokubunji/backend/src/main/scala/util/JwtUtil.scala:43:50: not found: value Json[0m
2025.11.10 19:25:18 ERROR val tmpContent : String = Json.stringify(Json.toJson(JwtContent(id, role)))[0m
2025.11.10 19:25:18 ERROR ^[0m
2025.11.10 19:25:18 ERROR 23 errors found[0m
2025.11.10 19:25:18 INFO  time: compiled root in 1.17s[0m
2025.11.10 19:25:18 ERROR (Compile / compileIncremental) Compilation failed[0m
2025.11.10 19:25:19 INFO  Scala main classes not supported by server
org.eclipse.lsp4j.jsonrpc.ResponseErrorException: (Compile / compileIncremental) Compilation failed
	at org.eclipse.lsp4j.jsonrpc.RemoteEndpoint.handleResponse(RemoteEndpoint.java:220)
	at org.eclipse.lsp4j.jsonrpc.RemoteEndpoint.consume(RemoteEndpoint.java:204)
	at scala.meta.internal.metals.RequestMonitorImpl$$anon$1.consume(ServerLivenessMonitor.scala:41)
	at org.eclipse.lsp4j.jsonrpc.json.StreamMessageProducer.handleMessage(StreamMessageProducer.java:185)
	at org.eclipse.lsp4j.jsonrpc.json.StreamMessageProducer.listen(StreamMessageProducer.java:97)
	at org.eclipse.lsp4j.jsonrpc.json.ConcurrentMessageProcessor.run(ConcurrentMessageProcessor.java:114)
	at java.util.concurrent.Executors$RunnableAdapter.call(Executors.java:539)
	at java.util.concurrent.FutureTask.run(FutureTask.java:264)
	at java.util.concurrent.ThreadPoolExecutor.runWorker(ThreadPoolExecutor.java:1136)
	at java.util.concurrent.ThreadPoolExecutor$Worker.run(ThreadPoolExecutor.java:635)
	at java.lang.Thread.run(Thread.java:840)
[0m
2025.11.10 19:25:18 INFO  Processing buildTarget/scalaTestClasses[0m
2025.11.10 19:25:48 INFO  Processing buildTarget/compile[0m
2025.11.10 19:26:50 INFO  Processing buildTarget/compile[0m
2025.11.10 19:27:52 INFO  Processing buildTarget/compile[0m
2025.11.10 19:28:54 INFO  Processing buildTarget/compile[0m
2025.11.10 19:29:56 INFO  Processing buildTarget/compile[0m
2025.11.10 19:30:58 INFO  Processing buildTarget/compile[0m
2025.11.10 19:32:00 INFO  Processing buildTarget/compile[0m
2025.11.10 19:33:02 INFO  Processing buildTarget/compile[0m
2025.11.10 19:34:04 INFO  Processing buildTarget/compile[0m
2025.11.10 19:35:06 INFO  Processing buildTarget/compile[0m
2025.11.10 19:38:24 INFO  Processing buildTarget/compile[0m
2025.11.10 19:38:24 INFO  compiling root[0m
2025.11.10 19:38:24 INFO  compiling 16 Scala sources and 1 Java source to /home/kasukabe/schedule_kokubunji/backend/target/scala-2.13/classes ...[0m
2025.11.10 19:38:24 ERROR /home/kasukabe/schedule_kokubunji/backend/src/main/scala/controller/AuthController.scala:7:13: object JwtUtil is not a member of package play.api.libs.json.util[0m
2025.11.10 19:38:24 ERROR import util.JwtUtil[0m
2025.11.10 19:38:24 ERROR ^[0m
2025.11.10 19:38:24 ERROR /home/kasukabe/schedule_kokubunji/backend/src/main/scala/controller/AuthController.scala:23:14: not found: type JwtUtil[0m
2025.11.10 19:38:24 ERROR jwtUtil: JwtUtil[0m
2025.11.10 19:38:24 ERROR ^[0m
2025.11.10 19:38:25 ERROR /home/kasukabe/schedule_kokubunji/backend/src/main/scala/controller/AuthController.scala:30:72: No instance of play.api.libs.json.Format is available for enum.Role in the implicit scope (Hint: if declared in the same file, make sure it's declared before)[0m
2025.11.10 19:38:25 ERROR implicit val registerFormat : Format[RegisterRequest] = Json.format[RegisterRequest][0m
2025.11.10 19:38:25 ERROR ^[0m
2025.11.10 19:38:25 ERROR /home/kasukabe/schedule_kokubunji/backend/src/main/scala/service/AuthService.scala:41:71: not found: type User[0m
2025.11.10 19:38:25 ERROR def authenticate(username: String, password: String): Future[Option[User]] = {[0m
2025.11.10 19:38:25 ERROR ^[0m
2025.11.10 19:38:25 ERROR /home/kasukabe/schedule_kokubunji/backend/src/main/scala/controller/AuthController.scala:70:32: value role is not a member of Any[0m
2025.11.10 19:38:25 ERROR "role" -> user.role[0m
2025.11.10 19:38:25 ERROR ^[0m
2025.11.10 19:38:25 ERROR /home/kasukabe/schedule_kokubunji/backend/src/main/scala/controller/TestController.scala:18:26: not found: value StudentTable[0m
2025.11.10 19:38:25 ERROR private val students = StudentTable.students[0m
2025.11.10 19:38:25 ERROR ^[0m
2025.11.10 19:38:25 ERROR /home/kasukabe/schedule_kokubunji/backend/src/main/scala/controller/TestController.scala:20:39: not found: type Student[0m
2025.11.10 19:38:25 ERROR implicit val studentWrites: OWrites[Student] = Json.writes[Student][0m
2025.11.10 19:38:25 ERROR ^[0m
2025.11.10 19:38:25 ERROR /home/kasukabe/schedule_kokubunji/backend/src/main/scala/controller/TestController.scala:20:62: not found: type Student[0m
2025.11.10 19:38:25 ERROR implicit val studentWrites: OWrites[Student] = Json.writes[Student][0m
2025.11.10 19:38:25 ERROR ^[0m
2025.11.10 19:38:25 ERROR /home/kasukabe/schedule_kokubunji/backend/src/main/scala/enum/Role.scala:24:34: not found: type BaseColumnType[0m
2025.11.10 19:38:25 ERROR implicit val roleColumnType: BaseColumnType[Role] = MappedColumnType.base[Role, String]([0m
2025.11.10 19:38:25 ERROR ^[0m
2025.11.10 19:38:25 ERROR /home/kasukabe/schedule_kokubunji/backend/src/main/scala/enum/Role.scala:24:57: not found: value MappedColumnType[0m
2025.11.10 19:38:25 ERROR implicit val roleColumnType: BaseColumnType[Role] = MappedColumnType.base[Role, String]([0m
2025.11.10 19:38:25 ERROR ^[0m
2025.11.10 19:38:25 ERROR /home/kasukabe/schedule_kokubunji/backend/src/main/scala/repository/UserRepository.scala:5:8: not found: object tables[0m
2025.11.10 19:38:25 ERROR import tables.UserTable[0m
2025.11.10 19:38:25 ERROR ^[0m
2025.11.10 19:38:25 ERROR /home/kasukabe/schedule_kokubunji/backend/src/main/scala/repository/UserRepository.scala:24:36: not found: type UserTable[0m
2025.11.10 19:38:25 ERROR private val users : TableQuery[UserTable] = UserTable.methods[0m
2025.11.10 19:38:25 ERROR ^[0m
2025.11.10 19:38:25 ERROR /home/kasukabe/schedule_kokubunji/backend/src/main/scala/repository/UserRepository.scala:24:49: not found: value UserTable[0m
2025.11.10 19:38:25 ERROR private val users : TableQuery[UserTable] = UserTable.methods[0m
2025.11.10 19:38:25 ERROR ^[0m
2025.11.10 19:38:25 ERROR /home/kasukabe/schedule_kokubunji/backend/src/main/scala/repository/UserRepository.scala:45:28: ambiguous implicit values:
 both value BooleanColumnCanBeQueryCondition in object CanBeQueryCondition of type slick.lifted.CanBeQueryCondition[slick.lifted.Rep[Boolean]]
 and value BooleanOptionColumnCanBeQueryCondition in object CanBeQueryCondition of type slick.lifted.CanBeQueryCondition[slick.lifted.Rep[Option[Boolean]]]
 match expected type slick.lifted.CanBeQueryCondition[Nothing][0m
2025.11.10 19:38:25 ERROR db.run(users.filter(_.username === username).result.headOption)[0m
2025.11.10 19:38:25 ERROR ^[0m
2025.11.10 19:38:25 ERROR /home/kasukabe/schedule_kokubunji/backend/src/main/scala/security/SecuredAction.scala:22:69: not found: type JwtUtil[0m
2025.11.10 19:38:25 ERROR class SecuredAction @Inject()(parser: BodyParsers.Default, jwtUtil: JwtUtil)[0m
2025.11.10 19:38:25 ERROR ^[0m
2025.11.10 19:38:25 ERROR /home/kasukabe/schedule_kokubunji/backend/src/main/scala/security/SecuredAction.scala:35:80: type mismatch;
 found   : Option[String]
 required: String[0m
2025.11.10 19:38:25 ERROR val maybeToken : String = request.headers.get("Authorization").flatMap { header =>[0m
2025.11.10 19:38:25 ERROR ^[0m
2025.11.10 19:38:25 ERROR /home/kasukabe/schedule_kokubunji/backend/src/main/scala/service/AuthService.scala:20:46: not found: type UserRepository[0m
2025.11.10 19:38:25 ERROR class AuthService @Inject() (userRepository: UserRepository)[0m
2025.11.10 19:38:25 ERROR ^[0m
2025.11.10 19:38:25 ERROR /home/kasukabe/schedule_kokubunji/backend/src/main/scala/table/UserTable.scala:17:41: not found: type User[0m
2025.11.10 19:38:25 ERROR class UserTable(tag: Tag) extends Table[User](tag, "users") {[0m
2025.11.10 19:38:25 ERROR ^[0m
2025.11.10 19:38:25 ERROR /home/kasukabe/schedule_kokubunji/backend/src/main/scala/table/UserTable.scala:21:26: could not find implicit value for parameter tt: slick.ast.TypedType[enum.Role][0m
2025.11.10 19:38:25 ERROR def role = column[Role]("role")[0m
2025.11.10 19:38:25 ERROR ^[0m
2025.11.10 19:38:25 ERROR /home/kasukabe/schedule_kokubunji/backend/src/main/scala/utility/JwtUtil.scala:33:31: not found: type Format[0m
2025.11.10 19:38:25 ERROR implicit val jwtContent : Format[JwtContent] = Json.format[JwtContent][0m
2025.11.10 19:38:25 ERROR ^[0m
2025.11.10 19:38:25 ERROR /home/kasukabe/schedule_kokubunji/backend/src/main/scala/utility/JwtUtil.scala:33:52: not found: value Json[0m
2025.11.10 19:38:25 ERROR implicit val jwtContent : Format[JwtContent] = Json.format[JwtContent][0m
2025.11.10 19:38:25 ERROR ^[0m
2025.11.10 19:38:25 ERROR /home/kasukabe/schedule_kokubunji/backend/src/main/scala/utility/JwtUtil.scala:43:35: not found: value Json[0m
2025.11.10 19:38:25 ERROR val tmpContent : String = Json.stringify(Json.toJson(JwtContent(id, role)))[0m
2025.11.10 19:38:25 ERROR ^[0m
2025.11.10 19:38:25 ERROR /home/kasukabe/schedule_kokubunji/backend/src/main/scala/utility/JwtUtil.scala:43:50: not found: value Json[0m
2025.11.10 19:38:25 ERROR val tmpContent : String = Json.stringify(Json.toJson(JwtContent(id, role)))[0m
2025.11.10 19:38:25 ERROR ^[0m
2025.11.10 19:38:25 ERROR 23 errors found[0m
2025.11.10 19:38:26 INFO  time: compiled root in 1.68s[0m
2025.11.10 19:38:26 ERROR (Compile / compileIncremental) Compilation failed[0m
2025.11.10 19:38:26 INFO  Cancelling compilation on sbt server
org.eclipse.lsp4j.jsonrpc.ResponseErrorException: (Compile / compileIncremental) Compilation failed
	at org.eclipse.lsp4j.jsonrpc.RemoteEndpoint.handleResponse(RemoteEndpoint.java:220)
	at org.eclipse.lsp4j.jsonrpc.RemoteEndpoint.consume(RemoteEndpoint.java:204)
	at scala.meta.internal.metals.RequestMonitorImpl$$anon$1.consume(ServerLivenessMonitor.scala:41)
	at org.eclipse.lsp4j.jsonrpc.json.StreamMessageProducer.handleMessage(StreamMessageProducer.java:185)
	at org.eclipse.lsp4j.jsonrpc.json.StreamMessageProducer.listen(StreamMessageProducer.java:97)
	at org.eclipse.lsp4j.jsonrpc.json.ConcurrentMessageProcessor.run(ConcurrentMessageProcessor.java:114)
	at java.util.concurrent.Executors$RunnableAdapter.call(Executors.java:539)
	at java.util.concurrent.FutureTask.run(FutureTask.java:264)
	at java.util.concurrent.ThreadPoolExecutor.runWorker(ThreadPoolExecutor.java:1136)
	at java.util.concurrent.ThreadPoolExecutor$Worker.run(ThreadPoolExecutor.java:635)
	at java.lang.Thread.run(Thread.java:840)
[0m
2025.11.10 19:38:26 INFO  Processing buildTarget/scalaMainClasses[0m
2025.11.10 19:38:26 INFO  compiling root[0m
2025.11.10 19:38:26 INFO  compiling 16 Scala sources and 1 Java source to /home/kasukabe/schedule_kokubunji/backend/target/scala-2.13/classes ...[0m
2025.11.10 19:38:26 ERROR /home/kasukabe/schedule_kokubunji/backend/src/main/scala/controller/AuthController.scala:7:13: object JwtUtil is not a member of package play.api.libs.json.util[0m
2025.11.10 19:38:26 ERROR import util.JwtUtil[0m
2025.11.10 19:38:26 ERROR ^[0m
2025.11.10 19:38:26 ERROR /home/kasukabe/schedule_kokubunji/backend/src/main/scala/controller/AuthController.scala:23:14: not found: type JwtUtil[0m
2025.11.10 19:38:26 ERROR jwtUtil: JwtUtil[0m
2025.11.10 19:38:26 ERROR ^[0m
2025.11.10 19:38:26 ERROR /home/kasukabe/schedule_kokubunji/backend/src/main/scala/controller/AuthController.scala:30:72: No instance of play.api.libs.json.Format is available for enum.Role in the implicit scope (Hint: if declared in the same file, make sure it's declared before)[0m
2025.11.10 19:38:26 ERROR implicit val registerFormat : Format[RegisterRequest] = Json.format[RegisterRequest][0m
2025.11.10 19:38:26 ERROR ^[0m
2025.11.10 19:38:26 ERROR /home/kasukabe/schedule_kokubunji/backend/src/main/scala/service/AuthService.scala:41:71: not found: type User[0m
2025.11.10 19:38:26 ERROR def authenticate(username: String, password: String): Future[Option[User]] = {[0m
2025.11.10 19:38:26 ERROR ^[0m
2025.11.10 19:38:26 ERROR /home/kasukabe/schedule_kokubunji/backend/src/main/scala/controller/AuthController.scala:70:32: value role is not a member of Any[0m
2025.11.10 19:38:26 ERROR "role" -> user.role[0m
2025.11.10 19:38:26 ERROR ^[0m
2025.11.10 19:38:26 ERROR /home/kasukabe/schedule_kokubunji/backend/src/main/scala/controller/TestController.scala:18:26: not found: value StudentTable[0m
2025.11.10 19:38:26 ERROR private val students = StudentTable.students[0m
2025.11.10 19:38:26 ERROR ^[0m
2025.11.10 19:38:26 ERROR /home/kasukabe/schedule_kokubunji/backend/src/main/scala/controller/TestController.scala:20:39: not found: type Student[0m
2025.11.10 19:38:26 ERROR implicit val studentWrites: OWrites[Student] = Json.writes[Student][0m
2025.11.10 19:38:26 ERROR ^[0m
2025.11.10 19:38:26 ERROR /home/kasukabe/schedule_kokubunji/backend/src/main/scala/controller/TestController.scala:20:62: not found: type Student[0m
2025.11.10 19:38:26 ERROR implicit val studentWrites: OWrites[Student] = Json.writes[Student][0m
2025.11.10 19:38:26 ERROR ^[0m
2025.11.10 19:38:26 ERROR /home/kasukabe/schedule_kokubunji/backend/src/main/scala/enum/Role.scala:24:34: not found: type BaseColumnType[0m
2025.11.10 19:38:26 ERROR implicit val roleColumnType: BaseColumnType[Role] = MappedColumnType.base[Role, String]([0m
2025.11.10 19:38:26 ERROR ^[0m
2025.11.10 19:38:26 ERROR /home/kasukabe/schedule_kokubunji/backend/src/main/scala/enum/Role.scala:24:57: not found: value MappedColumnType[0m
2025.11.10 19:38:26 ERROR implicit val roleColumnType: BaseColumnType[Role] = MappedColumnType.base[Role, String]([0m
2025.11.10 19:38:26 ERROR ^[0m
2025.11.10 19:38:26 ERROR /home/kasukabe/schedule_kokubunji/backend/src/main/scala/repository/UserRepository.scala:5:8: not found: object tables[0m
2025.11.10 19:38:26 ERROR import tables.UserTable[0m
2025.11.10 19:38:26 ERROR ^[0m
2025.11.10 19:38:26 ERROR /home/kasukabe/schedule_kokubunji/backend/src/main/scala/repository/UserRepository.scala:24:36: not found: type UserTable[0m
2025.11.10 19:38:26 ERROR private val users : TableQuery[UserTable] = UserTable.methods[0m
2025.11.10 19:38:26 ERROR ^[0m
2025.11.10 19:38:26 ERROR /home/kasukabe/schedule_kokubunji/backend/src/main/scala/repository/UserRepository.scala:24:49: not found: value UserTable[0m
2025.11.10 19:38:26 ERROR private val users : TableQuery[UserTable] = UserTable.methods[0m
2025.11.10 19:38:26 ERROR ^[0m
2025.11.10 19:38:27 ERROR /home/kasukabe/schedule_kokubunji/backend/src/main/scala/repository/UserRepository.scala:45:28: ambiguous implicit values:
 both value BooleanColumnCanBeQueryCondition in object CanBeQueryCondition of type slick.lifted.CanBeQueryCondition[slick.lifted.Rep[Boolean]]
 and value BooleanOptionColumnCanBeQueryCondition in object CanBeQueryCondition of type slick.lifted.CanBeQueryCondition[slick.lifted.Rep[Option[Boolean]]]
 match expected type slick.lifted.CanBeQueryCondition[Nothing][0m
2025.11.10 19:38:27 ERROR db.run(users.filter(_.username === username).result.headOption)[0m
2025.11.10 19:38:27 ERROR ^[0m
2025.11.10 19:38:27 ERROR /home/kasukabe/schedule_kokubunji/backend/src/main/scala/security/SecuredAction.scala:22:69: not found: type JwtUtil[0m
2025.11.10 19:38:27 ERROR class SecuredAction @Inject()(parser: BodyParsers.Default, jwtUtil: JwtUtil)[0m
2025.11.10 19:38:27 ERROR ^[0m
2025.11.10 19:38:27 ERROR /home/kasukabe/schedule_kokubunji/backend/src/main/scala/security/SecuredAction.scala:35:80: type mismatch;
 found   : Option[String]
 required: String[0m
2025.11.10 19:38:27 ERROR val maybeToken : String = request.headers.get("Authorization").flatMap { header =>[0m
2025.11.10 19:38:27 ERROR ^[0m
2025.11.10 19:38:27 ERROR /home/kasukabe/schedule_kokubunji/backend/src/main/scala/service/AuthService.scala:20:46: not found: type UserRepository[0m
2025.11.10 19:38:27 ERROR class AuthService @Inject() (userRepository: UserRepository)[0m
2025.11.10 19:38:27 ERROR ^[0m
2025.11.10 19:38:27 ERROR /home/kasukabe/schedule_kokubunji/backend/src/main/scala/table/UserTable.scala:17:41: not found: type User[0m
2025.11.10 19:38:27 ERROR class UserTable(tag: Tag) extends Table[User](tag, "users") {[0m
2025.11.10 19:38:27 ERROR ^[0m
2025.11.10 19:38:27 ERROR /home/kasukabe/schedule_kokubunji/backend/src/main/scala/table/UserTable.scala:21:26: could not find implicit value for parameter tt: slick.ast.TypedType[enum.Role][0m
2025.11.10 19:38:27 ERROR def role = column[Role]("role")[0m
2025.11.10 19:38:27 ERROR ^[0m
2025.11.10 19:38:27 ERROR /home/kasukabe/schedule_kokubunji/backend/src/main/scala/utility/JwtUtil.scala:33:31: not found: type Format[0m
2025.11.10 19:38:27 ERROR implicit val jwtContent : Format[JwtContent] = Json.format[JwtContent][0m
2025.11.10 19:38:27 ERROR ^[0m
2025.11.10 19:38:27 ERROR /home/kasukabe/schedule_kokubunji/backend/src/main/scala/utility/JwtUtil.scala:33:52: not found: value Json[0m
2025.11.10 19:38:27 ERROR implicit val jwtContent : Format[JwtContent] = Json.format[JwtContent][0m
2025.11.10 19:38:27 ERROR ^[0m
2025.11.10 19:38:27 ERROR /home/kasukabe/schedule_kokubunji/backend/src/main/scala/utility/JwtUtil.scala:43:35: not found: value Json[0m
2025.11.10 19:38:27 ERROR val tmpContent : String = Json.stringify(Json.toJson(JwtContent(id, role)))[0m
2025.11.10 19:38:27 ERROR ^[0m
2025.11.10 19:38:27 ERROR /home/kasukabe/schedule_kokubunji/backend/src/main/scala/utility/JwtUtil.scala:43:50: not found: value Json[0m
2025.11.10 19:38:27 ERROR val tmpContent : String = Json.stringify(Json.toJson(JwtContent(id, role)))[0m
2025.11.10 19:38:27 ERROR ^[0m
2025.11.10 19:38:27 ERROR 23 errors found[0m
2025.11.10 19:38:27 INFO  time: compiled root in 1.51s[0m
2025.11.10 19:38:27 ERROR (Compile / compileIncremental) Compilation failed[0m
2025.11.10 19:38:27 INFO  Processing buildTarget/scalaTestClasses[0m
2025.11.10 19:38:28 INFO  Scala main classes not supported by server
org.eclipse.lsp4j.jsonrpc.ResponseErrorException: (Compile / compileIncremental) Compilation failed
	at org.eclipse.lsp4j.jsonrpc.RemoteEndpoint.handleResponse(RemoteEndpoint.java:220)
	at org.eclipse.lsp4j.jsonrpc.RemoteEndpoint.consume(RemoteEndpoint.java:204)
	at scala.meta.internal.metals.RequestMonitorImpl$$anon$1.consume(ServerLivenessMonitor.scala:41)
	at org.eclipse.lsp4j.jsonrpc.json.StreamMessageProducer.handleMessage(StreamMessageProducer.java:185)
	at org.eclipse.lsp4j.jsonrpc.json.StreamMessageProducer.listen(StreamMessageProducer.java:97)
	at org.eclipse.lsp4j.jsonrpc.json.ConcurrentMessageProcessor.run(ConcurrentMessageProcessor.java:114)
	at java.util.concurrent.Executors$RunnableAdapter.call(Executors.java:539)
	at java.util.concurrent.FutureTask.run(FutureTask.java:264)
	at java.util.concurrent.ThreadPoolExecutor.runWorker(ThreadPoolExecutor.java:1136)
	at java.util.concurrent.ThreadPoolExecutor$Worker.run(ThreadPoolExecutor.java:635)
	at java.lang.Thread.run(Thread.java:840)
[0m
2025.11.10 19:38:27 INFO  Processing buildTarget/compile[0m
2025.11.10 19:38:27 INFO  compiling root[0m
2025.11.10 19:38:27 INFO  compiling 16 Scala sources and 1 Java source to /home/kasukabe/schedule_kokubunji/backend/target/scala-2.13/classes ...[0m
2025.11.10 19:38:28 ERROR /home/kasukabe/schedule_kokubunji/backend/src/main/scala/controller/AuthController.scala:7:13: object JwtUtil is not a member of package play.api.libs.json.util[0m
2025.11.10 19:38:28 ERROR import util.JwtUtil[0m
2025.11.10 19:38:28 ERROR ^[0m
2025.11.10 19:38:28 ERROR /home/kasukabe/schedule_kokubunji/backend/src/main/scala/controller/AuthController.scala:23:14: not found: type JwtUtil[0m
2025.11.10 19:38:28 ERROR jwtUtil: JwtUtil[0m
2025.11.10 19:38:28 ERROR ^[0m
2025.11.10 19:38:28 ERROR /home/kasukabe/schedule_kokubunji/backend/src/main/scala/controller/AuthController.scala:30:72: No instance of play.api.libs.json.Format is available for enum.Role in the implicit scope (Hint: if declared in the same file, make sure it's declared before)[0m
2025.11.10 19:38:28 ERROR implicit val registerFormat : Format[RegisterRequest] = Json.format[RegisterRequest][0m
2025.11.10 19:38:28 ERROR ^[0m
2025.11.10 19:38:28 ERROR /home/kasukabe/schedule_kokubunji/backend/src/main/scala/service/AuthService.scala:41:71: not found: type User[0m
2025.11.10 19:38:28 ERROR def authenticate(username: String, password: String): Future[Option[User]] = {[0m
2025.11.10 19:38:28 ERROR ^[0m
2025.11.10 19:38:28 ERROR /home/kasukabe/schedule_kokubunji/backend/src/main/scala/controller/AuthController.scala:70:32: value role is not a member of Any[0m
2025.11.10 19:38:28 ERROR "role" -> user.role[0m
2025.11.10 19:38:28 ERROR ^[0m
2025.11.10 19:38:28 ERROR /home/kasukabe/schedule_kokubunji/backend/src/main/scala/controller/TestController.scala:18:26: not found: value StudentTable[0m
2025.11.10 19:38:28 ERROR private val students = StudentTable.students[0m
2025.11.10 19:38:28 ERROR ^[0m
2025.11.10 19:38:28 ERROR /home/kasukabe/schedule_kokubunji/backend/src/main/scala/controller/TestController.scala:20:39: not found: type Student[0m
2025.11.10 19:38:28 ERROR implicit val studentWrites: OWrites[Student] = Json.writes[Student][0m
2025.11.10 19:38:28 ERROR ^[0m
2025.11.10 19:38:28 ERROR /home/kasukabe/schedule_kokubunji/backend/src/main/scala/controller/TestController.scala:20:62: not found: type Student[0m
2025.11.10 19:38:28 ERROR implicit val studentWrites: OWrites[Student] = Json.writes[Student][0m
2025.11.10 19:38:28 ERROR ^[0m
2025.11.10 19:38:28 ERROR /home/kasukabe/schedule_kokubunji/backend/src/main/scala/enum/Role.scala:24:34: not found: type BaseColumnType[0m
2025.11.10 19:38:28 ERROR implicit val roleColumnType: BaseColumnType[Role] = MappedColumnType.base[Role, String]([0m
2025.11.10 19:38:28 ERROR ^[0m
2025.11.10 19:38:28 ERROR /home/kasukabe/schedule_kokubunji/backend/src/main/scala/enum/Role.scala:24:57: not found: value MappedColumnType[0m
2025.11.10 19:38:28 ERROR implicit val roleColumnType: BaseColumnType[Role] = MappedColumnType.base[Role, String]([0m
2025.11.10 19:38:28 ERROR ^[0m
2025.11.10 19:38:28 ERROR /home/kasukabe/schedule_kokubunji/backend/src/main/scala/repository/UserRepository.scala:5:8: not found: object tables[0m
2025.11.10 19:38:28 ERROR import tables.UserTable[0m
2025.11.10 19:38:28 ERROR ^[0m
2025.11.10 19:38:28 ERROR /home/kasukabe/schedule_kokubunji/backend/src/main/scala/repository/UserRepository.scala:24:36: not found: type UserTable[0m
2025.11.10 19:38:28 ERROR private val users : TableQuery[UserTable] = UserTable.methods[0m
2025.11.10 19:38:28 ERROR ^[0m
2025.11.10 19:38:28 ERROR /home/kasukabe/schedule_kokubunji/backend/src/main/scala/repository/UserRepository.scala:24:49: not found: value UserTable[0m
2025.11.10 19:38:28 ERROR private val users : TableQuery[UserTable] = UserTable.methods[0m
2025.11.10 19:38:28 ERROR ^[0m
2025.11.10 19:38:28 ERROR /home/kasukabe/schedule_kokubunji/backend/src/main/scala/repository/UserRepository.scala:45:28: ambiguous implicit values:
 both value BooleanColumnCanBeQueryCondition in object CanBeQueryCondition of type slick.lifted.CanBeQueryCondition[slick.lifted.Rep[Boolean]]
 and value BooleanOptionColumnCanBeQueryCondition in object CanBeQueryCondition of type slick.lifted.CanBeQueryCondition[slick.lifted.Rep[Option[Boolean]]]
 match expected type slick.lifted.CanBeQueryCondition[Nothing][0m
2025.11.10 19:38:28 ERROR db.run(users.filter(_.username === username).result.headOption)[0m
2025.11.10 19:38:28 ERROR ^[0m
2025.11.10 19:38:28 ERROR /home/kasukabe/schedule_kokubunji/backend/src/main/scala/security/SecuredAction.scala:22:69: not found: type JwtUtil[0m
2025.11.10 19:38:28 ERROR class SecuredAction @Inject()(parser: BodyParsers.Default, jwtUtil: JwtUtil)[0m
2025.11.10 19:38:28 ERROR ^[0m
2025.11.10 19:38:28 ERROR /home/kasukabe/schedule_kokubunji/backend/src/main/scala/security/SecuredAction.scala:35:80: type mismatch;
 found   : Option[String]
 required: String[0m
2025.11.10 19:38:28 ERROR val maybeToken : String = request.headers.get("Authorization").flatMap { header =>[0m
2025.11.10 19:38:28 ERROR ^[0m
2025.11.10 19:38:28 ERROR /home/kasukabe/schedule_kokubunji/backend/src/main/scala/service/AuthService.scala:20:46: not found: type UserRepository[0m
2025.11.10 19:38:28 ERROR class AuthService @Inject() (userRepository: UserRepository)[0m
2025.11.10 19:38:28 ERROR ^[0m
2025.11.10 19:38:28 ERROR /home/kasukabe/schedule_kokubunji/backend/src/main/scala/table/UserTable.scala:17:41: not found: type User[0m
2025.11.10 19:38:28 ERROR class UserTable(tag: Tag) extends Table[User](tag, "users") {[0m
2025.11.10 19:38:28 ERROR ^[0m
2025.11.10 19:38:28 ERROR /home/kasukabe/schedule_kokubunji/backend/src/main/scala/table/UserTable.scala:21:26: could not find implicit value for parameter tt: slick.ast.TypedType[enum.Role][0m
2025.11.10 19:38:28 ERROR def role = column[Role]("role")[0m
2025.11.10 19:38:28 ERROR ^[0m
2025.11.10 19:38:28 ERROR /home/kasukabe/schedule_kokubunji/backend/src/main/scala/utility/JwtUtil.scala:33:31: not found: type Format[0m
2025.11.10 19:38:28 ERROR implicit val jwtContent : Format[JwtContent] = Json.format[JwtContent][0m
2025.11.10 19:38:28 ERROR ^[0m
2025.11.10 19:38:28 ERROR /home/kasukabe/schedule_kokubunji/backend/src/main/scala/utility/JwtUtil.scala:33:52: not found: value Json[0m
2025.11.10 19:38:28 ERROR implicit val jwtContent : Format[JwtContent] = Json.format[JwtContent][0m
2025.11.10 19:38:28 ERROR ^[0m
2025.11.10 19:38:28 ERROR /home/kasukabe/schedule_kokubunji/backend/src/main/scala/utility/JwtUtil.scala:43:35: not found: value Json[0m
2025.11.10 19:38:28 ERROR val tmpContent : String = Json.stringify(Json.toJson(JwtContent(id, role)))[0m
2025.11.10 19:38:28 ERROR ^[0m
2025.11.10 19:38:28 ERROR /home/kasukabe/schedule_kokubunji/backend/src/main/scala/utility/JwtUtil.scala:43:50: not found: value Json[0m
2025.11.10 19:38:28 ERROR val tmpContent : String = Json.stringify(Json.toJson(JwtContent(id, role)))[0m
2025.11.10 19:38:28 ERROR ^[0m
2025.11.10 19:38:29 ERROR 23 errors found[0m
2025.11.10 19:38:29 INFO  time: compiled root in 1.36s[0m
2025.11.10 19:38:29 ERROR (Compile / compileIncremental) Compilation failed[0m
2025.11.10 19:38:29 INFO  Cancelling compilation on sbt server
org.eclipse.lsp4j.jsonrpc.ResponseErrorException: (Compile / compileIncremental) Compilation failed
	at org.eclipse.lsp4j.jsonrpc.RemoteEndpoint.handleResponse(RemoteEndpoint.java:220)
	at org.eclipse.lsp4j.jsonrpc.RemoteEndpoint.consume(RemoteEndpoint.java:204)
	at scala.meta.internal.metals.RequestMonitorImpl$$anon$1.consume(ServerLivenessMonitor.scala:41)
	at org.eclipse.lsp4j.jsonrpc.json.StreamMessageProducer.handleMessage(StreamMessageProducer.java:185)
	at org.eclipse.lsp4j.jsonrpc.json.StreamMessageProducer.listen(StreamMessageProducer.java:97)
	at org.eclipse.lsp4j.jsonrpc.json.ConcurrentMessageProcessor.run(ConcurrentMessageProcessor.java:114)
	at java.util.concurrent.Executors$RunnableAdapter.call(Executors.java:539)
	at java.util.concurrent.FutureTask.run(FutureTask.java:264)
	at java.util.concurrent.ThreadPoolExecutor.runWorker(ThreadPoolExecutor.java:1136)
	at java.util.concurrent.ThreadPoolExecutor$Worker.run(ThreadPoolExecutor.java:635)
	at java.lang.Thread.run(Thread.java:840)
[0m
2025.11.10 19:38:29 INFO  Processing buildTarget/scalaTestClasses[0m
2025.11.10 19:38:29 INFO  Processing buildTarget/scalaMainClasses[0m
2025.11.10 19:38:29 INFO  compiling root[0m
2025.11.10 19:38:29 INFO  compiling 16 Scala sources and 1 Java source to /home/kasukabe/schedule_kokubunji/backend/target/scala-2.13/classes ...[0m
2025.11.10 19:38:29 ERROR /home/kasukabe/schedule_kokubunji/backend/src/main/scala/controller/AuthController.scala:7:13: object JwtUtil is not a member of package play.api.libs.json.util[0m
2025.11.10 19:38:29 ERROR import util.JwtUtil[0m
2025.11.10 19:38:29 ERROR ^[0m
2025.11.10 19:38:29 ERROR /home/kasukabe/schedule_kokubunji/backend/src/main/scala/controller/AuthController.scala:23:14: not found: type JwtUtil[0m
2025.11.10 19:38:29 ERROR jwtUtil: JwtUtil[0m
2025.11.10 19:38:29 ERROR ^[0m
2025.11.10 19:38:29 ERROR /home/kasukabe/schedule_kokubunji/backend/src/main/scala/controller/AuthController.scala:30:72: No instance of play.api.libs.json.Format is available for enum.Role in the implicit scope (Hint: if declared in the same file, make sure it's declared before)[0m
2025.11.10 19:38:29 ERROR implicit val registerFormat : Format[RegisterRequest] = Json.format[RegisterRequest][0m
2025.11.10 19:38:29 ERROR ^[0m
2025.11.10 19:38:29 ERROR /home/kasukabe/schedule_kokubunji/backend/src/main/scala/service/AuthService.scala:41:71: not found: type User[0m
2025.11.10 19:38:29 ERROR def authenticate(username: String, password: String): Future[Option[User]] = {[0m
2025.11.10 19:38:29 ERROR ^[0m
2025.11.10 19:38:29 ERROR /home/kasukabe/schedule_kokubunji/backend/src/main/scala/controller/AuthController.scala:70:32: value role is not a member of Any[0m
2025.11.10 19:38:29 ERROR "role" -> user.role[0m
2025.11.10 19:38:29 ERROR ^[0m
2025.11.10 19:38:29 ERROR /home/kasukabe/schedule_kokubunji/backend/src/main/scala/controller/TestController.scala:18:26: not found: value StudentTable[0m
2025.11.10 19:38:29 ERROR private val students = StudentTable.students[0m
2025.11.10 19:38:29 ERROR ^[0m
2025.11.10 19:38:29 ERROR /home/kasukabe/schedule_kokubunji/backend/src/main/scala/controller/TestController.scala:20:39: not found: type Student[0m
2025.11.10 19:38:29 ERROR implicit val studentWrites: OWrites[Student] = Json.writes[Student][0m
2025.11.10 19:38:29 ERROR ^[0m
2025.11.10 19:38:29 ERROR /home/kasukabe/schedule_kokubunji/backend/src/main/scala/controller/TestController.scala:20:62: not found: type Student[0m
2025.11.10 19:38:29 ERROR implicit val studentWrites: OWrites[Student] = Json.writes[Student][0m
2025.11.10 19:38:29 ERROR ^[0m
2025.11.10 19:38:29 ERROR /home/kasukabe/schedule_kokubunji/backend/src/main/scala/enum/Role.scala:24:34: not found: type BaseColumnType[0m
2025.11.10 19:38:29 ERROR implicit val roleColumnType: BaseColumnType[Role] = MappedColumnType.base[Role, String]([0m
2025.11.10 19:38:29 ERROR ^[0m
2025.11.10 19:38:29 ERROR /home/kasukabe/schedule_kokubunji/backend/src/main/scala/enum/Role.scala:24:57: not found: value MappedColumnType[0m
2025.11.10 19:38:29 ERROR implicit val roleColumnType: BaseColumnType[Role] = MappedColumnType.base[Role, String]([0m
2025.11.10 19:38:29 ERROR ^[0m
2025.11.10 19:38:29 ERROR /home/kasukabe/schedule_kokubunji/backend/src/main/scala/repository/UserRepository.scala:5:8: not found: object tables[0m
2025.11.10 19:38:29 ERROR import tables.UserTable[0m
2025.11.10 19:38:29 ERROR ^[0m
2025.11.10 19:38:29 ERROR /home/kasukabe/schedule_kokubunji/backend/src/main/scala/repository/UserRepository.scala:24:36: not found: type UserTable[0m
2025.11.10 19:38:29 ERROR private val users : TableQuery[UserTable] = UserTable.methods[0m
2025.11.10 19:38:29 ERROR ^[0m
2025.11.10 19:38:29 ERROR /home/kasukabe/schedule_kokubunji/backend/src/main/scala/repository/UserRepository.scala:24:49: not found: value UserTable[0m
2025.11.10 19:38:29 ERROR private val users : TableQuery[UserTable] = UserTable.methods[0m
2025.11.10 19:38:29 ERROR ^[0m
2025.11.10 19:38:29 ERROR /home/kasukabe/schedule_kokubunji/backend/src/main/scala/repository/UserRepository.scala:45:28: ambiguous implicit values:
 both value BooleanColumnCanBeQueryCondition in object CanBeQueryCondition of type slick.lifted.CanBeQueryCondition[slick.lifted.Rep[Boolean]]
 and value BooleanOptionColumnCanBeQueryCondition in object CanBeQueryCondition of type slick.lifted.CanBeQueryCondition[slick.lifted.Rep[Option[Boolean]]]
 match expected type slick.lifted.CanBeQueryCondition[Nothing][0m
2025.11.10 19:38:29 ERROR db.run(users.filter(_.username === username).result.headOption)[0m
2025.11.10 19:38:29 ERROR ^[0m
2025.11.10 19:38:29 ERROR /home/kasukabe/schedule_kokubunji/backend/src/main/scala/security/SecuredAction.scala:22:69: not found: type JwtUtil[0m
2025.11.10 19:38:29 ERROR class SecuredAction @Inject()(parser: BodyParsers.Default, jwtUtil: JwtUtil)[0m
2025.11.10 19:38:29 ERROR ^[0m
2025.11.10 19:38:29 ERROR /home/kasukabe/schedule_kokubunji/backend/src/main/scala/security/SecuredAction.scala:35:80: type mismatch;
 found   : Option[String]
 required: String[0m
2025.11.10 19:38:29 ERROR val maybeToken : String = request.headers.get("Authorization").flatMap { header =>[0m
2025.11.10 19:38:29 ERROR ^[0m
2025.11.10 19:38:29 ERROR /home/kasukabe/schedule_kokubunji/backend/src/main/scala/service/AuthService.scala:20:46: not found: type UserRepository[0m
2025.11.10 19:38:29 ERROR class AuthService @Inject() (userRepository: UserRepository)[0m
2025.11.10 19:38:29 ERROR ^[0m
2025.11.10 19:38:29 ERROR /home/kasukabe/schedule_kokubunji/backend/src/main/scala/table/UserTable.scala:17:41: not found: type User[0m
2025.11.10 19:38:29 ERROR class UserTable(tag: Tag) extends Table[User](tag, "users") {[0m
2025.11.10 19:38:29 ERROR ^[0m
2025.11.10 19:38:29 ERROR /home/kasukabe/schedule_kokubunji/backend/src/main/scala/table/UserTable.scala:21:26: could not find implicit value for parameter tt: slick.ast.TypedType[enum.Role][0m
2025.11.10 19:38:29 ERROR def role = column[Role]("role")[0m
2025.11.10 19:38:29 ERROR ^[0m
2025.11.10 19:38:29 ERROR /home/kasukabe/schedule_kokubunji/backend/src/main/scala/utility/JwtUtil.scala:33:31: not found: type Format[0m
2025.11.10 19:38:29 ERROR implicit val jwtContent : Format[JwtContent] = Json.format[JwtContent][0m
2025.11.10 19:38:29 ERROR ^[0m
2025.11.10 19:38:29 ERROR /home/kasukabe/schedule_kokubunji/backend/src/main/scala/utility/JwtUtil.scala:33:52: not found: value Json[0m
2025.11.10 19:38:29 ERROR implicit val jwtContent : Format[JwtContent] = Json.format[JwtContent][0m
2025.11.10 19:38:29 ERROR ^[0m
2025.11.10 19:38:29 ERROR /home/kasukabe/schedule_kokubunji/backend/src/main/scala/utility/JwtUtil.scala:43:35: not found: value Json[0m
2025.11.10 19:38:29 ERROR val tmpContent : String = Json.stringify(Json.toJson(JwtContent(id, role)))[0m
2025.11.10 19:38:29 ERROR ^[0m
2025.11.10 19:38:29 ERROR /home/kasukabe/schedule_kokubunji/backend/src/main/scala/utility/JwtUtil.scala:43:50: not found: value Json[0m
2025.11.10 19:38:29 ERROR val tmpContent : String = Json.stringify(Json.toJson(JwtContent(id, role)))[0m
2025.11.10 19:38:29 ERROR ^[0m
2025.11.10 19:38:30 ERROR 23 errors found[0m
2025.11.10 19:38:30 INFO  time: compiled root in 0.99s[0m
2025.11.10 19:38:30 ERROR (Compile / compileIncremental) Compilation failed[0m
2025.11.10 19:38:30 INFO  Scala main classes not supported by server
org.eclipse.lsp4j.jsonrpc.ResponseErrorException: (Compile / compileIncremental) Compilation failed
	at org.eclipse.lsp4j.jsonrpc.RemoteEndpoint.handleResponse(RemoteEndpoint.java:220)
	at org.eclipse.lsp4j.jsonrpc.RemoteEndpoint.consume(RemoteEndpoint.java:204)
	at scala.meta.internal.metals.RequestMonitorImpl$$anon$1.consume(ServerLivenessMonitor.scala:41)
	at org.eclipse.lsp4j.jsonrpc.json.StreamMessageProducer.handleMessage(StreamMessageProducer.java:185)
	at org.eclipse.lsp4j.jsonrpc.json.StreamMessageProducer.listen(StreamMessageProducer.java:97)
	at org.eclipse.lsp4j.jsonrpc.json.ConcurrentMessageProcessor.run(ConcurrentMessageProcessor.java:114)
	at java.util.concurrent.Executors$RunnableAdapter.call(Executors.java:539)
	at java.util.concurrent.FutureTask.run(FutureTask.java:264)
	at java.util.concurrent.ThreadPoolExecutor.runWorker(ThreadPoolExecutor.java:1136)
	at java.util.concurrent.ThreadPoolExecutor$Worker.run(ThreadPoolExecutor.java:635)
	at java.lang.Thread.run(Thread.java:840)
[0m
2025.11.10 19:39:13 INFO  Processing buildTarget/compile[0m
2025.11.10 19:40:15 INFO  Processing buildTarget/compile[0m
2025.11.10 19:41:17 INFO  Processing buildTarget/compile[0m
2025.11.10 19:42:19 INFO  Processing buildTarget/compile[0m
2025.11.10 19:43:21 INFO  Processing buildTarget/compile[0m
2025.11.10 19:44:23 INFO  Processing buildTarget/compile[0m
2025.11.10 19:45:25 INFO  Processing buildTarget/compile[0m
2025.11.10 19:46:27 INFO  Processing buildTarget/compile[0m
2025.11.10 19:47:29 INFO  Processing buildTarget/compile[0m
Nov 10, 2025 9:14:23 PM org.eclipse.lsp4j.jsonrpc.RemoteEndpoint handleCancellation
WARNING: Unmatched cancel notification for request id 586
2025.11.10 21:14:41 INFO  Processing buildTarget/compile[0m
2025.11.10 21:14:41 INFO  compiling root[0m
2025.11.10 21:14:41 INFO  compiling 16 Scala sources and 1 Java source to /home/kasukabe/schedule_kokubunji/backend/target/scala-2.13/classes ...[0m
2025.11.10 21:14:42 ERROR /home/kasukabe/schedule_kokubunji/backend/src/main/scala/controller/AuthController.scala:7:8: not found: object utility[0m
2025.11.10 21:14:42 ERROR import utility.JwtUtil[0m
2025.11.10 21:14:42 ERROR ^[0m
2025.11.10 21:14:42 ERROR /home/kasukabe/schedule_kokubunji/backend/src/main/scala/controller/AuthController.scala:23:14: not found: type JwtUtil[0m
2025.11.10 21:14:42 ERROR jwtUtil: JwtUtil[0m
2025.11.10 21:14:42 ERROR ^[0m
2025.11.10 21:14:42 ERROR /home/kasukabe/schedule_kokubunji/backend/src/main/scala/controller/AuthController.scala:30:72: No instance of play.api.libs.json.Format is available for enum.Role in the implicit scope (Hint: if declared in the same file, make sure it's declared before)[0m
2025.11.10 21:14:42 ERROR implicit val registerFormat : Format[RegisterRequest] = Json.format[RegisterRequest][0m
2025.11.10 21:14:42 ERROR ^[0m
2025.11.10 21:14:42 ERROR /home/kasukabe/schedule_kokubunji/backend/src/main/scala/service/AuthService.scala:41:71: not found: type User[0m
2025.11.10 21:14:42 ERROR def authenticate(username: String, password: String): Future[Option[User]] = {[0m
2025.11.10 21:14:42 ERROR ^[0m
2025.11.10 21:14:42 ERROR /home/kasukabe/schedule_kokubunji/backend/src/main/scala/controller/AuthController.scala:70:32: value role is not a member of Any[0m
2025.11.10 21:14:42 ERROR "role" -> user.role[0m
2025.11.10 21:14:42 ERROR ^[0m
2025.11.10 21:14:42 ERROR /home/kasukabe/schedule_kokubunji/backend/src/main/scala/controller/TestController.scala:18:26: not found: value StudentTable[0m
2025.11.10 21:14:42 ERROR private val students = StudentTable.students[0m
2025.11.10 21:14:42 ERROR ^[0m
2025.11.10 21:14:42 ERROR /home/kasukabe/schedule_kokubunji/backend/src/main/scala/controller/TestController.scala:20:39: not found: type Student[0m
2025.11.10 21:14:42 ERROR implicit val studentWrites: OWrites[Student] = Json.writes[Student][0m
2025.11.10 21:14:42 ERROR ^[0m
2025.11.10 21:14:42 ERROR /home/kasukabe/schedule_kokubunji/backend/src/main/scala/controller/TestController.scala:20:62: not found: type Student[0m
2025.11.10 21:14:42 ERROR implicit val studentWrites: OWrites[Student] = Json.writes[Student][0m
2025.11.10 21:14:42 ERROR ^[0m
2025.11.10 21:14:42 ERROR /home/kasukabe/schedule_kokubunji/backend/src/main/scala/enum/Role.scala:24:34: not found: type BaseColumnType[0m
2025.11.10 21:14:42 ERROR implicit val roleColumnType: BaseColumnType[Role] = MappedColumnType.base[Role, String]([0m
2025.11.10 21:14:42 ERROR ^[0m
2025.11.10 21:14:42 ERROR /home/kasukabe/schedule_kokubunji/backend/src/main/scala/enum/Role.scala:24:57: not found: value MappedColumnType[0m
2025.11.10 21:14:42 ERROR implicit val roleColumnType: BaseColumnType[Role] = MappedColumnType.base[Role, String]([0m
2025.11.10 21:14:42 ERROR ^[0m
2025.11.10 21:14:42 ERROR /home/kasukabe/schedule_kokubunji/backend/src/main/scala/repository/UserRepository.scala:5:8: not found: object tables[0m
2025.11.10 21:14:42 ERROR import tables.UserTable[0m
2025.11.10 21:14:42 ERROR ^[0m
2025.11.10 21:14:42 ERROR /home/kasukabe/schedule_kokubunji/backend/src/main/scala/repository/UserRepository.scala:24:36: not found: type UserTable[0m
2025.11.10 21:14:42 ERROR private val users : TableQuery[UserTable] = UserTable.methods[0m
2025.11.10 21:14:42 ERROR ^[0m
2025.11.10 21:14:42 ERROR /home/kasukabe/schedule_kokubunji/backend/src/main/scala/repository/UserRepository.scala:24:49: not found: value UserTable[0m
2025.11.10 21:14:42 ERROR private val users : TableQuery[UserTable] = UserTable.methods[0m
2025.11.10 21:14:42 ERROR ^[0m
2025.11.10 21:14:42 ERROR /home/kasukabe/schedule_kokubunji/backend/src/main/scala/repository/UserRepository.scala:45:28: ambiguous implicit values:
 both value BooleanColumnCanBeQueryCondition in object CanBeQueryCondition of type slick.lifted.CanBeQueryCondition[slick.lifted.Rep[Boolean]]
 and value BooleanOptionColumnCanBeQueryCondition in object CanBeQueryCondition of type slick.lifted.CanBeQueryCondition[slick.lifted.Rep[Option[Boolean]]]
 match expected type slick.lifted.CanBeQueryCondition[Nothing][0m
2025.11.10 21:14:42 ERROR db.run(users.filter(_.username === username).result.headOption)[0m
2025.11.10 21:14:42 ERROR ^[0m
2025.11.10 21:14:42 ERROR /home/kasukabe/schedule_kokubunji/backend/src/main/scala/security/SecuredAction.scala:22:69: not found: type JwtUtil[0m
2025.11.10 21:14:42 ERROR class SecuredAction @Inject()(parser: BodyParsers.Default, jwtUtil: JwtUtil)[0m
2025.11.10 21:14:42 ERROR ^[0m
2025.11.10 21:14:42 ERROR /home/kasukabe/schedule_kokubunji/backend/src/main/scala/security/SecuredAction.scala:35:80: type mismatch;
 found   : Option[String]
 required: String[0m
2025.11.10 21:14:42 ERROR val maybeToken : String = request.headers.get("Authorization").flatMap { header =>[0m
2025.11.10 21:14:42 ERROR ^[0m
2025.11.10 21:14:42 ERROR /home/kasukabe/schedule_kokubunji/backend/src/main/scala/service/AuthService.scala:20:46: not found: type UserRepository[0m
2025.11.10 21:14:42 ERROR class AuthService @Inject() (userRepository: UserRepository)[0m
2025.11.10 21:14:42 ERROR ^[0m
2025.11.10 21:14:42 ERROR /home/kasukabe/schedule_kokubunji/backend/src/main/scala/table/UserTable.scala:17:41: not found: type User[0m
2025.11.10 21:14:43 ERROR class UserTable(tag: Tag) extends Table[User](tag, "users") {[0m
2025.11.10 21:14:43 ERROR ^[0m
2025.11.10 21:14:43 ERROR /home/kasukabe/schedule_kokubunji/backend/src/main/scala/table/UserTable.scala:21:26: could not find implicit value for parameter tt: slick.ast.TypedType[enum.Role][0m
2025.11.10 21:14:43 ERROR def role = column[Role]("role")[0m
2025.11.10 21:14:43 ERROR ^[0m
2025.11.10 21:14:43 ERROR /home/kasukabe/schedule_kokubunji/backend/src/main/scala/utility/JwtUtil.scala:33:31: not found: type Format[0m
2025.11.10 21:14:43 ERROR implicit val jwtContent : Format[JwtContent] = Json.format[JwtContent][0m
2025.11.10 21:14:43 ERROR ^[0m
2025.11.10 21:14:43 ERROR /home/kasukabe/schedule_kokubunji/backend/src/main/scala/utility/JwtUtil.scala:33:52: not found: value Json[0m
2025.11.10 21:14:43 ERROR implicit val jwtContent : Format[JwtContent] = Json.format[JwtContent][0m
2025.11.10 21:14:43 ERROR ^[0m
2025.11.10 21:14:43 ERROR /home/kasukabe/schedule_kokubunji/backend/src/main/scala/utility/JwtUtil.scala:43:35: not found: value Json[0m
2025.11.10 21:14:43 ERROR val tmpContent : String = Json.stringify(Json.toJson(JwtContent(id, role)))[0m
2025.11.10 21:14:43 ERROR ^[0m
2025.11.10 21:14:43 ERROR /home/kasukabe/schedule_kokubunji/backend/src/main/scala/utility/JwtUtil.scala:43:50: not found: value Json[0m
2025.11.10 21:14:43 ERROR val tmpContent : String = Json.stringify(Json.toJson(JwtContent(id, role)))[0m
2025.11.10 21:14:43 ERROR ^[0m
2025.11.10 21:14:43 ERROR 23 errors found[0m
2025.11.10 21:14:43 INFO  time: compiled root in 2.38s[0m
2025.11.10 21:14:43 ERROR (Compile / compileIncremental) Compilation failed[0m
2025.11.10 21:14:44 INFO  Cancelling compilation on sbt server
org.eclipse.lsp4j.jsonrpc.ResponseErrorException: (Compile / compileIncremental) Compilation failed
	at org.eclipse.lsp4j.jsonrpc.RemoteEndpoint.handleResponse(RemoteEndpoint.java:220)
	at org.eclipse.lsp4j.jsonrpc.RemoteEndpoint.consume(RemoteEndpoint.java:204)
	at scala.meta.internal.metals.RequestMonitorImpl$$anon$1.consume(ServerLivenessMonitor.scala:41)
	at org.eclipse.lsp4j.jsonrpc.json.StreamMessageProducer.handleMessage(StreamMessageProducer.java:185)
	at org.eclipse.lsp4j.jsonrpc.json.StreamMessageProducer.listen(StreamMessageProducer.java:97)
	at org.eclipse.lsp4j.jsonrpc.json.ConcurrentMessageProcessor.run(ConcurrentMessageProcessor.java:114)
	at java.util.concurrent.Executors$RunnableAdapter.call(Executors.java:539)
	at java.util.concurrent.FutureTask.run(FutureTask.java:264)
	at java.util.concurrent.ThreadPoolExecutor.runWorker(ThreadPoolExecutor.java:1136)
	at java.util.concurrent.ThreadPoolExecutor$Worker.run(ThreadPoolExecutor.java:635)
	at java.lang.Thread.run(Thread.java:840)
[0m
2025.11.10 21:14:43 INFO  Processing buildTarget/scalaMainClasses[0m
2025.11.10 21:14:43 INFO  compiling root[0m
2025.11.10 21:14:43 INFO  compiling 16 Scala sources and 1 Java source to /home/kasukabe/schedule_kokubunji/backend/target/scala-2.13/classes ...[0m
2025.11.10 21:14:43 ERROR /home/kasukabe/schedule_kokubunji/backend/src/main/scala/controller/AuthController.scala:7:8: not found: object utility[0m
2025.11.10 21:14:43 ERROR import utility.JwtUtil[0m
2025.11.10 21:14:43 ERROR ^[0m
2025.11.10 21:14:43 ERROR /home/kasukabe/schedule_kokubunji/backend/src/main/scala/controller/AuthController.scala:23:14: not found: type JwtUtil[0m
2025.11.10 21:14:43 ERROR jwtUtil: JwtUtil[0m
2025.11.10 21:14:43 ERROR ^[0m
2025.11.10 21:14:43 ERROR /home/kasukabe/schedule_kokubunji/backend/src/main/scala/controller/AuthController.scala:30:72: No instance of play.api.libs.json.Format is available for enum.Role in the implicit scope (Hint: if declared in the same file, make sure it's declared before)[0m
2025.11.10 21:14:43 ERROR implicit val registerFormat : Format[RegisterRequest] = Json.format[RegisterRequest][0m
2025.11.10 21:14:43 ERROR ^[0m
2025.11.10 21:14:43 ERROR /home/kasukabe/schedule_kokubunji/backend/src/main/scala/service/AuthService.scala:41:71: not found: type User[0m
2025.11.10 21:14:43 ERROR def authenticate(username: String, password: String): Future[Option[User]] = {[0m
2025.11.10 21:14:43 ERROR ^[0m
2025.11.10 21:14:43 ERROR /home/kasukabe/schedule_kokubunji/backend/src/main/scala/controller/AuthController.scala:70:32: value role is not a member of Any[0m
2025.11.10 21:14:43 ERROR "role" -> user.role[0m
2025.11.10 21:14:43 ERROR ^[0m
2025.11.10 21:14:44 ERROR /home/kasukabe/schedule_kokubunji/backend/src/main/scala/controller/TestController.scala:18:26: not found: value StudentTable[0m
2025.11.10 21:14:44 ERROR private val students = StudentTable.students[0m
2025.11.10 21:14:44 ERROR ^[0m
2025.11.10 21:14:44 ERROR /home/kasukabe/schedule_kokubunji/backend/src/main/scala/controller/TestController.scala:20:39: not found: type Student[0m
2025.11.10 21:14:44 ERROR implicit val studentWrites: OWrites[Student] = Json.writes[Student][0m
2025.11.10 21:14:44 ERROR ^[0m
2025.11.10 21:14:44 ERROR /home/kasukabe/schedule_kokubunji/backend/src/main/scala/controller/TestController.scala:20:62: not found: type Student[0m
2025.11.10 21:14:44 ERROR implicit val studentWrites: OWrites[Student] = Json.writes[Student][0m
2025.11.10 21:14:44 ERROR ^[0m
2025.11.10 21:14:44 ERROR /home/kasukabe/schedule_kokubunji/backend/src/main/scala/enum/Role.scala:24:34: not found: type BaseColumnType[0m
2025.11.10 21:14:44 ERROR implicit val roleColumnType: BaseColumnType[Role] = MappedColumnType.base[Role, String]([0m
2025.11.10 21:14:44 ERROR ^[0m
2025.11.10 21:14:44 ERROR /home/kasukabe/schedule_kokubunji/backend/src/main/scala/enum/Role.scala:24:57: not found: value MappedColumnType[0m
2025.11.10 21:14:44 ERROR implicit val roleColumnType: BaseColumnType[Role] = MappedColumnType.base[Role, String]([0m
2025.11.10 21:14:44 ERROR ^[0m
2025.11.10 21:14:44 ERROR /home/kasukabe/schedule_kokubunji/backend/src/main/scala/repository/UserRepository.scala:5:8: not found: object tables[0m
2025.11.10 21:14:44 ERROR import tables.UserTable[0m
2025.11.10 21:14:44 ERROR ^[0m
2025.11.10 21:14:44 ERROR /home/kasukabe/schedule_kokubunji/backend/src/main/scala/repository/UserRepository.scala:24:36: not found: type UserTable[0m
2025.11.10 21:14:44 ERROR private val users : TableQuery[UserTable] = UserTable.methods[0m
2025.11.10 21:14:44 ERROR ^[0m
2025.11.10 21:14:44 ERROR /home/kasukabe/schedule_kokubunji/backend/src/main/scala/repository/UserRepository.scala:24:49: not found: value UserTable[0m
2025.11.10 21:14:44 ERROR private val users : TableQuery[UserTable] = UserTable.methods[0m
2025.11.10 21:14:44 ERROR ^[0m
2025.11.10 21:14:44 ERROR /home/kasukabe/schedule_kokubunji/backend/src/main/scala/repository/UserRepository.scala:45:28: ambiguous implicit values:
 both value BooleanColumnCanBeQueryCondition in object CanBeQueryCondition of type slick.lifted.CanBeQueryCondition[slick.lifted.Rep[Boolean]]
 and value BooleanOptionColumnCanBeQueryCondition in object CanBeQueryCondition of type slick.lifted.CanBeQueryCondition[slick.lifted.Rep[Option[Boolean]]]
 match expected type slick.lifted.CanBeQueryCondition[Nothing][0m
2025.11.10 21:14:44 ERROR db.run(users.filter(_.username === username).result.headOption)[0m
2025.11.10 21:14:44 ERROR ^[0m
2025.11.10 21:14:44 ERROR /home/kasukabe/schedule_kokubunji/backend/src/main/scala/security/SecuredAction.scala:22:69: not found: type JwtUtil[0m
2025.11.10 21:14:44 ERROR class SecuredAction @Inject()(parser: BodyParsers.Default, jwtUtil: JwtUtil)[0m
2025.11.10 21:14:44 ERROR ^[0m
2025.11.10 21:14:44 ERROR /home/kasukabe/schedule_kokubunji/backend/src/main/scala/security/SecuredAction.scala:35:80: type mismatch;
 found   : Option[String]
 required: String[0m
2025.11.10 21:14:44 ERROR val maybeToken : String = request.headers.get("Authorization").flatMap { header =>[0m
2025.11.10 21:14:44 ERROR ^[0m
2025.11.10 21:14:44 ERROR /home/kasukabe/schedule_kokubunji/backend/src/main/scala/service/AuthService.scala:20:46: not found: type UserRepository[0m
2025.11.10 21:14:44 ERROR class AuthService @Inject() (userRepository: UserRepository)[0m
2025.11.10 21:14:44 ERROR ^[0m
2025.11.10 21:14:44 ERROR /home/kasukabe/schedule_kokubunji/backend/src/main/scala/table/UserTable.scala:17:41: not found: type User[0m
2025.11.10 21:14:44 ERROR class UserTable(tag: Tag) extends Table[User](tag, "users") {[0m
2025.11.10 21:14:44 ERROR ^[0m
2025.11.10 21:14:44 ERROR /home/kasukabe/schedule_kokubunji/backend/src/main/scala/table/UserTable.scala:21:26: could not find implicit value for parameter tt: slick.ast.TypedType[enum.Role][0m
2025.11.10 21:14:44 ERROR def role = column[Role]("role")[0m
2025.11.10 21:14:44 ERROR ^[0m
2025.11.10 21:14:44 ERROR /home/kasukabe/schedule_kokubunji/backend/src/main/scala/utility/JwtUtil.scala:33:31: not found: type Format[0m
2025.11.10 21:14:44 ERROR implicit val jwtContent : Format[JwtContent] = Json.format[JwtContent][0m
2025.11.10 21:14:44 ERROR ^[0m
2025.11.10 21:14:44 ERROR /home/kasukabe/schedule_kokubunji/backend/src/main/scala/utility/JwtUtil.scala:33:52: not found: value Json[0m
2025.11.10 21:14:44 ERROR implicit val jwtContent : Format[JwtContent] = Json.format[JwtContent][0m
2025.11.10 21:14:44 ERROR ^[0m
2025.11.10 21:14:44 ERROR /home/kasukabe/schedule_kokubunji/backend/src/main/scala/utility/JwtUtil.scala:43:35: not found: value Json[0m
2025.11.10 21:14:44 ERROR val tmpContent : String = Json.stringify(Json.toJson(JwtContent(id, role)))[0m
2025.11.10 21:14:44 ERROR ^[0m
2025.11.10 21:14:44 ERROR /home/kasukabe/schedule_kokubunji/backend/src/main/scala/utility/JwtUtil.scala:43:50: not found: value Json[0m
2025.11.10 21:14:44 ERROR val tmpContent : String = Json.stringify(Json.toJson(JwtContent(id, role)))[0m
2025.11.10 21:14:44 ERROR ^[0m
2025.11.10 21:14:44 ERROR 23 errors found[0m
2025.11.10 21:14:44 INFO  time: compiled root in 0.56s[0m
2025.11.10 21:14:44 ERROR (Compile / compileIncremental) Compilation failed[0m
2025.11.10 21:14:44 INFO  Scala main classes not supported by server
org.eclipse.lsp4j.jsonrpc.ResponseErrorException: (Compile / compileIncremental) Compilation failed
	at org.eclipse.lsp4j.jsonrpc.RemoteEndpoint.handleResponse(RemoteEndpoint.java:220)
	at org.eclipse.lsp4j.jsonrpc.RemoteEndpoint.consume(RemoteEndpoint.java:204)
	at scala.meta.internal.metals.RequestMonitorImpl$$anon$1.consume(ServerLivenessMonitor.scala:41)
	at org.eclipse.lsp4j.jsonrpc.json.StreamMessageProducer.handleMessage(StreamMessageProducer.java:185)
	at org.eclipse.lsp4j.jsonrpc.json.StreamMessageProducer.listen(StreamMessageProducer.java:97)
	at org.eclipse.lsp4j.jsonrpc.json.ConcurrentMessageProcessor.run(ConcurrentMessageProcessor.java:114)
	at java.util.concurrent.Executors$RunnableAdapter.call(Executors.java:539)
	at java.util.concurrent.FutureTask.run(FutureTask.java:264)
	at java.util.concurrent.ThreadPoolExecutor.runWorker(ThreadPoolExecutor.java:1136)
	at java.util.concurrent.ThreadPoolExecutor$Worker.run(ThreadPoolExecutor.java:635)
	at java.lang.Thread.run(Thread.java:840)
[0m
2025.11.10 21:14:44 INFO  Processing buildTarget/scalaTestClasses[0m
2025.11.10 21:15:20 INFO  Processing buildTarget/compile[0m
2025.11.10 21:16:02 INFO  Processing buildTarget/compile[0m
2025.11.10 21:16:02 INFO  compiling root[0m
2025.11.10 21:16:02 INFO  compiling 16 Scala sources and 1 Java source to /home/kasukabe/schedule_kokubunji/backend/target/scala-2.13/classes ...[0m
2025.11.10 21:16:02 ERROR /home/kasukabe/schedule_kokubunji/backend/src/main/scala/controller/AuthController.scala:30:72: No instance of play.api.libs.json.Format is available for enum.Role in the implicit scope (Hint: if declared in the same file, make sure it's declared before)[0m
2025.11.10 21:16:02 ERROR implicit val registerFormat : Format[RegisterRequest] = Json.format[RegisterRequest][0m
2025.11.10 21:16:02 ERROR ^[0m
2025.11.10 21:16:02 ERROR /home/kasukabe/schedule_kokubunji/backend/src/main/scala/service/AuthService.scala:41:71: not found: type User[0m
2025.11.10 21:16:02 ERROR def authenticate(username: String, password: String): Future[Option[User]] = {[0m
2025.11.10 21:16:02 ERROR ^[0m
2025.11.10 21:16:02 ERROR /home/kasukabe/schedule_kokubunji/backend/src/main/scala/controller/AuthController.scala:66:63: value id is not a member of Any[0m
2025.11.10 21:16:02 ERROR val token : String = jwtUtil.createToken(user.id, user.role)[0m
2025.11.10 21:16:02 ERROR ^[0m
2025.11.10 21:16:02 ERROR /home/kasukabe/schedule_kokubunji/backend/src/main/scala/controller/AuthController.scala:66:72: value role is not a member of Any[0m
2025.11.10 21:16:02 ERROR val token : String = jwtUtil.createToken(user.id, user.role)[0m
2025.11.10 21:16:02 ERROR ^[0m
2025.11.10 21:16:02 ERROR /home/kasukabe/schedule_kokubunji/backend/src/main/scala/controller/AuthController.scala:70:32: value role is not a member of Any[0m
2025.11.10 21:16:02 ERROR "role" -> user.role[0m
2025.11.10 21:16:02 ERROR ^[0m
2025.11.10 21:16:02 ERROR /home/kasukabe/schedule_kokubunji/backend/src/main/scala/controller/TestController.scala:18:26: not found: value StudentTable[0m
2025.11.10 21:16:02 ERROR private val students = StudentTable.students[0m
2025.11.10 21:16:02 ERROR ^[0m
2025.11.10 21:16:02 ERROR /home/kasukabe/schedule_kokubunji/backend/src/main/scala/controller/TestController.scala:20:39: not found: type Student[0m
2025.11.10 21:16:02 ERROR implicit val studentWrites: OWrites[Student] = Json.writes[Student][0m
2025.11.10 21:16:02 ERROR ^[0m
2025.11.10 21:16:02 ERROR /home/kasukabe/schedule_kokubunji/backend/src/main/scala/controller/TestController.scala:20:62: not found: type Student[0m
2025.11.10 21:16:02 ERROR implicit val studentWrites: OWrites[Student] = Json.writes[Student][0m
2025.11.10 21:16:02 ERROR ^[0m
2025.11.10 21:16:02 ERROR /home/kasukabe/schedule_kokubunji/backend/src/main/scala/enum/Role.scala:24:34: not found: type BaseColumnType[0m
2025.11.10 21:16:02 ERROR implicit val roleColumnType: BaseColumnType[Role] = MappedColumnType.base[Role, String]([0m
2025.11.10 21:16:02 ERROR ^[0m
2025.11.10 21:16:02 ERROR /home/kasukabe/schedule_kokubunji/backend/src/main/scala/enum/Role.scala:24:57: not found: value MappedColumnType[0m
2025.11.10 21:16:02 ERROR implicit val roleColumnType: BaseColumnType[Role] = MappedColumnType.base[Role, String]([0m
2025.11.10 21:16:02 ERROR ^[0m
2025.11.10 21:16:02 ERROR /home/kasukabe/schedule_kokubunji/backend/src/main/scala/repository/UserRepository.scala:5:8: not found: object tables[0m
2025.11.10 21:16:02 ERROR import tables.UserTable[0m
2025.11.10 21:16:02 ERROR ^[0m
2025.11.10 21:16:02 ERROR /home/kasukabe/schedule_kokubunji/backend/src/main/scala/repository/UserRepository.scala:24:36: not found: type UserTable[0m
2025.11.10 21:16:02 ERROR private val users : TableQuery[UserTable] = UserTable.methods[0m
2025.11.10 21:16:02 ERROR ^[0m
2025.11.10 21:16:02 ERROR /home/kasukabe/schedule_kokubunji/backend/src/main/scala/repository/UserRepository.scala:24:49: not found: value UserTable[0m
2025.11.10 21:16:02 ERROR private val users : TableQuery[UserTable] = UserTable.methods[0m
2025.11.10 21:16:02 ERROR ^[0m
2025.11.10 21:16:02 ERROR /home/kasukabe/schedule_kokubunji/backend/src/main/scala/repository/UserRepository.scala:45:28: ambiguous implicit values:
 both value BooleanColumnCanBeQueryCondition in object CanBeQueryCondition of type slick.lifted.CanBeQueryCondition[slick.lifted.Rep[Boolean]]
 and value BooleanOptionColumnCanBeQueryCondition in object CanBeQueryCondition of type slick.lifted.CanBeQueryCondition[slick.lifted.Rep[Option[Boolean]]]
 match expected type slick.lifted.CanBeQueryCondition[Nothing][0m
2025.11.10 21:16:02 ERROR db.run(users.filter(_.username === username).result.headOption)[0m
2025.11.10 21:16:02 ERROR ^[0m
2025.11.10 21:16:02 ERROR /home/kasukabe/schedule_kokubunji/backend/src/main/scala/security/SecuredAction.scala:22:69: not found: type JwtUtil[0m
2025.11.10 21:16:02 ERROR class SecuredAction @Inject()(parser: BodyParsers.Default, jwtUtil: JwtUtil)[0m
2025.11.10 21:16:02 ERROR ^[0m
2025.11.10 21:16:02 ERROR /home/kasukabe/schedule_kokubunji/backend/src/main/scala/security/SecuredAction.scala:35:80: type mismatch;
 found   : Option[String]
 required: String[0m
2025.11.10 21:16:02 ERROR val maybeToken : String = request.headers.get("Authorization").flatMap { header =>[0m
2025.11.10 21:16:02 ERROR ^[0m
2025.11.10 21:16:02 ERROR /home/kasukabe/schedule_kokubunji/backend/src/main/scala/service/AuthService.scala:20:46: not found: type UserRepository[0m
2025.11.10 21:16:02 ERROR class AuthService @Inject() (userRepository: UserRepository)[0m
2025.11.10 21:16:02 ERROR ^[0m
2025.11.10 21:16:03 ERROR /home/kasukabe/schedule_kokubunji/backend/src/main/scala/table/UserTable.scala:17:41: not found: type User[0m
2025.11.10 21:16:03 ERROR class UserTable(tag: Tag) extends Table[User](tag, "users") {[0m
2025.11.10 21:16:03 ERROR ^[0m
2025.11.10 21:16:03 ERROR /home/kasukabe/schedule_kokubunji/backend/src/main/scala/table/UserTable.scala:21:26: could not find implicit value for parameter tt: slick.ast.TypedType[enum.Role][0m
2025.11.10 21:16:03 ERROR def role = column[Role]("role")[0m
2025.11.10 21:16:03 ERROR ^[0m
2025.11.10 21:16:03 ERROR /home/kasukabe/schedule_kokubunji/backend/src/main/scala/utility/JwtUtil.scala:7:16: object Constants is not a member of package utility[0m
2025.11.10 21:16:03 ERROR import utility.Constants[0m
2025.11.10 21:16:03 ERROR ^[0m
2025.11.10 21:16:03 ERROR /home/kasukabe/schedule_kokubunji/backend/src/main/scala/utility/JwtUtil.scala:33:31: not found: type Format[0m
2025.11.10 21:16:03 ERROR implicit val jwtContent : Format[JwtContent] = Json.format[JwtContent][0m
2025.11.10 21:16:03 ERROR ^[0m
2025.11.10 21:16:03 ERROR /home/kasukabe/schedule_kokubunji/backend/src/main/scala/utility/JwtUtil.scala:27:44: not found: value Constants[0m
2025.11.10 21:16:03 ERROR private val expirationSeconds : Long = Constants.JwtExpirationSeconds[0m
2025.11.10 21:16:03 ERROR ^[0m
2025.11.10 21:16:03 ERROR /home/kasukabe/schedule_kokubunji/backend/src/main/scala/utility/JwtUtil.scala:33:52: not found: value Json[0m
2025.11.10 21:16:03 ERROR implicit val jwtContent : Format[JwtContent] = Json.format[JwtContent][0m
2025.11.10 21:16:03 ERROR ^[0m
2025.11.10 21:16:03 ERROR /home/kasukabe/schedule_kokubunji/backend/src/main/scala/utility/JwtUtil.scala:43:35: not found: value Json[0m
2025.11.10 21:16:03 ERROR val tmpContent : String = Json.stringify(Json.toJson(JwtContent(id, role)))[0m
2025.11.10 21:16:03 ERROR ^[0m
2025.11.10 21:16:03 ERROR /home/kasukabe/schedule_kokubunji/backend/src/main/scala/utility/JwtUtil.scala:43:50: not found: value Json[0m
2025.11.10 21:16:03 ERROR val tmpContent : String = Json.stringify(Json.toJson(JwtContent(id, role)))[0m
2025.11.10 21:16:03 ERROR ^[0m
2025.11.10 21:16:03 ERROR 25 errors found[0m
2025.11.10 21:16:03 INFO  time: compiled root in 1.18s[0m
2025.11.10 21:16:03 ERROR (Compile / compileIncremental) Compilation failed[0m
2025.11.10 21:16:04 INFO  Cancelling compilation on sbt server
org.eclipse.lsp4j.jsonrpc.ResponseErrorException: (Compile / compileIncremental) Compilation failed
	at org.eclipse.lsp4j.jsonrpc.RemoteEndpoint.handleResponse(RemoteEndpoint.java:220)
	at org.eclipse.lsp4j.jsonrpc.RemoteEndpoint.consume(RemoteEndpoint.java:204)
	at scala.meta.internal.metals.RequestMonitorImpl$$anon$1.consume(ServerLivenessMonitor.scala:41)
	at org.eclipse.lsp4j.jsonrpc.json.StreamMessageProducer.handleMessage(StreamMessageProducer.java:185)
	at org.eclipse.lsp4j.jsonrpc.json.StreamMessageProducer.listen(StreamMessageProducer.java:97)
	at org.eclipse.lsp4j.jsonrpc.json.ConcurrentMessageProcessor.run(ConcurrentMessageProcessor.java:114)
	at java.util.concurrent.Executors$RunnableAdapter.call(Executors.java:539)
	at java.util.concurrent.FutureTask.run(FutureTask.java:264)
	at java.util.concurrent.ThreadPoolExecutor.runWorker(ThreadPoolExecutor.java:1136)
	at java.util.concurrent.ThreadPoolExecutor$Worker.run(ThreadPoolExecutor.java:635)
	at java.lang.Thread.run(Thread.java:840)
[0m
2025.11.10 21:16:03 INFO  Processing buildTarget/scalaMainClasses[0m
2025.11.10 21:16:03 INFO  compiling root[0m
2025.11.10 21:16:03 INFO  compiling 16 Scala sources and 1 Java source to /home/kasukabe/schedule_kokubunji/backend/target/scala-2.13/classes ...[0m
2025.11.10 21:16:03 ERROR /home/kasukabe/schedule_kokubunji/backend/src/main/scala/controller/AuthController.scala:30:72: No instance of play.api.libs.json.Format is available for enum.Role in the implicit scope (Hint: if declared in the same file, make sure it's declared before)[0m
2025.11.10 21:16:03 ERROR implicit val registerFormat : Format[RegisterRequest] = Json.format[RegisterRequest][0m
2025.11.10 21:16:03 ERROR ^[0m
2025.11.10 21:16:03 ERROR /home/kasukabe/schedule_kokubunji/backend/src/main/scala/service/AuthService.scala:41:71: not found: type User[0m
2025.11.10 21:16:03 ERROR def authenticate(username: String, password: String): Future[Option[User]] = {[0m
2025.11.10 21:16:03 ERROR ^[0m
2025.11.10 21:16:03 ERROR /home/kasukabe/schedule_kokubunji/backend/src/main/scala/controller/AuthController.scala:66:63: value id is not a member of Any[0m
2025.11.10 21:16:03 ERROR val token : String = jwtUtil.createToken(user.id, user.role)[0m
2025.11.10 21:16:03 ERROR ^[0m
2025.11.10 21:16:03 ERROR /home/kasukabe/schedule_kokubunji/backend/src/main/scala/controller/AuthController.scala:66:72: value role is not a member of Any[0m
2025.11.10 21:16:03 ERROR val token : String = jwtUtil.createToken(user.id, user.role)[0m
2025.11.10 21:16:03 ERROR ^[0m
2025.11.10 21:16:03 ERROR /home/kasukabe/schedule_kokubunji/backend/src/main/scala/controller/AuthController.scala:70:32: value role is not a member of Any[0m
2025.11.10 21:16:03 ERROR "role" -> user.role[0m
2025.11.10 21:16:03 ERROR ^[0m
2025.11.10 21:16:03 ERROR /home/kasukabe/schedule_kokubunji/backend/src/main/scala/controller/TestController.scala:18:26: not found: value StudentTable[0m
2025.11.10 21:16:03 ERROR private val students = StudentTable.students[0m
2025.11.10 21:16:03 ERROR ^[0m
2025.11.10 21:16:03 ERROR /home/kasukabe/schedule_kokubunji/backend/src/main/scala/controller/TestController.scala:20:39: not found: type Student[0m
2025.11.10 21:16:03 ERROR implicit val studentWrites: OWrites[Student] = Json.writes[Student][0m
2025.11.10 21:16:03 ERROR ^[0m
2025.11.10 21:16:03 ERROR /home/kasukabe/schedule_kokubunji/backend/src/main/scala/controller/TestController.scala:20:62: not found: type Student[0m
2025.11.10 21:16:03 ERROR implicit val studentWrites: OWrites[Student] = Json.writes[Student][0m
2025.11.10 21:16:03 ERROR ^[0m
2025.11.10 21:16:03 ERROR /home/kasukabe/schedule_kokubunji/backend/src/main/scala/enum/Role.scala:24:34: not found: type BaseColumnType[0m
2025.11.10 21:16:03 ERROR implicit val roleColumnType: BaseColumnType[Role] = MappedColumnType.base[Role, String]([0m
2025.11.10 21:16:03 ERROR ^[0m
2025.11.10 21:16:03 ERROR /home/kasukabe/schedule_kokubunji/backend/src/main/scala/enum/Role.scala:24:57: not found: value MappedColumnType[0m
2025.11.10 21:16:03 ERROR implicit val roleColumnType: BaseColumnType[Role] = MappedColumnType.base[Role, String]([0m
2025.11.10 21:16:03 ERROR ^[0m
2025.11.10 21:16:05 ERROR /home/kasukabe/schedule_kokubunji/backend/src/main/scala/repository/UserRepository.scala:5:8: not found: object tables[0m
2025.11.10 21:16:05 ERROR import tables.UserTable[0m
2025.11.10 21:16:05 ERROR ^[0m
2025.11.10 21:16:05 ERROR /home/kasukabe/schedule_kokubunji/backend/src/main/scala/repository/UserRepository.scala:24:36: not found: type UserTable[0m
2025.11.10 21:16:05 ERROR private val users : TableQuery[UserTable] = UserTable.methods[0m
2025.11.10 21:16:05 ERROR ^[0m
2025.11.10 21:16:05 ERROR /home/kasukabe/schedule_kokubunji/backend/src/main/scala/repository/UserRepository.scala:24:49: not found: value UserTable[0m
2025.11.10 21:16:05 ERROR private val users : TableQuery[UserTable] = UserTable.methods[0m
2025.11.10 21:16:05 ERROR ^[0m
2025.11.10 21:16:05 ERROR /home/kasukabe/schedule_kokubunji/backend/src/main/scala/repository/UserRepository.scala:45:28: ambiguous implicit values:
 both value BooleanColumnCanBeQueryCondition in object CanBeQueryCondition of type slick.lifted.CanBeQueryCondition[slick.lifted.Rep[Boolean]]
 and value BooleanOptionColumnCanBeQueryCondition in object CanBeQueryCondition of type slick.lifted.CanBeQueryCondition[slick.lifted.Rep[Option[Boolean]]]
 match expected type slick.lifted.CanBeQueryCondition[Nothing][0m
2025.11.10 21:16:05 ERROR db.run(users.filter(_.username === username).result.headOption)[0m
2025.11.10 21:16:05 ERROR ^[0m
2025.11.10 21:16:05 ERROR /home/kasukabe/schedule_kokubunji/backend/src/main/scala/security/SecuredAction.scala:22:69: not found: type JwtUtil[0m
2025.11.10 21:16:05 ERROR class SecuredAction @Inject()(parser: BodyParsers.Default, jwtUtil: JwtUtil)[0m
2025.11.10 21:16:05 ERROR ^[0m
2025.11.10 21:16:05 ERROR /home/kasukabe/schedule_kokubunji/backend/src/main/scala/security/SecuredAction.scala:35:80: type mismatch;
 found   : Option[String]
 required: String[0m
2025.11.10 21:16:05 ERROR val maybeToken : String = request.headers.get("Authorization").flatMap { header =>[0m
2025.11.10 21:16:05 ERROR ^[0m
2025.11.10 21:16:05 ERROR /home/kasukabe/schedule_kokubunji/backend/src/main/scala/service/AuthService.scala:20:46: not found: type UserRepository[0m
2025.11.10 21:16:05 ERROR class AuthService @Inject() (userRepository: UserRepository)[0m
2025.11.10 21:16:05 ERROR ^[0m
2025.11.10 21:16:05 ERROR /home/kasukabe/schedule_kokubunji/backend/src/main/scala/table/UserTable.scala:17:41: not found: type User[0m
2025.11.10 21:16:05 ERROR class UserTable(tag: Tag) extends Table[User](tag, "users") {[0m
2025.11.10 21:16:05 ERROR ^[0m
2025.11.10 21:16:05 ERROR /home/kasukabe/schedule_kokubunji/backend/src/main/scala/table/UserTable.scala:21:26: could not find implicit value for parameter tt: slick.ast.TypedType[enum.Role][0m
2025.11.10 21:16:05 ERROR def role = column[Role]("role")[0m
2025.11.10 21:16:05 ERROR ^[0m
2025.11.10 21:16:05 ERROR /home/kasukabe/schedule_kokubunji/backend/src/main/scala/utility/JwtUtil.scala:7:16: object Constants is not a member of package utility[0m
2025.11.10 21:16:05 ERROR import utility.Constants[0m
2025.11.10 21:16:05 ERROR ^[0m
2025.11.10 21:16:05 ERROR /home/kasukabe/schedule_kokubunji/backend/src/main/scala/utility/JwtUtil.scala:33:31: not found: type Format[0m
2025.11.10 21:16:05 ERROR implicit val jwtContent : Format[JwtContent] = Json.format[JwtContent][0m
2025.11.10 21:16:05 ERROR ^[0m
2025.11.10 21:16:05 ERROR /home/kasukabe/schedule_kokubunji/backend/src/main/scala/utility/JwtUtil.scala:27:44: not found: value Constants[0m
2025.11.10 21:16:05 ERROR private val expirationSeconds : Long = Constants.JwtExpirationSeconds[0m
2025.11.10 21:16:05 ERROR ^[0m
2025.11.10 21:16:05 ERROR /home/kasukabe/schedule_kokubunji/backend/src/main/scala/utility/JwtUtil.scala:33:52: not found: value Json[0m
2025.11.10 21:16:05 ERROR implicit val jwtContent : Format[JwtContent] = Json.format[JwtContent][0m
2025.11.10 21:16:05 ERROR ^[0m
2025.11.10 21:16:05 ERROR /home/kasukabe/schedule_kokubunji/backend/src/main/scala/utility/JwtUtil.scala:43:35: not found: value Json[0m
2025.11.10 21:16:05 ERROR val tmpContent : String = Json.stringify(Json.toJson(JwtContent(id, role)))[0m
2025.11.10 21:16:05 ERROR ^[0m
2025.11.10 21:16:05 ERROR /home/kasukabe/schedule_kokubunji/backend/src/main/scala/utility/JwtUtil.scala:43:50: not found: value Json[0m
2025.11.10 21:16:05 ERROR val tmpContent : String = Json.stringify(Json.toJson(JwtContent(id, role)))[0m
2025.11.10 21:16:05 ERROR ^[0m
2025.11.10 21:16:05 ERROR 25 errors found[0m
2025.11.10 21:16:05 INFO  time: compiled root in 1.1s[0m
2025.11.10 21:16:05 ERROR (Compile / compileIncremental) Compilation failed[0m
2025.11.10 21:16:05 INFO  Scala main classes not supported by server
org.eclipse.lsp4j.jsonrpc.ResponseErrorException: (Compile / compileIncremental) Compilation failed
	at org.eclipse.lsp4j.jsonrpc.RemoteEndpoint.handleResponse(RemoteEndpoint.java:220)
	at org.eclipse.lsp4j.jsonrpc.RemoteEndpoint.consume(RemoteEndpoint.java:204)
	at scala.meta.internal.metals.RequestMonitorImpl$$anon$1.consume(ServerLivenessMonitor.scala:41)
	at org.eclipse.lsp4j.jsonrpc.json.StreamMessageProducer.handleMessage(StreamMessageProducer.java:185)
	at org.eclipse.lsp4j.jsonrpc.json.StreamMessageProducer.listen(StreamMessageProducer.java:97)
	at org.eclipse.lsp4j.jsonrpc.json.ConcurrentMessageProcessor.run(ConcurrentMessageProcessor.java:114)
	at java.util.concurrent.Executors$RunnableAdapter.call(Executors.java:539)
	at java.util.concurrent.FutureTask.run(FutureTask.java:264)
	at java.util.concurrent.ThreadPoolExecutor.runWorker(ThreadPoolExecutor.java:1136)
	at java.util.concurrent.ThreadPoolExecutor$Worker.run(ThreadPoolExecutor.java:635)
	at java.lang.Thread.run(Thread.java:840)
[0m
2025.11.10 21:16:05 INFO  Processing buildTarget/scalaTestClasses[0m
2025.11.10 21:16:22 INFO  Processing buildTarget/compile[0m
2025.11.10 21:17:24 INFO  Processing buildTarget/compile[0m
2025.11.10 21:17:50 INFO  Created report: Optional[file:///home/kasukabe/schedule_kokubunji/backend/src/main/scala/controller/AuthController.scala][0m
2025.11.10 21:17:50 INFO  empty definition using pc, found symbol in pc:  (full report at: "/home/kasukabe/schedule_kokubunji/.metals/.reports/metals-full/2025-11-10/r_empty-definition_(root)_21-17-50-464.md")[0m
2025.11.10 21:18:26 INFO  Processing buildTarget/compile[0m
2025.11.10 21:19:27 INFO  Processing buildTarget/compile[0m
2025.11.10 21:20:09 INFO  Processing buildTarget/compile[0m
2025.11.10 21:20:09 INFO  compiling root[0m
2025.11.10 21:20:09 INFO  compiling 16 Scala sources and 1 Java source to /home/kasukabe/schedule_kokubunji/backend/target/scala-2.13/classes ...[0m
2025.11.10 21:20:10 ERROR /home/kasukabe/schedule_kokubunji/backend/src/main/scala/controller/AuthController.scala:30:72: No instance of play.api.libs.json.Format is available for enum.Role in the implicit scope (Hint: if declared in the same file, make sure it's declared before)[0m
2025.11.10 21:20:10 ERROR implicit val registerFormat : Format[RegisterRequest] = Json.format[RegisterRequest][0m
2025.11.10 21:20:10 ERROR ^[0m
2025.11.10 21:20:10 ERROR /home/kasukabe/schedule_kokubunji/backend/src/main/scala/service/AuthService.scala:41:71: not found: type User[0m
2025.11.10 21:20:10 ERROR def authenticate(username: String, password: String): Future[Option[User]] = {[0m
2025.11.10 21:20:10 ERROR ^[0m
2025.11.10 21:20:10 ERROR /home/kasukabe/schedule_kokubunji/backend/src/main/scala/controller/AuthController.scala:66:63: value id is not a member of Any[0m
2025.11.10 21:20:10 ERROR val token : String = jwtUtil.createToken(user.id, user.role)[0m
2025.11.10 21:20:10 ERROR ^[0m
2025.11.10 21:20:10 ERROR /home/kasukabe/schedule_kokubunji/backend/src/main/scala/controller/AuthController.scala:66:72: value role is not a member of Any[0m
2025.11.10 21:20:10 ERROR val token : String = jwtUtil.createToken(user.id, user.role)[0m
2025.11.10 21:20:10 ERROR ^[0m
2025.11.10 21:20:10 ERROR /home/kasukabe/schedule_kokubunji/backend/src/main/scala/controller/AuthController.scala:70:32: value role is not a member of Any[0m
2025.11.10 21:20:10 ERROR "role" -> user.role[0m
2025.11.10 21:20:10 ERROR ^[0m
2025.11.10 21:20:10 ERROR /home/kasukabe/schedule_kokubunji/backend/src/main/scala/controller/TestController.scala:18:26: not found: value StudentTable[0m
2025.11.10 21:20:10 ERROR private val students = StudentTable.students[0m
2025.11.10 21:20:10 ERROR ^[0m
2025.11.10 21:20:10 ERROR /home/kasukabe/schedule_kokubunji/backend/src/main/scala/controller/TestController.scala:20:39: not found: type Student[0m
2025.11.10 21:20:10 ERROR implicit val studentWrites: OWrites[Student] = Json.writes[Student][0m
2025.11.10 21:20:10 ERROR ^[0m
2025.11.10 21:20:10 ERROR /home/kasukabe/schedule_kokubunji/backend/src/main/scala/controller/TestController.scala:20:62: not found: type Student[0m
2025.11.10 21:20:10 ERROR implicit val studentWrites: OWrites[Student] = Json.writes[Student][0m
2025.11.10 21:20:10 ERROR ^[0m
2025.11.10 21:20:10 ERROR /home/kasukabe/schedule_kokubunji/backend/src/main/scala/repository/UserRepository.scala:5:8: not found: object tables[0m
2025.11.10 21:20:10 ERROR import tables.UserTable[0m
2025.11.10 21:20:10 ERROR ^[0m
2025.11.10 21:20:10 ERROR /home/kasukabe/schedule_kokubunji/backend/src/main/scala/repository/UserRepository.scala:24:36: not found: type UserTable[0m
2025.11.10 21:20:10 ERROR private val users : TableQuery[UserTable] = UserTable.methods[0m
2025.11.10 21:20:10 ERROR ^[0m
2025.11.10 21:20:10 ERROR /home/kasukabe/schedule_kokubunji/backend/src/main/scala/repository/UserRepository.scala:24:49: not found: value UserTable[0m
2025.11.10 21:20:10 ERROR private val users : TableQuery[UserTable] = UserTable.methods[0m
2025.11.10 21:20:10 ERROR ^[0m
2025.11.10 21:20:10 ERROR /home/kasukabe/schedule_kokubunji/backend/src/main/scala/repository/UserRepository.scala:45:28: ambiguous implicit values:
 both value BooleanColumnCanBeQueryCondition in object CanBeQueryCondition of type slick.lifted.CanBeQueryCondition[slick.lifted.Rep[Boolean]]
 and value BooleanOptionColumnCanBeQueryCondition in object CanBeQueryCondition of type slick.lifted.CanBeQueryCondition[slick.lifted.Rep[Option[Boolean]]]
 match expected type slick.lifted.CanBeQueryCondition[Nothing][0m
2025.11.10 21:20:10 ERROR db.run(users.filter(_.username === username).result.headOption)[0m
2025.11.10 21:20:10 ERROR ^[0m
2025.11.10 21:20:10 ERROR /home/kasukabe/schedule_kokubunji/backend/src/main/scala/security/SecuredAction.scala:22:69: not found: type JwtUtil[0m
2025.11.10 21:20:10 ERROR class SecuredAction @Inject()(parser: BodyParsers.Default, jwtUtil: JwtUtil)[0m
2025.11.10 21:20:10 ERROR ^[0m
2025.11.10 21:20:10 ERROR /home/kasukabe/schedule_kokubunji/backend/src/main/scala/security/SecuredAction.scala:35:80: type mismatch;
 found   : Option[String]
 required: String[0m
2025.11.10 21:20:10 ERROR val maybeToken : String = request.headers.get("Authorization").flatMap { header =>[0m
2025.11.10 21:20:10 ERROR ^[0m
2025.11.10 21:20:10 ERROR /home/kasukabe/schedule_kokubunji/backend/src/main/scala/service/AuthService.scala:20:46: not found: type UserRepository[0m
2025.11.10 21:20:10 ERROR class AuthService @Inject() (userRepository: UserRepository)[0m
2025.11.10 21:20:10 ERROR ^[0m
2025.11.10 21:20:10 ERROR /home/kasukabe/schedule_kokubunji/backend/src/main/scala/table/UserTable.scala:17:41: not found: type User[0m
2025.11.10 21:20:10 ERROR class UserTable(tag: Tag) extends Table[User](tag, "users") {[0m
2025.11.10 21:20:10 ERROR ^[0m
2025.11.10 21:20:10 ERROR /home/kasukabe/schedule_kokubunji/backend/src/main/scala/table/UserTable.scala:21:26: could not find implicit value for parameter tt: slick.ast.TypedType[enum.Role][0m
2025.11.10 21:20:10 ERROR def role = column[Role]("role")[0m
2025.11.10 21:20:10 ERROR ^[0m
2025.11.10 21:20:10 ERROR /home/kasukabe/schedule_kokubunji/backend/src/main/scala/utility/JwtUtil.scala:7:16: object Constants is not a member of package utility[0m
2025.11.10 21:20:10 ERROR import utility.Constants[0m
2025.11.10 21:20:10 ERROR ^[0m
2025.11.10 21:20:10 ERROR /home/kasukabe/schedule_kokubunji/backend/src/main/scala/utility/JwtUtil.scala:33:31: not found: type Format[0m
2025.11.10 21:20:10 ERROR implicit val jwtContent : Format[JwtContent] = Json.format[JwtContent][0m
2025.11.10 21:20:10 ERROR ^[0m
2025.11.10 21:20:10 ERROR /home/kasukabe/schedule_kokubunji/backend/src/main/scala/utility/JwtUtil.scala:27:44: not found: value Constants[0m
2025.11.10 21:20:10 ERROR private val expirationSeconds : Long = Constants.JwtExpirationSeconds[0m
2025.11.10 21:20:10 ERROR ^[0m
2025.11.10 21:20:10 ERROR /home/kasukabe/schedule_kokubunji/backend/src/main/scala/utility/JwtUtil.scala:33:52: not found: value Json[0m
2025.11.10 21:20:10 ERROR implicit val jwtContent : Format[JwtContent] = Json.format[JwtContent][0m
2025.11.10 21:20:10 ERROR ^[0m
2025.11.10 21:20:10 ERROR /home/kasukabe/schedule_kokubunji/backend/src/main/scala/utility/JwtUtil.scala:43:35: not found: value Json[0m
2025.11.10 21:20:10 ERROR val tmpContent : String = Json.stringify(Json.toJson(JwtContent(id, role)))[0m
2025.11.10 21:20:10 ERROR ^[0m
2025.11.10 21:20:10 ERROR /home/kasukabe/schedule_kokubunji/backend/src/main/scala/utility/JwtUtil.scala:43:50: not found: value Json[0m
2025.11.10 21:20:10 ERROR val tmpContent : String = Json.stringify(Json.toJson(JwtContent(id, role)))[0m
2025.11.10 21:20:10 ERROR ^[0m
2025.11.10 21:20:10 ERROR 23 errors found[0m
2025.11.10 21:20:10 INFO  time: compiled root in 1.64s[0m
2025.11.10 21:20:10 ERROR (Compile / compileIncremental) Compilation failed[0m
2025.11.10 21:20:11 INFO  Cancelling compilation on sbt server
org.eclipse.lsp4j.jsonrpc.ResponseErrorException: (Compile / compileIncremental) Compilation failed
	at org.eclipse.lsp4j.jsonrpc.RemoteEndpoint.handleResponse(RemoteEndpoint.java:220)
	at org.eclipse.lsp4j.jsonrpc.RemoteEndpoint.consume(RemoteEndpoint.java:204)
	at scala.meta.internal.metals.RequestMonitorImpl$$anon$1.consume(ServerLivenessMonitor.scala:41)
	at org.eclipse.lsp4j.jsonrpc.json.StreamMessageProducer.handleMessage(StreamMessageProducer.java:185)
	at org.eclipse.lsp4j.jsonrpc.json.StreamMessageProducer.listen(StreamMessageProducer.java:97)
	at org.eclipse.lsp4j.jsonrpc.json.ConcurrentMessageProcessor.run(ConcurrentMessageProcessor.java:114)
	at java.util.concurrent.Executors$RunnableAdapter.call(Executors.java:539)
	at java.util.concurrent.FutureTask.run(FutureTask.java:264)
	at java.util.concurrent.ThreadPoolExecutor.runWorker(ThreadPoolExecutor.java:1136)
	at java.util.concurrent.ThreadPoolExecutor$Worker.run(ThreadPoolExecutor.java:635)
	at java.lang.Thread.run(Thread.java:840)
[0m
2025.11.10 21:20:10 INFO  Processing buildTarget/scalaTestClasses[0m
2025.11.10 21:20:10 INFO  Processing buildTarget/scalaMainClasses[0m
2025.11.10 21:20:11 INFO  compiling root[0m
2025.11.10 21:20:11 INFO  compiling 16 Scala sources and 1 Java source to /home/kasukabe/schedule_kokubunji/backend/target/scala-2.13/classes ...[0m
2025.11.10 21:20:11 ERROR /home/kasukabe/schedule_kokubunji/backend/src/main/scala/controller/AuthController.scala:30:72: No instance of play.api.libs.json.Format is available for enum.Role in the implicit scope (Hint: if declared in the same file, make sure it's declared before)[0m
2025.11.10 21:20:11 ERROR implicit val registerFormat : Format[RegisterRequest] = Json.format[RegisterRequest][0m
2025.11.10 21:20:11 ERROR ^[0m
2025.11.10 21:20:11 ERROR /home/kasukabe/schedule_kokubunji/backend/src/main/scala/service/AuthService.scala:41:71: not found: type User[0m
2025.11.10 21:20:11 ERROR def authenticate(username: String, password: String): Future[Option[User]] = {[0m
2025.11.10 21:20:11 ERROR ^[0m
2025.11.10 21:20:11 ERROR /home/kasukabe/schedule_kokubunji/backend/src/main/scala/controller/AuthController.scala:66:63: value id is not a member of Any[0m
2025.11.10 21:20:11 ERROR val token : String = jwtUtil.createToken(user.id, user.role)[0m
2025.11.10 21:20:11 ERROR ^[0m
2025.11.10 21:20:11 ERROR /home/kasukabe/schedule_kokubunji/backend/src/main/scala/controller/AuthController.scala:66:72: value role is not a member of Any[0m
2025.11.10 21:20:11 ERROR val token : String = jwtUtil.createToken(user.id, user.role)[0m
2025.11.10 21:20:11 ERROR ^[0m
2025.11.10 21:20:11 ERROR /home/kasukabe/schedule_kokubunji/backend/src/main/scala/controller/AuthController.scala:70:32: value role is not a member of Any[0m
2025.11.10 21:20:11 ERROR "role" -> user.role[0m
2025.11.10 21:20:11 ERROR ^[0m
2025.11.10 21:20:12 ERROR /home/kasukabe/schedule_kokubunji/backend/src/main/scala/controller/TestController.scala:18:26: not found: value StudentTable[0m
2025.11.10 21:20:12 ERROR private val students = StudentTable.students[0m
2025.11.10 21:20:12 ERROR ^[0m
2025.11.10 21:20:12 ERROR /home/kasukabe/schedule_kokubunji/backend/src/main/scala/controller/TestController.scala:20:39: not found: type Student[0m
2025.11.10 21:20:12 ERROR implicit val studentWrites: OWrites[Student] = Json.writes[Student][0m
2025.11.10 21:20:12 ERROR ^[0m
2025.11.10 21:20:12 ERROR /home/kasukabe/schedule_kokubunji/backend/src/main/scala/controller/TestController.scala:20:62: not found: type Student[0m
2025.11.10 21:20:12 ERROR implicit val studentWrites: OWrites[Student] = Json.writes[Student][0m
2025.11.10 21:20:12 ERROR ^[0m
2025.11.10 21:20:12 ERROR /home/kasukabe/schedule_kokubunji/backend/src/main/scala/repository/UserRepository.scala:5:8: not found: object tables[0m
2025.11.10 21:20:12 ERROR import tables.UserTable[0m
2025.11.10 21:20:12 ERROR ^[0m
2025.11.10 21:20:12 ERROR /home/kasukabe/schedule_kokubunji/backend/src/main/scala/repository/UserRepository.scala:24:36: not found: type UserTable[0m
2025.11.10 21:20:12 ERROR private val users : TableQuery[UserTable] = UserTable.methods[0m
2025.11.10 21:20:12 ERROR ^[0m
2025.11.10 21:20:12 ERROR /home/kasukabe/schedule_kokubunji/backend/src/main/scala/repository/UserRepository.scala:24:49: not found: value UserTable[0m
2025.11.10 21:20:12 ERROR private val users : TableQuery[UserTable] = UserTable.methods[0m
2025.11.10 21:20:12 ERROR ^[0m
2025.11.10 21:20:12 ERROR /home/kasukabe/schedule_kokubunji/backend/src/main/scala/repository/UserRepository.scala:45:28: ambiguous implicit values:
 both value BooleanColumnCanBeQueryCondition in object CanBeQueryCondition of type slick.lifted.CanBeQueryCondition[slick.lifted.Rep[Boolean]]
 and value BooleanOptionColumnCanBeQueryCondition in object CanBeQueryCondition of type slick.lifted.CanBeQueryCondition[slick.lifted.Rep[Option[Boolean]]]
 match expected type slick.lifted.CanBeQueryCondition[Nothing][0m
2025.11.10 21:20:12 ERROR db.run(users.filter(_.username === username).result.headOption)[0m
2025.11.10 21:20:12 ERROR ^[0m
2025.11.10 21:20:12 ERROR /home/kasukabe/schedule_kokubunji/backend/src/main/scala/security/SecuredAction.scala:22:69: not found: type JwtUtil[0m
2025.11.10 21:20:12 ERROR class SecuredAction @Inject()(parser: BodyParsers.Default, jwtUtil: JwtUtil)[0m
2025.11.10 21:20:12 ERROR ^[0m
2025.11.10 21:20:12 ERROR /home/kasukabe/schedule_kokubunji/backend/src/main/scala/security/SecuredAction.scala:35:80: type mismatch;
 found   : Option[String]
 required: String[0m
2025.11.10 21:20:12 ERROR val maybeToken : String = request.headers.get("Authorization").flatMap { header =>[0m
2025.11.10 21:20:12 ERROR ^[0m
2025.11.10 21:20:12 ERROR /home/kasukabe/schedule_kokubunji/backend/src/main/scala/service/AuthService.scala:20:46: not found: type UserRepository[0m
2025.11.10 21:20:12 ERROR class AuthService @Inject() (userRepository: UserRepository)[0m
2025.11.10 21:20:12 ERROR ^[0m
2025.11.10 21:20:12 ERROR /home/kasukabe/schedule_kokubunji/backend/src/main/scala/table/UserTable.scala:17:41: not found: type User[0m
2025.11.10 21:20:12 ERROR class UserTable(tag: Tag) extends Table[User](tag, "users") {[0m
2025.11.10 21:20:12 ERROR ^[0m
2025.11.10 21:20:12 ERROR /home/kasukabe/schedule_kokubunji/backend/src/main/scala/table/UserTable.scala:21:26: could not find implicit value for parameter tt: slick.ast.TypedType[enum.Role][0m
2025.11.10 21:20:12 ERROR def role = column[Role]("role")[0m
2025.11.10 21:20:12 ERROR ^[0m
2025.11.10 21:20:12 ERROR /home/kasukabe/schedule_kokubunji/backend/src/main/scala/utility/JwtUtil.scala:7:16: object Constants is not a member of package utility[0m
2025.11.10 21:20:12 ERROR import utility.Constants[0m
2025.11.10 21:20:12 ERROR ^[0m
2025.11.10 21:20:12 ERROR /home/kasukabe/schedule_kokubunji/backend/src/main/scala/utility/JwtUtil.scala:33:31: not found: type Format[0m
2025.11.10 21:20:12 ERROR implicit val jwtContent : Format[JwtContent] = Json.format[JwtContent][0m
2025.11.10 21:20:12 ERROR ^[0m
2025.11.10 21:20:12 ERROR /home/kasukabe/schedule_kokubunji/backend/src/main/scala/utility/JwtUtil.scala:27:44: not found: value Constants[0m
2025.11.10 21:20:12 ERROR private val expirationSeconds : Long = Constants.JwtExpirationSeconds[0m
2025.11.10 21:20:12 ERROR ^[0m
2025.11.10 21:20:12 ERROR /home/kasukabe/schedule_kokubunji/backend/src/main/scala/utility/JwtUtil.scala:33:52: not found: value Json[0m
2025.11.10 21:20:12 ERROR implicit val jwtContent : Format[JwtContent] = Json.format[JwtContent][0m
2025.11.10 21:20:12 ERROR ^[0m
2025.11.10 21:20:12 ERROR /home/kasukabe/schedule_kokubunji/backend/src/main/scala/utility/JwtUtil.scala:43:35: not found: value Json[0m
2025.11.10 21:20:12 ERROR val tmpContent : String = Json.stringify(Json.toJson(JwtContent(id, role)))[0m
2025.11.10 21:20:12 ERROR ^[0m
2025.11.10 21:20:12 ERROR /home/kasukabe/schedule_kokubunji/backend/src/main/scala/utility/JwtUtil.scala:43:50: not found: value Json[0m
2025.11.10 21:20:12 ERROR val tmpContent : String = Json.stringify(Json.toJson(JwtContent(id, role)))[0m
2025.11.10 21:20:12 ERROR ^[0m
2025.11.10 21:20:12 ERROR 23 errors found[0m
2025.11.10 21:20:12 INFO  time: compiled root in 1.8s[0m
2025.11.10 21:20:12 ERROR (Compile / compileIncremental) Compilation failed[0m
2025.11.10 21:20:13 INFO  Scala main classes not supported by server
org.eclipse.lsp4j.jsonrpc.ResponseErrorException: (Compile / compileIncremental) Compilation failed
	at org.eclipse.lsp4j.jsonrpc.RemoteEndpoint.handleResponse(RemoteEndpoint.java:220)
	at org.eclipse.lsp4j.jsonrpc.RemoteEndpoint.consume(RemoteEndpoint.java:204)
	at scala.meta.internal.metals.RequestMonitorImpl$$anon$1.consume(ServerLivenessMonitor.scala:41)
	at org.eclipse.lsp4j.jsonrpc.json.StreamMessageProducer.handleMessage(StreamMessageProducer.java:185)
	at org.eclipse.lsp4j.jsonrpc.json.StreamMessageProducer.listen(StreamMessageProducer.java:97)
	at org.eclipse.lsp4j.jsonrpc.json.ConcurrentMessageProcessor.run(ConcurrentMessageProcessor.java:114)
	at java.util.concurrent.Executors$RunnableAdapter.call(Executors.java:539)
	at java.util.concurrent.FutureTask.run(FutureTask.java:264)
	at java.util.concurrent.ThreadPoolExecutor.runWorker(ThreadPoolExecutor.java:1136)
	at java.util.concurrent.ThreadPoolExecutor$Worker.run(ThreadPoolExecutor.java:635)
	at java.lang.Thread.run(Thread.java:840)
[0m
Nov 10, 2025 9:20:22 PM org.eclipse.lsp4j.jsonrpc.RemoteEndpoint handleCancellation
WARNING: Unmatched cancel notification for request id 870
2025.11.10 21:20:28 INFO  Processing buildTarget/compile[0m
2025.11.10 21:20:28 INFO  compiling root[0m
2025.11.10 21:20:28 INFO  compiling 16 Scala sources and 1 Java source to /home/kasukabe/schedule_kokubunji/backend/target/scala-2.13/classes ...[0m
2025.11.10 21:20:29 ERROR /home/kasukabe/schedule_kokubunji/backend/src/main/scala/controller/AuthController.scala:30:72: No instance of play.api.libs.json.Format is available for enum.Role in the implicit scope (Hint: if declared in the same file, make sure it's declared before)[0m
2025.11.10 21:20:29 ERROR implicit val registerFormat : Format[RegisterRequest] = Json.format[RegisterRequest][0m
2025.11.10 21:20:29 ERROR ^[0m
2025.11.10 21:20:29 ERROR /home/kasukabe/schedule_kokubunji/backend/src/main/scala/service/AuthService.scala:41:71: not found: type User[0m
2025.11.10 21:20:29 ERROR def authenticate(username: String, password: String): Future[Option[User]] = {[0m
2025.11.10 21:20:29 ERROR ^[0m
2025.11.10 21:20:29 ERROR /home/kasukabe/schedule_kokubunji/backend/src/main/scala/controller/AuthController.scala:66:63: value id is not a member of Any[0m
2025.11.10 21:20:29 ERROR val token : String = jwtUtil.createToken(user.id, user.role)[0m
2025.11.10 21:20:29 ERROR ^[0m
2025.11.10 21:20:29 ERROR /home/kasukabe/schedule_kokubunji/backend/src/main/scala/controller/AuthController.scala:66:72: value role is not a member of Any[0m
2025.11.10 21:20:29 ERROR val token : String = jwtUtil.createToken(user.id, user.role)[0m
2025.11.10 21:20:29 ERROR ^[0m
2025.11.10 21:20:29 ERROR /home/kasukabe/schedule_kokubunji/backend/src/main/scala/controller/AuthController.scala:70:32: value role is not a member of Any[0m
2025.11.10 21:20:29 ERROR "role" -> user.role[0m
2025.11.10 21:20:29 ERROR ^[0m
2025.11.10 21:20:29 ERROR /home/kasukabe/schedule_kokubunji/backend/src/main/scala/controller/TestController.scala:18:26: not found: value StudentTable[0m
2025.11.10 21:20:29 ERROR private val students = StudentTable.students[0m
2025.11.10 21:20:29 ERROR ^[0m
2025.11.10 21:20:29 ERROR /home/kasukabe/schedule_kokubunji/backend/src/main/scala/controller/TestController.scala:20:39: not found: type Student[0m
2025.11.10 21:20:29 ERROR implicit val studentWrites: OWrites[Student] = Json.writes[Student][0m
2025.11.10 21:20:29 ERROR ^[0m
2025.11.10 21:20:29 ERROR /home/kasukabe/schedule_kokubunji/backend/src/main/scala/controller/TestController.scala:20:62: not found: type Student[0m
2025.11.10 21:20:29 ERROR implicit val studentWrites: OWrites[Student] = Json.writes[Student][0m
2025.11.10 21:20:29 ERROR ^[0m
2025.11.10 21:20:29 ERROR /home/kasukabe/schedule_kokubunji/backend/src/main/scala/repository/UserRepository.scala:5:8: not found: object tables[0m
2025.11.10 21:20:29 ERROR import tables.UserTable[0m
2025.11.10 21:20:29 ERROR ^[0m
2025.11.10 21:20:29 ERROR /home/kasukabe/schedule_kokubunji/backend/src/main/scala/repository/UserRepository.scala:24:36: not found: type UserTable[0m
2025.11.10 21:20:29 ERROR private val users : TableQuery[UserTable] = UserTable.methods[0m
2025.11.10 21:20:29 ERROR ^[0m
2025.11.10 21:20:29 ERROR /home/kasukabe/schedule_kokubunji/backend/src/main/scala/repository/UserRepository.scala:24:49: not found: value UserTable[0m
2025.11.10 21:20:29 ERROR private val users : TableQuery[UserTable] = UserTable.methods[0m
2025.11.10 21:20:29 ERROR ^[0m
2025.11.10 21:20:29 ERROR /home/kasukabe/schedule_kokubunji/backend/src/main/scala/repository/UserRepository.scala:45:28: ambiguous implicit values:
 both value BooleanColumnCanBeQueryCondition in object CanBeQueryCondition of type slick.lifted.CanBeQueryCondition[slick.lifted.Rep[Boolean]]
 and value BooleanOptionColumnCanBeQueryCondition in object CanBeQueryCondition of type slick.lifted.CanBeQueryCondition[slick.lifted.Rep[Option[Boolean]]]
 match expected type slick.lifted.CanBeQueryCondition[Nothing][0m
2025.11.10 21:20:29 ERROR db.run(users.filter(_.username === username).result.headOption)[0m
2025.11.10 21:20:29 ERROR ^[0m
2025.11.10 21:20:29 ERROR /home/kasukabe/schedule_kokubunji/backend/src/main/scala/security/SecuredAction.scala:22:69: not found: type JwtUtil[0m
2025.11.10 21:20:29 ERROR class SecuredAction @Inject()(parser: BodyParsers.Default, jwtUtil: JwtUtil)[0m
2025.11.10 21:20:29 ERROR ^[0m
2025.11.10 21:20:29 ERROR /home/kasukabe/schedule_kokubunji/backend/src/main/scala/security/SecuredAction.scala:35:80: type mismatch;
 found   : Option[String]
 required: String[0m
2025.11.10 21:20:29 ERROR val maybeToken : String = request.headers.get("Authorization").flatMap { header =>[0m
2025.11.10 21:20:29 ERROR ^[0m
2025.11.10 21:20:29 ERROR /home/kasukabe/schedule_kokubunji/backend/src/main/scala/service/AuthService.scala:20:46: not found: type UserRepository[0m
2025.11.10 21:20:29 ERROR class AuthService @Inject() (userRepository: UserRepository)[0m
2025.11.10 21:20:29 ERROR ^[0m
2025.11.10 21:20:29 ERROR /home/kasukabe/schedule_kokubunji/backend/src/main/scala/table/UserTable.scala:17:41: not found: type User[0m
2025.11.10 21:20:29 ERROR class UserTable(tag: Tag) extends Table[User](tag, "users") {[0m
2025.11.10 21:20:29 ERROR ^[0m
2025.11.10 21:20:29 ERROR /home/kasukabe/schedule_kokubunji/backend/src/main/scala/table/UserTable.scala:21:26: could not find implicit value for parameter tt: slick.ast.TypedType[enum.Role][0m
2025.11.10 21:20:29 ERROR def role = column[Role]("role")[0m
2025.11.10 21:20:29 ERROR ^[0m
2025.11.10 21:20:29 ERROR /home/kasukabe/schedule_kokubunji/backend/src/main/scala/utility/JwtUtil.scala:7:16: object Constants is not a member of package utility[0m
2025.11.10 21:20:29 ERROR import utility.Constants[0m
2025.11.10 21:20:29 ERROR ^[0m
2025.11.10 21:20:29 ERROR /home/kasukabe/schedule_kokubunji/backend/src/main/scala/utility/JwtUtil.scala:33:31: not found: type Format[0m
2025.11.10 21:20:29 ERROR implicit val jwtContent : Format[JwtContent] = Json.format[JwtContent][0m
2025.11.10 21:20:29 ERROR ^[0m
2025.11.10 21:20:29 ERROR /home/kasukabe/schedule_kokubunji/backend/src/main/scala/utility/JwtUtil.scala:27:44: not found: value Constants[0m
2025.11.10 21:20:29 ERROR private val expirationSeconds : Long = Constants.JwtExpirationSeconds[0m
2025.11.10 21:20:29 ERROR ^[0m
2025.11.10 21:20:29 ERROR /home/kasukabe/schedule_kokubunji/backend/src/main/scala/utility/JwtUtil.scala:33:52: not found: value Json[0m
2025.11.10 21:20:29 ERROR implicit val jwtContent : Format[JwtContent] = Json.format[JwtContent][0m
2025.11.10 21:20:29 ERROR ^[0m
2025.11.10 21:20:29 ERROR /home/kasukabe/schedule_kokubunji/backend/src/main/scala/utility/JwtUtil.scala:43:35: not found: value Json[0m
2025.11.10 21:20:29 ERROR val tmpContent : String = Json.stringify(Json.toJson(JwtContent(id, role)))[0m
2025.11.10 21:20:29 ERROR ^[0m
2025.11.10 21:20:29 ERROR /home/kasukabe/schedule_kokubunji/backend/src/main/scala/utility/JwtUtil.scala:43:50: not found: value Json[0m
2025.11.10 21:20:29 ERROR val tmpContent : String = Json.stringify(Json.toJson(JwtContent(id, role)))[0m
2025.11.10 21:20:29 ERROR ^[0m
2025.11.10 21:20:29 ERROR 23 errors found[0m
2025.11.10 21:20:29 INFO  time: compiled root in 1.22s[0m
2025.11.10 21:20:29 ERROR (Compile / compileIncremental) Compilation failed[0m
2025.11.10 21:20:30 INFO  Cancelling compilation on sbt server
org.eclipse.lsp4j.jsonrpc.ResponseErrorException: (Compile / compileIncremental) Compilation failed
	at org.eclipse.lsp4j.jsonrpc.RemoteEndpoint.handleResponse(RemoteEndpoint.java:220)
	at org.eclipse.lsp4j.jsonrpc.RemoteEndpoint.consume(RemoteEndpoint.java:204)
	at scala.meta.internal.metals.RequestMonitorImpl$$anon$1.consume(ServerLivenessMonitor.scala:41)
	at org.eclipse.lsp4j.jsonrpc.json.StreamMessageProducer.handleMessage(StreamMessageProducer.java:185)
	at org.eclipse.lsp4j.jsonrpc.json.StreamMessageProducer.listen(StreamMessageProducer.java:97)
	at org.eclipse.lsp4j.jsonrpc.json.ConcurrentMessageProcessor.run(ConcurrentMessageProcessor.java:114)
	at java.util.concurrent.Executors$RunnableAdapter.call(Executors.java:539)
	at java.util.concurrent.FutureTask.run(FutureTask.java:264)
	at java.util.concurrent.ThreadPoolExecutor.runWorker(ThreadPoolExecutor.java:1136)
	at java.util.concurrent.ThreadPoolExecutor$Worker.run(ThreadPoolExecutor.java:635)
	at java.lang.Thread.run(Thread.java:840)
[0m
2025.11.10 21:20:29 INFO  Processing buildTarget/compile[0m
2025.11.10 21:20:29 INFO  Processing buildTarget/scalaMainClasses[0m
2025.11.10 21:20:29 INFO  compiling root[0m
2025.11.10 21:20:29 INFO  compiling 16 Scala sources and 1 Java source to /home/kasukabe/schedule_kokubunji/backend/target/scala-2.13/classes ...[0m
2025.11.10 21:20:29 ERROR /home/kasukabe/schedule_kokubunji/backend/src/main/scala/controller/AuthController.scala:30:72: No instance of play.api.libs.json.Format is available for enum.Role in the implicit scope (Hint: if declared in the same file, make sure it's declared before)[0m
2025.11.10 21:20:29 ERROR implicit val registerFormat : Format[RegisterRequest] = Json.format[RegisterRequest][0m
2025.11.10 21:20:29 ERROR ^[0m
2025.11.10 21:20:29 ERROR /home/kasukabe/schedule_kokubunji/backend/src/main/scala/service/AuthService.scala:41:71: not found: type User[0m
2025.11.10 21:20:29 ERROR def authenticate(username: String, password: String): Future[Option[User]] = {[0m
2025.11.10 21:20:29 ERROR ^[0m
2025.11.10 21:20:29 ERROR /home/kasukabe/schedule_kokubunji/backend/src/main/scala/controller/AuthController.scala:66:63: value id is not a member of Any[0m
2025.11.10 21:20:29 ERROR val token : String = jwtUtil.createToken(user.id, user.role)[0m
2025.11.10 21:20:29 ERROR ^[0m
2025.11.10 21:20:29 ERROR /home/kasukabe/schedule_kokubunji/backend/src/main/scala/controller/AuthController.scala:66:72: value role is not a member of Any[0m
2025.11.10 21:20:29 ERROR val token : String = jwtUtil.createToken(user.id, user.role)[0m
2025.11.10 21:20:29 ERROR ^[0m
2025.11.10 21:20:29 ERROR /home/kasukabe/schedule_kokubunji/backend/src/main/scala/controller/AuthController.scala:70:32: value role is not a member of Any[0m
2025.11.10 21:20:29 ERROR "role" -> user.role[0m
2025.11.10 21:20:29 ERROR ^[0m
2025.11.10 21:20:29 ERROR /home/kasukabe/schedule_kokubunji/backend/src/main/scala/controller/TestController.scala:18:26: not found: value StudentTable[0m
2025.11.10 21:20:29 ERROR private val students = StudentTable.students[0m
2025.11.10 21:20:29 ERROR ^[0m
2025.11.10 21:20:29 ERROR /home/kasukabe/schedule_kokubunji/backend/src/main/scala/controller/TestController.scala:20:39: not found: type Student[0m
2025.11.10 21:20:29 ERROR implicit val studentWrites: OWrites[Student] = Json.writes[Student][0m
2025.11.10 21:20:29 ERROR ^[0m
2025.11.10 21:20:29 ERROR /home/kasukabe/schedule_kokubunji/backend/src/main/scala/controller/TestController.scala:20:62: not found: type Student[0m
2025.11.10 21:20:29 ERROR implicit val studentWrites: OWrites[Student] = Json.writes[Student][0m
2025.11.10 21:20:29 ERROR ^[0m
2025.11.10 21:20:29 ERROR /home/kasukabe/schedule_kokubunji/backend/src/main/scala/repository/UserRepository.scala:5:8: not found: object tables[0m
2025.11.10 21:20:29 ERROR import tables.UserTable[0m
2025.11.10 21:20:29 ERROR ^[0m
2025.11.10 21:20:29 ERROR /home/kasukabe/schedule_kokubunji/backend/src/main/scala/repository/UserRepository.scala:24:36: not found: type UserTable[0m
2025.11.10 21:20:29 ERROR private val users : TableQuery[UserTable] = UserTable.methods[0m
2025.11.10 21:20:29 ERROR ^[0m
2025.11.10 21:20:29 ERROR /home/kasukabe/schedule_kokubunji/backend/src/main/scala/repository/UserRepository.scala:24:49: not found: value UserTable[0m
2025.11.10 21:20:29 ERROR private val users : TableQuery[UserTable] = UserTable.methods[0m
2025.11.10 21:20:29 ERROR ^[0m
2025.11.10 21:20:29 ERROR /home/kasukabe/schedule_kokubunji/backend/src/main/scala/repository/UserRepository.scala:45:28: ambiguous implicit values:
 both value BooleanColumnCanBeQueryCondition in object CanBeQueryCondition of type slick.lifted.CanBeQueryCondition[slick.lifted.Rep[Boolean]]
 and value BooleanOptionColumnCanBeQueryCondition in object CanBeQueryCondition of type slick.lifted.CanBeQueryCondition[slick.lifted.Rep[Option[Boolean]]]
 match expected type slick.lifted.CanBeQueryCondition[Nothing][0m
2025.11.10 21:20:29 ERROR db.run(users.filter(_.username === username).result.headOption)[0m
2025.11.10 21:20:29 ERROR ^[0m
2025.11.10 21:20:29 ERROR /home/kasukabe/schedule_kokubunji/backend/src/main/scala/security/SecuredAction.scala:22:69: not found: type JwtUtil[0m
2025.11.10 21:20:29 ERROR class SecuredAction @Inject()(parser: BodyParsers.Default, jwtUtil: JwtUtil)[0m
2025.11.10 21:20:29 ERROR ^[0m
2025.11.10 21:20:29 ERROR /home/kasukabe/schedule_kokubunji/backend/src/main/scala/security/SecuredAction.scala:35:80: type mismatch;
 found   : Option[String]
 required: String[0m
2025.11.10 21:20:29 ERROR val maybeToken : String = request.headers.get("Authorization").flatMap { header =>[0m
2025.11.10 21:20:29 ERROR ^[0m
2025.11.10 21:20:29 ERROR /home/kasukabe/schedule_kokubunji/backend/src/main/scala/service/AuthService.scala:20:46: not found: type UserRepository[0m
2025.11.10 21:20:29 ERROR class AuthService @Inject() (userRepository: UserRepository)[0m
2025.11.10 21:20:29 ERROR ^[0m
2025.11.10 21:20:29 ERROR /home/kasukabe/schedule_kokubunji/backend/src/main/scala/table/UserTable.scala:17:41: not found: type User[0m
2025.11.10 21:20:29 ERROR class UserTable(tag: Tag) extends Table[User](tag, "users") {[0m
2025.11.10 21:20:29 ERROR ^[0m
2025.11.10 21:20:29 ERROR /home/kasukabe/schedule_kokubunji/backend/src/main/scala/table/UserTable.scala:21:26: could not find implicit value for parameter tt: slick.ast.TypedType[enum.Role][0m
2025.11.10 21:20:29 ERROR def role = column[Role]("role")[0m
2025.11.10 21:20:29 ERROR ^[0m
2025.11.10 21:20:29 ERROR /home/kasukabe/schedule_kokubunji/backend/src/main/scala/utility/JwtUtil.scala:7:16: object Constants is not a member of package utility[0m
2025.11.10 21:20:29 ERROR import utility.Constants[0m
2025.11.10 21:20:29 ERROR ^[0m
2025.11.10 21:20:29 ERROR /home/kasukabe/schedule_kokubunji/backend/src/main/scala/utility/JwtUtil.scala:33:31: not found: type Format[0m
2025.11.10 21:20:29 ERROR implicit val jwtContent : Format[JwtContent] = Json.format[JwtContent][0m
2025.11.10 21:20:29 ERROR ^[0m
2025.11.10 21:20:30 ERROR /home/kasukabe/schedule_kokubunji/backend/src/main/scala/utility/JwtUtil.scala:27:44: not found: value Constants[0m
2025.11.10 21:20:30 ERROR private val expirationSeconds : Long = Constants.JwtExpirationSeconds[0m
2025.11.10 21:20:30 ERROR ^[0m
2025.11.10 21:20:30 ERROR /home/kasukabe/schedule_kokubunji/backend/src/main/scala/utility/JwtUtil.scala:33:52: not found: value Json[0m
2025.11.10 21:20:30 ERROR implicit val jwtContent : Format[JwtContent] = Json.format[JwtContent][0m
2025.11.10 21:20:30 ERROR ^[0m
2025.11.10 21:20:30 ERROR /home/kasukabe/schedule_kokubunji/backend/src/main/scala/utility/JwtUtil.scala:43:35: not found: value Json[0m
2025.11.10 21:20:30 ERROR val tmpContent : String = Json.stringify(Json.toJson(JwtContent(id, role)))[0m
2025.11.10 21:20:30 ERROR ^[0m
2025.11.10 21:20:30 ERROR /home/kasukabe/schedule_kokubunji/backend/src/main/scala/utility/JwtUtil.scala:43:50: not found: value Json[0m
2025.11.10 21:20:30 ERROR val tmpContent : String = Json.stringify(Json.toJson(JwtContent(id, role)))[0m
2025.11.10 21:20:30 ERROR ^[0m
2025.11.10 21:20:30 ERROR 23 errors found[0m
2025.11.10 21:20:30 INFO  time: compiled root in 0.55s[0m
2025.11.10 21:20:30 ERROR (Compile / compileIncremental) Compilation failed[0m
2025.11.10 21:20:30 INFO  Scala main classes not supported by server
org.eclipse.lsp4j.jsonrpc.ResponseErrorException: (Compile / compileIncremental) Compilation failed
	at org.eclipse.lsp4j.jsonrpc.RemoteEndpoint.handleResponse(RemoteEndpoint.java:220)
	at org.eclipse.lsp4j.jsonrpc.RemoteEndpoint.consume(RemoteEndpoint.java:204)
	at scala.meta.internal.metals.RequestMonitorImpl$$anon$1.consume(ServerLivenessMonitor.scala:41)
	at org.eclipse.lsp4j.jsonrpc.json.StreamMessageProducer.handleMessage(StreamMessageProducer.java:185)
	at org.eclipse.lsp4j.jsonrpc.json.StreamMessageProducer.listen(StreamMessageProducer.java:97)
	at org.eclipse.lsp4j.jsonrpc.json.ConcurrentMessageProcessor.run(ConcurrentMessageProcessor.java:114)
	at java.util.concurrent.Executors$RunnableAdapter.call(Executors.java:539)
	at java.util.concurrent.FutureTask.run(FutureTask.java:264)
	at java.util.concurrent.ThreadPoolExecutor.runWorker(ThreadPoolExecutor.java:1136)
	at java.util.concurrent.ThreadPoolExecutor$Worker.run(ThreadPoolExecutor.java:635)
	at java.lang.Thread.run(Thread.java:840)
[0m
2025.11.10 21:20:30 INFO  Processing buildTarget/scalaTestClasses[0m
2025.11.10 21:21:31 INFO  Processing buildTarget/compile[0m
2025.11.10 21:21:31 INFO  compiling root[0m
2025.11.10 21:21:31 INFO  compiling 16 Scala sources and 1 Java source to /home/kasukabe/schedule_kokubunji/backend/target/scala-2.13/classes ...[0m
2025.11.10 21:21:31 ERROR /home/kasukabe/schedule_kokubunji/backend/src/main/scala/controller/AuthController.scala:8:13: object * is not a member of package enum[0m
2025.11.10 21:21:31 ERROR import enum.*[0m
2025.11.10 21:21:31 ERROR ^[0m
2025.11.10 21:21:31 ERROR /home/kasukabe/schedule_kokubunji/backend/src/main/scala/controller/AuthController.scala:29:74: not found: type Role[0m
2025.11.10 21:21:31 ERROR case class RegisterRequest(username: String, password: String, role: Role)[0m
2025.11.10 21:21:31 ERROR ^[0m
2025.11.10 21:21:31 ERROR /home/kasukabe/schedule_kokubunji/backend/src/main/scala/service/AuthService.scala:41:71: not found: type User[0m
2025.11.10 21:21:31 ERROR def authenticate(username: String, password: String): Future[Option[User]] = {[0m
2025.11.10 21:21:31 ERROR ^[0m
2025.11.10 21:21:31 ERROR /home/kasukabe/schedule_kokubunji/backend/src/main/scala/controller/AuthController.scala:66:63: value id is not a member of Any[0m
2025.11.10 21:21:31 ERROR val token : String = jwtUtil.createToken(user.id, user.role)[0m
2025.11.10 21:21:31 ERROR ^[0m
2025.11.10 21:21:31 ERROR /home/kasukabe/schedule_kokubunji/backend/src/main/scala/controller/AuthController.scala:66:72: value role is not a member of Any[0m
2025.11.10 21:21:31 ERROR val token : String = jwtUtil.createToken(user.id, user.role)[0m
2025.11.10 21:21:31 ERROR ^[0m
2025.11.10 21:21:31 ERROR /home/kasukabe/schedule_kokubunji/backend/src/main/scala/controller/AuthController.scala:70:32: value role is not a member of Any[0m
2025.11.10 21:21:31 ERROR "role" -> user.role[0m
2025.11.10 21:21:31 ERROR ^[0m
2025.11.10 21:21:31 ERROR /home/kasukabe/schedule_kokubunji/backend/src/main/scala/controller/TestController.scala:18:26: not found: value StudentTable[0m
2025.11.10 21:21:31 ERROR private val students = StudentTable.students[0m
2025.11.10 21:21:31 ERROR ^[0m
2025.11.10 21:21:31 ERROR /home/kasukabe/schedule_kokubunji/backend/src/main/scala/controller/TestController.scala:20:39: not found: type Student[0m
2025.11.10 21:21:31 ERROR implicit val studentWrites: OWrites[Student] = Json.writes[Student][0m
2025.11.10 21:21:31 ERROR ^[0m
2025.11.10 21:21:31 ERROR /home/kasukabe/schedule_kokubunji/backend/src/main/scala/controller/TestController.scala:20:62: not found: type Student[0m
2025.11.10 21:21:31 ERROR implicit val studentWrites: OWrites[Student] = Json.writes[Student][0m
2025.11.10 21:21:31 ERROR ^[0m
2025.11.10 21:21:31 ERROR /home/kasukabe/schedule_kokubunji/backend/src/main/scala/repository/UserRepository.scala:5:8: not found: object tables[0m
2025.11.10 21:21:31 ERROR import tables.UserTable[0m
2025.11.10 21:21:31 ERROR ^[0m
2025.11.10 21:21:31 ERROR /home/kasukabe/schedule_kokubunji/backend/src/main/scala/repository/UserRepository.scala:24:36: not found: type UserTable[0m
2025.11.10 21:21:31 ERROR private val users : TableQuery[UserTable] = UserTable.methods[0m
2025.11.10 21:21:31 ERROR ^[0m
2025.11.10 21:21:31 ERROR /home/kasukabe/schedule_kokubunji/backend/src/main/scala/repository/UserRepository.scala:24:49: not found: value UserTable[0m
2025.11.10 21:21:31 ERROR private val users : TableQuery[UserTable] = UserTable.methods[0m
2025.11.10 21:21:31 ERROR ^[0m
2025.11.10 21:21:31 ERROR /home/kasukabe/schedule_kokubunji/backend/src/main/scala/repository/UserRepository.scala:45:28: ambiguous implicit values:
 both value BooleanColumnCanBeQueryCondition in object CanBeQueryCondition of type slick.lifted.CanBeQueryCondition[slick.lifted.Rep[Boolean]]
 and value BooleanOptionColumnCanBeQueryCondition in object CanBeQueryCondition of type slick.lifted.CanBeQueryCondition[slick.lifted.Rep[Option[Boolean]]]
 match expected type slick.lifted.CanBeQueryCondition[Nothing][0m
2025.11.10 21:21:31 ERROR db.run(users.filter(_.username === username).result.headOption)[0m
2025.11.10 21:21:31 ERROR ^[0m
2025.11.10 21:21:31 ERROR /home/kasukabe/schedule_kokubunji/backend/src/main/scala/security/SecuredAction.scala:22:69: not found: type JwtUtil[0m
2025.11.10 21:21:31 ERROR class SecuredAction @Inject()(parser: BodyParsers.Default, jwtUtil: JwtUtil)[0m
2025.11.10 21:21:31 ERROR ^[0m
2025.11.10 21:21:31 ERROR /home/kasukabe/schedule_kokubunji/backend/src/main/scala/security/SecuredAction.scala:35:80: type mismatch;
 found   : Option[String]
 required: String[0m
2025.11.10 21:21:31 ERROR val maybeToken : String = request.headers.get("Authorization").flatMap { header =>[0m
2025.11.10 21:21:31 ERROR ^[0m
2025.11.10 21:21:31 ERROR /home/kasukabe/schedule_kokubunji/backend/src/main/scala/service/AuthService.scala:20:46: not found: type UserRepository[0m
2025.11.10 21:21:31 ERROR class AuthService @Inject() (userRepository: UserRepository)[0m
2025.11.10 21:21:31 ERROR ^[0m
2025.11.10 21:21:31 ERROR /home/kasukabe/schedule_kokubunji/backend/src/main/scala/table/UserTable.scala:17:41: not found: type User[0m
2025.11.10 21:21:31 ERROR class UserTable(tag: Tag) extends Table[User](tag, "users") {[0m
2025.11.10 21:21:31 ERROR ^[0m
2025.11.10 21:21:31 ERROR /home/kasukabe/schedule_kokubunji/backend/src/main/scala/table/UserTable.scala:21:26: could not find implicit value for parameter tt: slick.ast.TypedType[enum.Role][0m
2025.11.10 21:21:31 ERROR def role = column[Role]("role")[0m
2025.11.10 21:21:31 ERROR ^[0m
2025.11.10 21:21:31 ERROR /home/kasukabe/schedule_kokubunji/backend/src/main/scala/utility/JwtUtil.scala:7:16: object Constants is not a member of package utility[0m
2025.11.10 21:21:31 ERROR import utility.Constants[0m
2025.11.10 21:21:31 ERROR ^[0m
2025.11.10 21:21:31 ERROR /home/kasukabe/schedule_kokubunji/backend/src/main/scala/utility/JwtUtil.scala:33:31: not found: type Format[0m
2025.11.10 21:21:31 ERROR implicit val jwtContent : Format[JwtContent] = Json.format[JwtContent][0m
2025.11.10 21:21:31 ERROR ^[0m
2025.11.10 21:21:31 ERROR /home/kasukabe/schedule_kokubunji/backend/src/main/scala/utility/JwtUtil.scala:27:44: not found: value Constants[0m
2025.11.10 21:21:31 ERROR private val expirationSeconds : Long = Constants.JwtExpirationSeconds[0m
2025.11.10 21:21:31 ERROR ^[0m
2025.11.10 21:21:31 ERROR /home/kasukabe/schedule_kokubunji/backend/src/main/scala/utility/JwtUtil.scala:33:52: not found: value Json[0m
2025.11.10 21:21:31 ERROR implicit val jwtContent : Format[JwtContent] = Json.format[JwtContent][0m
2025.11.10 21:21:31 ERROR ^[0m
2025.11.10 21:21:31 ERROR /home/kasukabe/schedule_kokubunji/backend/src/main/scala/utility/JwtUtil.scala:43:35: not found: value Json[0m
2025.11.10 21:21:31 ERROR val tmpContent : String = Json.stringify(Json.toJson(JwtContent(id, role)))[0m
2025.11.10 21:21:31 ERROR ^[0m
2025.11.10 21:21:31 ERROR /home/kasukabe/schedule_kokubunji/backend/src/main/scala/utility/JwtUtil.scala:43:50: not found: value Json[0m
2025.11.10 21:21:31 ERROR val tmpContent : String = Json.stringify(Json.toJson(JwtContent(id, role)))[0m
2025.11.10 21:21:31 ERROR ^[0m
2025.11.10 21:21:31 ERROR 24 errors found[0m
2025.11.10 21:21:31 INFO  time: compiled root in 0.89s[0m
2025.11.10 21:21:31 ERROR (Compile / compileIncremental) Compilation failed[0m
2025.11.10 21:21:32 INFO  Cancelling compilation on sbt server
org.eclipse.lsp4j.jsonrpc.ResponseErrorException: (Compile / compileIncremental) Compilation failed
	at org.eclipse.lsp4j.jsonrpc.RemoteEndpoint.handleResponse(RemoteEndpoint.java:220)
	at org.eclipse.lsp4j.jsonrpc.RemoteEndpoint.consume(RemoteEndpoint.java:204)
	at scala.meta.internal.metals.RequestMonitorImpl$$anon$1.consume(ServerLivenessMonitor.scala:41)
	at org.eclipse.lsp4j.jsonrpc.json.StreamMessageProducer.handleMessage(StreamMessageProducer.java:185)
	at org.eclipse.lsp4j.jsonrpc.json.StreamMessageProducer.listen(StreamMessageProducer.java:97)
	at org.eclipse.lsp4j.jsonrpc.json.ConcurrentMessageProcessor.run(ConcurrentMessageProcessor.java:114)
	at java.util.concurrent.Executors$RunnableAdapter.call(Executors.java:539)
	at java.util.concurrent.FutureTask.run(FutureTask.java:264)
	at java.util.concurrent.ThreadPoolExecutor.runWorker(ThreadPoolExecutor.java:1136)
	at java.util.concurrent.ThreadPoolExecutor$Worker.run(ThreadPoolExecutor.java:635)
	at java.lang.Thread.run(Thread.java:840)
[0m
2025.11.10 21:21:31 INFO  Processing buildTarget/compile[0m
2025.11.10 21:21:32 INFO  Processing buildTarget/scalaMainClasses[0m
2025.11.10 21:21:32 INFO  compiling root[0m
2025.11.10 21:21:32 INFO  compiling 16 Scala sources and 1 Java source to /home/kasukabe/schedule_kokubunji/backend/target/scala-2.13/classes ...[0m
2025.11.10 21:21:32 ERROR /home/kasukabe/schedule_kokubunji/backend/src/main/scala/controller/AuthController.scala:8:13: object * is not a member of package enum[0m
2025.11.10 21:21:32 ERROR import enum.*[0m
2025.11.10 21:21:32 ERROR ^[0m
2025.11.10 21:21:32 ERROR /home/kasukabe/schedule_kokubunji/backend/src/main/scala/controller/AuthController.scala:29:74: not found: type Role[0m
2025.11.10 21:21:32 ERROR case class RegisterRequest(username: String, password: String, role: Role)[0m
2025.11.10 21:21:32 ERROR ^[0m
2025.11.10 21:21:32 ERROR /home/kasukabe/schedule_kokubunji/backend/src/main/scala/service/AuthService.scala:41:71: not found: type User[0m
2025.11.10 21:21:32 ERROR def authenticate(username: String, password: String): Future[Option[User]] = {[0m
2025.11.10 21:21:32 ERROR ^[0m
2025.11.10 21:21:32 ERROR /home/kasukabe/schedule_kokubunji/backend/src/main/scala/controller/AuthController.scala:66:63: value id is not a member of Any[0m
2025.11.10 21:21:32 ERROR val token : String = jwtUtil.createToken(user.id, user.role)[0m
2025.11.10 21:21:32 ERROR ^[0m
2025.11.10 21:21:32 ERROR /home/kasukabe/schedule_kokubunji/backend/src/main/scala/controller/AuthController.scala:66:72: value role is not a member of Any[0m
2025.11.10 21:21:32 ERROR val token : String = jwtUtil.createToken(user.id, user.role)[0m
2025.11.10 21:21:32 ERROR ^[0m
2025.11.10 21:21:32 ERROR /home/kasukabe/schedule_kokubunji/backend/src/main/scala/controller/AuthController.scala:70:32: value role is not a member of Any[0m
2025.11.10 21:21:32 ERROR "role" -> user.role[0m
2025.11.10 21:21:32 ERROR ^[0m
2025.11.10 21:21:32 ERROR /home/kasukabe/schedule_kokubunji/backend/src/main/scala/controller/TestController.scala:18:26: not found: value StudentTable[0m
2025.11.10 21:21:32 ERROR private val students = StudentTable.students[0m
2025.11.10 21:21:32 ERROR ^[0m
2025.11.10 21:21:32 ERROR /home/kasukabe/schedule_kokubunji/backend/src/main/scala/controller/TestController.scala:20:39: not found: type Student[0m
2025.11.10 21:21:32 ERROR implicit val studentWrites: OWrites[Student] = Json.writes[Student][0m
2025.11.10 21:21:32 ERROR ^[0m
2025.11.10 21:21:32 ERROR /home/kasukabe/schedule_kokubunji/backend/src/main/scala/controller/TestController.scala:20:62: not found: type Student[0m
2025.11.10 21:21:32 ERROR implicit val studentWrites: OWrites[Student] = Json.writes[Student][0m
2025.11.10 21:21:32 ERROR ^[0m
2025.11.10 21:21:32 ERROR /home/kasukabe/schedule_kokubunji/backend/src/main/scala/repository/UserRepository.scala:5:8: not found: object tables[0m
2025.11.10 21:21:32 ERROR import tables.UserTable[0m
2025.11.10 21:21:32 ERROR ^[0m
2025.11.10 21:21:32 ERROR /home/kasukabe/schedule_kokubunji/backend/src/main/scala/repository/UserRepository.scala:24:36: not found: type UserTable[0m
2025.11.10 21:21:32 ERROR private val users : TableQuery[UserTable] = UserTable.methods[0m
2025.11.10 21:21:32 ERROR ^[0m
2025.11.10 21:21:32 ERROR /home/kasukabe/schedule_kokubunji/backend/src/main/scala/repository/UserRepository.scala:24:49: not found: value UserTable[0m
2025.11.10 21:21:32 ERROR private val users : TableQuery[UserTable] = UserTable.methods[0m
2025.11.10 21:21:32 ERROR ^[0m
2025.11.10 21:21:32 ERROR /home/kasukabe/schedule_kokubunji/backend/src/main/scala/repository/UserRepository.scala:45:28: ambiguous implicit values:
 both value BooleanColumnCanBeQueryCondition in object CanBeQueryCondition of type slick.lifted.CanBeQueryCondition[slick.lifted.Rep[Boolean]]
 and value BooleanOptionColumnCanBeQueryCondition in object CanBeQueryCondition of type slick.lifted.CanBeQueryCondition[slick.lifted.Rep[Option[Boolean]]]
 match expected type slick.lifted.CanBeQueryCondition[Nothing][0m
2025.11.10 21:21:32 ERROR db.run(users.filter(_.username === username).result.headOption)[0m
2025.11.10 21:21:32 ERROR ^[0m
2025.11.10 21:21:32 ERROR /home/kasukabe/schedule_kokubunji/backend/src/main/scala/security/SecuredAction.scala:22:69: not found: type JwtUtil[0m
2025.11.10 21:21:32 ERROR class SecuredAction @Inject()(parser: BodyParsers.Default, jwtUtil: JwtUtil)[0m
2025.11.10 21:21:32 ERROR ^[0m
2025.11.10 21:21:32 ERROR /home/kasukabe/schedule_kokubunji/backend/src/main/scala/security/SecuredAction.scala:35:80: type mismatch;
 found   : Option[String]
 required: String[0m
2025.11.10 21:21:32 ERROR val maybeToken : String = request.headers.get("Authorization").flatMap { header =>[0m
2025.11.10 21:21:32 ERROR ^[0m
2025.11.10 21:21:32 ERROR /home/kasukabe/schedule_kokubunji/backend/src/main/scala/service/AuthService.scala:20:46: not found: type UserRepository[0m
2025.11.10 21:21:32 ERROR class AuthService @Inject() (userRepository: UserRepository)[0m
2025.11.10 21:21:32 ERROR ^[0m
2025.11.10 21:21:32 ERROR /home/kasukabe/schedule_kokubunji/backend/src/main/scala/table/UserTable.scala:17:41: not found: type User[0m
2025.11.10 21:21:32 ERROR class UserTable(tag: Tag) extends Table[User](tag, "users") {[0m
2025.11.10 21:21:32 ERROR ^[0m
2025.11.10 21:21:32 ERROR /home/kasukabe/schedule_kokubunji/backend/src/main/scala/table/UserTable.scala:21:26: could not find implicit value for parameter tt: slick.ast.TypedType[enum.Role][0m
2025.11.10 21:21:32 ERROR def role = column[Role]("role")[0m
2025.11.10 21:21:32 ERROR ^[0m
2025.11.10 21:21:32 ERROR /home/kasukabe/schedule_kokubunji/backend/src/main/scala/utility/JwtUtil.scala:7:16: object Constants is not a member of package utility[0m
2025.11.10 21:21:32 ERROR import utility.Constants[0m
2025.11.10 21:21:32 ERROR ^[0m
2025.11.10 21:21:32 ERROR /home/kasukabe/schedule_kokubunji/backend/src/main/scala/utility/JwtUtil.scala:33:31: not found: type Format[0m
2025.11.10 21:21:32 ERROR implicit val jwtContent : Format[JwtContent] = Json.format[JwtContent][0m
2025.11.10 21:21:32 ERROR ^[0m
2025.11.10 21:21:32 ERROR /home/kasukabe/schedule_kokubunji/backend/src/main/scala/utility/JwtUtil.scala:27:44: not found: value Constants[0m
2025.11.10 21:21:32 ERROR private val expirationSeconds : Long = Constants.JwtExpirationSeconds[0m
2025.11.10 21:21:32 ERROR ^[0m
2025.11.10 21:21:32 ERROR /home/kasukabe/schedule_kokubunji/backend/src/main/scala/utility/JwtUtil.scala:33:52: not found: value Json[0m
2025.11.10 21:21:32 ERROR implicit val jwtContent : Format[JwtContent] = Json.format[JwtContent][0m
2025.11.10 21:21:32 ERROR ^[0m
2025.11.10 21:21:32 ERROR /home/kasukabe/schedule_kokubunji/backend/src/main/scala/utility/JwtUtil.scala:43:35: not found: value Json[0m
2025.11.10 21:21:32 ERROR val tmpContent : String = Json.stringify(Json.toJson(JwtContent(id, role)))[0m
2025.11.10 21:21:32 ERROR ^[0m
2025.11.10 21:21:32 ERROR /home/kasukabe/schedule_kokubunji/backend/src/main/scala/utility/JwtUtil.scala:43:50: not found: value Json[0m
2025.11.10 21:21:32 ERROR val tmpContent : String = Json.stringify(Json.toJson(JwtContent(id, role)))[0m
2025.11.10 21:21:32 ERROR ^[0m
2025.11.10 21:21:32 ERROR 24 errors found[0m
2025.11.10 21:21:32 INFO  time: compiled root in 0.77s[0m
2025.11.10 21:21:32 ERROR (Compile / compileIncremental) Compilation failed[0m
2025.11.10 21:21:33 INFO  Scala main classes not supported by server
org.eclipse.lsp4j.jsonrpc.ResponseErrorException: (Compile / compileIncremental) Compilation failed
	at org.eclipse.lsp4j.jsonrpc.RemoteEndpoint.handleResponse(RemoteEndpoint.java:220)
	at org.eclipse.lsp4j.jsonrpc.RemoteEndpoint.consume(RemoteEndpoint.java:204)
	at scala.meta.internal.metals.RequestMonitorImpl$$anon$1.consume(ServerLivenessMonitor.scala:41)
	at org.eclipse.lsp4j.jsonrpc.json.StreamMessageProducer.handleMessage(StreamMessageProducer.java:185)
	at org.eclipse.lsp4j.jsonrpc.json.StreamMessageProducer.listen(StreamMessageProducer.java:97)
	at org.eclipse.lsp4j.jsonrpc.json.ConcurrentMessageProcessor.run(ConcurrentMessageProcessor.java:114)
	at java.util.concurrent.Executors$RunnableAdapter.call(Executors.java:539)
	at java.util.concurrent.FutureTask.run(FutureTask.java:264)
	at java.util.concurrent.ThreadPoolExecutor.runWorker(ThreadPoolExecutor.java:1136)
	at java.util.concurrent.ThreadPoolExecutor$Worker.run(ThreadPoolExecutor.java:635)
	at java.lang.Thread.run(Thread.java:840)
[0m
2025.11.10 21:21:32 INFO  Processing buildTarget/scalaTestClasses[0m
2025.11.10 21:22:33 INFO  Processing buildTarget/compile[0m
2025.11.10 21:22:36 INFO  Processing buildTarget/compile[0m
2025.11.10 21:22:36 INFO  compiling root[0m
2025.11.10 21:22:36 INFO  compiling 16 Scala sources and 1 Java source to /home/kasukabe/schedule_kokubunji/backend/target/scala-2.13/classes ...[0m
2025.11.10 21:22:36 ERROR /home/kasukabe/schedule_kokubunji/backend/src/main/scala/controller/AuthController.scala:30:72: No instance of play.api.libs.json.Format is available for enum.Role in the implicit scope (Hint: if declared in the same file, make sure it's declared before)[0m
2025.11.10 21:22:36 ERROR implicit val registerFormat : Format[RegisterRequest] = Json.format[RegisterRequest][0m
2025.11.10 21:22:36 ERROR ^[0m
2025.11.10 21:22:36 ERROR /home/kasukabe/schedule_kokubunji/backend/src/main/scala/service/AuthService.scala:41:71: not found: type User[0m
2025.11.10 21:22:36 ERROR def authenticate(username: String, password: String): Future[Option[User]] = {[0m
2025.11.10 21:22:36 ERROR ^[0m
2025.11.10 21:22:36 ERROR /home/kasukabe/schedule_kokubunji/backend/src/main/scala/controller/AuthController.scala:66:63: value id is not a member of Any[0m
2025.11.10 21:22:36 ERROR val token : String = jwtUtil.createToken(user.id, user.role)[0m
2025.11.10 21:22:36 ERROR ^[0m
2025.11.10 21:22:36 ERROR /home/kasukabe/schedule_kokubunji/backend/src/main/scala/controller/AuthController.scala:66:72: value role is not a member of Any[0m
2025.11.10 21:22:36 ERROR val token : String = jwtUtil.createToken(user.id, user.role)[0m
2025.11.10 21:22:36 ERROR ^[0m
2025.11.10 21:22:36 ERROR /home/kasukabe/schedule_kokubunji/backend/src/main/scala/controller/AuthController.scala:70:32: value role is not a member of Any[0m
2025.11.10 21:22:36 ERROR "role" -> user.role[0m
2025.11.10 21:22:36 ERROR ^[0m
2025.11.10 21:22:36 ERROR /home/kasukabe/schedule_kokubunji/backend/src/main/scala/controller/TestController.scala:18:26: not found: value StudentTable[0m
2025.11.10 21:22:36 ERROR private val students = StudentTable.students[0m
2025.11.10 21:22:36 ERROR ^[0m
2025.11.10 21:22:36 ERROR /home/kasukabe/schedule_kokubunji/backend/src/main/scala/controller/TestController.scala:20:39: not found: type Student[0m
2025.11.10 21:22:36 ERROR implicit val studentWrites: OWrites[Student] = Json.writes[Student][0m
2025.11.10 21:22:36 ERROR ^[0m
2025.11.10 21:22:36 ERROR /home/kasukabe/schedule_kokubunji/backend/src/main/scala/controller/TestController.scala:20:62: not found: type Student[0m
2025.11.10 21:22:36 ERROR implicit val studentWrites: OWrites[Student] = Json.writes[Student][0m
2025.11.10 21:22:36 ERROR ^[0m
2025.11.10 21:22:36 ERROR /home/kasukabe/schedule_kokubunji/backend/src/main/scala/repository/UserRepository.scala:5:8: not found: object tables[0m
2025.11.10 21:22:36 ERROR import tables.UserTable[0m
2025.11.10 21:22:36 ERROR ^[0m
2025.11.10 21:22:36 ERROR /home/kasukabe/schedule_kokubunji/backend/src/main/scala/repository/UserRepository.scala:24:36: not found: type UserTable[0m
2025.11.10 21:22:36 ERROR private val users : TableQuery[UserTable] = UserTable.methods[0m
2025.11.10 21:22:36 ERROR ^[0m
2025.11.10 21:22:36 ERROR /home/kasukabe/schedule_kokubunji/backend/src/main/scala/repository/UserRepository.scala:24:49: not found: value UserTable[0m
2025.11.10 21:22:36 ERROR private val users : TableQuery[UserTable] = UserTable.methods[0m
2025.11.10 21:22:36 ERROR ^[0m
2025.11.10 21:22:36 ERROR /home/kasukabe/schedule_kokubunji/backend/src/main/scala/repository/UserRepository.scala:45:28: ambiguous implicit values:
 both value BooleanColumnCanBeQueryCondition in object CanBeQueryCondition of type slick.lifted.CanBeQueryCondition[slick.lifted.Rep[Boolean]]
 and value BooleanOptionColumnCanBeQueryCondition in object CanBeQueryCondition of type slick.lifted.CanBeQueryCondition[slick.lifted.Rep[Option[Boolean]]]
 match expected type slick.lifted.CanBeQueryCondition[Nothing][0m
2025.11.10 21:22:36 ERROR db.run(users.filter(_.username === username).result.headOption)[0m
2025.11.10 21:22:36 ERROR ^[0m
2025.11.10 21:22:36 ERROR /home/kasukabe/schedule_kokubunji/backend/src/main/scala/security/SecuredAction.scala:22:69: not found: type JwtUtil[0m
2025.11.10 21:22:36 ERROR class SecuredAction @Inject()(parser: BodyParsers.Default, jwtUtil: JwtUtil)[0m
2025.11.10 21:22:36 ERROR ^[0m
2025.11.10 21:22:36 ERROR /home/kasukabe/schedule_kokubunji/backend/src/main/scala/security/SecuredAction.scala:35:80: type mismatch;
 found   : Option[String]
 required: String[0m
2025.11.10 21:22:36 ERROR val maybeToken : String = request.headers.get("Authorization").flatMap { header =>[0m
2025.11.10 21:22:36 ERROR ^[0m
2025.11.10 21:22:36 ERROR /home/kasukabe/schedule_kokubunji/backend/src/main/scala/service/AuthService.scala:20:46: not found: type UserRepository[0m
2025.11.10 21:22:36 ERROR class AuthService @Inject() (userRepository: UserRepository)[0m
2025.11.10 21:22:36 ERROR ^[0m
2025.11.10 21:22:36 ERROR /home/kasukabe/schedule_kokubunji/backend/src/main/scala/table/UserTable.scala:17:41: not found: type User[0m
2025.11.10 21:22:36 ERROR class UserTable(tag: Tag) extends Table[User](tag, "users") {[0m
2025.11.10 21:22:36 ERROR ^[0m
2025.11.10 21:22:36 ERROR /home/kasukabe/schedule_kokubunji/backend/src/main/scala/table/UserTable.scala:21:26: could not find implicit value for parameter tt: slick.ast.TypedType[enum.Role][0m
2025.11.10 21:22:36 ERROR def role = column[Role]("role")[0m
2025.11.10 21:22:36 ERROR ^[0m
2025.11.10 21:22:36 ERROR /home/kasukabe/schedule_kokubunji/backend/src/main/scala/utility/JwtUtil.scala:7:16: object Constants is not a member of package utility[0m
2025.11.10 21:22:36 ERROR import utility.Constants[0m
2025.11.10 21:22:36 ERROR ^[0m
2025.11.10 21:22:36 ERROR /home/kasukabe/schedule_kokubunji/backend/src/main/scala/utility/JwtUtil.scala:33:31: not found: type Format[0m
2025.11.10 21:22:36 ERROR implicit val jwtContent : Format[JwtContent] = Json.format[JwtContent][0m
2025.11.10 21:22:36 ERROR ^[0m
2025.11.10 21:22:36 ERROR /home/kasukabe/schedule_kokubunji/backend/src/main/scala/utility/JwtUtil.scala:27:44: not found: value Constants[0m
2025.11.10 21:22:36 ERROR private val expirationSeconds : Long = Constants.JwtExpirationSeconds[0m
2025.11.10 21:22:36 ERROR ^[0m
2025.11.10 21:22:36 ERROR /home/kasukabe/schedule_kokubunji/backend/src/main/scala/utility/JwtUtil.scala:33:52: not found: value Json[0m
2025.11.10 21:22:36 ERROR implicit val jwtContent : Format[JwtContent] = Json.format[JwtContent][0m
2025.11.10 21:22:36 ERROR ^[0m
2025.11.10 21:22:36 ERROR /home/kasukabe/schedule_kokubunji/backend/src/main/scala/utility/JwtUtil.scala:43:35: not found: value Json[0m
2025.11.10 21:22:36 ERROR val tmpContent : String = Json.stringify(Json.toJson(JwtContent(id, role)))[0m
2025.11.10 21:22:36 ERROR ^[0m
2025.11.10 21:22:36 ERROR /home/kasukabe/schedule_kokubunji/backend/src/main/scala/utility/JwtUtil.scala:43:50: not found: value Json[0m
2025.11.10 21:22:36 ERROR val tmpContent : String = Json.stringify(Json.toJson(JwtContent(id, role)))[0m
2025.11.10 21:22:36 ERROR ^[0m
2025.11.10 21:22:36 ERROR 23 errors found[0m
2025.11.10 21:22:36 INFO  time: compiled root in 0.62s[0m
2025.11.10 21:22:36 ERROR (Compile / compileIncremental) Compilation failed[0m
2025.11.10 21:22:37 INFO  Cancelling compilation on sbt server
org.eclipse.lsp4j.jsonrpc.ResponseErrorException: (Compile / compileIncremental) Compilation failed
	at org.eclipse.lsp4j.jsonrpc.RemoteEndpoint.handleResponse(RemoteEndpoint.java:220)
	at org.eclipse.lsp4j.jsonrpc.RemoteEndpoint.consume(RemoteEndpoint.java:204)
	at scala.meta.internal.metals.RequestMonitorImpl$$anon$1.consume(ServerLivenessMonitor.scala:41)
	at org.eclipse.lsp4j.jsonrpc.json.StreamMessageProducer.handleMessage(StreamMessageProducer.java:185)
	at org.eclipse.lsp4j.jsonrpc.json.StreamMessageProducer.listen(StreamMessageProducer.java:97)
	at org.eclipse.lsp4j.jsonrpc.json.ConcurrentMessageProcessor.run(ConcurrentMessageProcessor.java:114)
	at java.util.concurrent.Executors$RunnableAdapter.call(Executors.java:539)
	at java.util.concurrent.FutureTask.run(FutureTask.java:264)
	at java.util.concurrent.ThreadPoolExecutor.runWorker(ThreadPoolExecutor.java:1136)
	at java.util.concurrent.ThreadPoolExecutor$Worker.run(ThreadPoolExecutor.java:635)
	at java.lang.Thread.run(Thread.java:840)
[0m
2025.11.10 21:22:36 INFO  Processing buildTarget/scalaMainClasses[0m
2025.11.10 21:22:36 INFO  compiling root[0m
2025.11.10 21:22:36 INFO  compiling 16 Scala sources and 1 Java source to /home/kasukabe/schedule_kokubunji/backend/target/scala-2.13/classes ...[0m
2025.11.10 21:22:36 ERROR /home/kasukabe/schedule_kokubunji/backend/src/main/scala/controller/AuthController.scala:30:72: No instance of play.api.libs.json.Format is available for enum.Role in the implicit scope (Hint: if declared in the same file, make sure it's declared before)[0m
2025.11.10 21:22:36 ERROR implicit val registerFormat : Format[RegisterRequest] = Json.format[RegisterRequest][0m
2025.11.10 21:22:36 ERROR ^[0m
2025.11.10 21:22:37 ERROR /home/kasukabe/schedule_kokubunji/backend/src/main/scala/service/AuthService.scala:41:71: not found: type User[0m
2025.11.10 21:22:37 ERROR def authenticate(username: String, password: String): Future[Option[User]] = {[0m
2025.11.10 21:22:37 ERROR ^[0m
2025.11.10 21:22:37 ERROR /home/kasukabe/schedule_kokubunji/backend/src/main/scala/controller/AuthController.scala:66:63: value id is not a member of Any[0m
2025.11.10 21:22:37 ERROR val token : String = jwtUtil.createToken(user.id, user.role)[0m
2025.11.10 21:22:37 ERROR ^[0m
2025.11.10 21:22:37 ERROR /home/kasukabe/schedule_kokubunji/backend/src/main/scala/controller/AuthController.scala:66:72: value role is not a member of Any[0m
2025.11.10 21:22:37 ERROR val token : String = jwtUtil.createToken(user.id, user.role)[0m
2025.11.10 21:22:37 ERROR ^[0m
2025.11.10 21:22:37 ERROR /home/kasukabe/schedule_kokubunji/backend/src/main/scala/controller/AuthController.scala:70:32: value role is not a member of Any[0m
2025.11.10 21:22:37 ERROR "role" -> user.role[0m
2025.11.10 21:22:37 ERROR ^[0m
2025.11.10 21:22:37 ERROR /home/kasukabe/schedule_kokubunji/backend/src/main/scala/controller/TestController.scala:18:26: not found: value StudentTable[0m
2025.11.10 21:22:37 ERROR private val students = StudentTable.students[0m
2025.11.10 21:22:37 ERROR ^[0m
2025.11.10 21:22:37 ERROR /home/kasukabe/schedule_kokubunji/backend/src/main/scala/controller/TestController.scala:20:39: not found: type Student[0m
2025.11.10 21:22:37 ERROR implicit val studentWrites: OWrites[Student] = Json.writes[Student][0m
2025.11.10 21:22:37 ERROR ^[0m
2025.11.10 21:22:37 ERROR /home/kasukabe/schedule_kokubunji/backend/src/main/scala/controller/TestController.scala:20:62: not found: type Student[0m
2025.11.10 21:22:37 ERROR implicit val studentWrites: OWrites[Student] = Json.writes[Student][0m
2025.11.10 21:22:37 ERROR ^[0m
2025.11.10 21:22:37 ERROR /home/kasukabe/schedule_kokubunji/backend/src/main/scala/repository/UserRepository.scala:5:8: not found: object tables[0m
2025.11.10 21:22:37 ERROR import tables.UserTable[0m
2025.11.10 21:22:37 ERROR ^[0m
2025.11.10 21:22:37 ERROR /home/kasukabe/schedule_kokubunji/backend/src/main/scala/repository/UserRepository.scala:24:36: not found: type UserTable[0m
2025.11.10 21:22:37 ERROR private val users : TableQuery[UserTable] = UserTable.methods[0m
2025.11.10 21:22:37 ERROR ^[0m
2025.11.10 21:22:37 ERROR /home/kasukabe/schedule_kokubunji/backend/src/main/scala/repository/UserRepository.scala:24:49: not found: value UserTable[0m
2025.11.10 21:22:37 ERROR private val users : TableQuery[UserTable] = UserTable.methods[0m
2025.11.10 21:22:37 ERROR ^[0m
2025.11.10 21:22:37 ERROR /home/kasukabe/schedule_kokubunji/backend/src/main/scala/repository/UserRepository.scala:45:28: ambiguous implicit values:
 both value BooleanColumnCanBeQueryCondition in object CanBeQueryCondition of type slick.lifted.CanBeQueryCondition[slick.lifted.Rep[Boolean]]
 and value BooleanOptionColumnCanBeQueryCondition in object CanBeQueryCondition of type slick.lifted.CanBeQueryCondition[slick.lifted.Rep[Option[Boolean]]]
 match expected type slick.lifted.CanBeQueryCondition[Nothing][0m
2025.11.10 21:22:37 ERROR db.run(users.filter(_.username === username).result.headOption)[0m
2025.11.10 21:22:37 ERROR ^[0m
2025.11.10 21:22:37 ERROR /home/kasukabe/schedule_kokubunji/backend/src/main/scala/security/SecuredAction.scala:22:69: not found: type JwtUtil[0m
2025.11.10 21:22:37 ERROR class SecuredAction @Inject()(parser: BodyParsers.Default, jwtUtil: JwtUtil)[0m
2025.11.10 21:22:37 ERROR ^[0m
2025.11.10 21:22:37 ERROR /home/kasukabe/schedule_kokubunji/backend/src/main/scala/security/SecuredAction.scala:35:80: type mismatch;
 found   : Option[String]
 required: String[0m
2025.11.10 21:22:37 ERROR val maybeToken : String = request.headers.get("Authorization").flatMap { header =>[0m
2025.11.10 21:22:37 ERROR ^[0m
2025.11.10 21:22:37 ERROR /home/kasukabe/schedule_kokubunji/backend/src/main/scala/service/AuthService.scala:20:46: not found: type UserRepository[0m
2025.11.10 21:22:37 ERROR class AuthService @Inject() (userRepository: UserRepository)[0m
2025.11.10 21:22:37 ERROR ^[0m
2025.11.10 21:22:37 ERROR /home/kasukabe/schedule_kokubunji/backend/src/main/scala/table/UserTable.scala:17:41: not found: type User[0m
2025.11.10 21:22:37 ERROR class UserTable(tag: Tag) extends Table[User](tag, "users") {[0m
2025.11.10 21:22:37 ERROR ^[0m
2025.11.10 21:22:37 ERROR /home/kasukabe/schedule_kokubunji/backend/src/main/scala/table/UserTable.scala:21:26: could not find implicit value for parameter tt: slick.ast.TypedType[enum.Role][0m
2025.11.10 21:22:37 ERROR def role = column[Role]("role")[0m
2025.11.10 21:22:37 ERROR ^[0m
2025.11.10 21:22:37 ERROR /home/kasukabe/schedule_kokubunji/backend/src/main/scala/utility/JwtUtil.scala:7:16: object Constants is not a member of package utility[0m
2025.11.10 21:22:37 ERROR import utility.Constants[0m
2025.11.10 21:22:37 ERROR ^[0m
2025.11.10 21:22:37 ERROR /home/kasukabe/schedule_kokubunji/backend/src/main/scala/utility/JwtUtil.scala:33:31: not found: type Format[0m
2025.11.10 21:22:37 ERROR implicit val jwtContent : Format[JwtContent] = Json.format[JwtContent][0m
2025.11.10 21:22:37 ERROR ^[0m
2025.11.10 21:22:37 ERROR /home/kasukabe/schedule_kokubunji/backend/src/main/scala/utility/JwtUtil.scala:27:44: not found: value Constants[0m
2025.11.10 21:22:37 ERROR private val expirationSeconds : Long = Constants.JwtExpirationSeconds[0m
2025.11.10 21:22:37 ERROR ^[0m
2025.11.10 21:22:37 ERROR /home/kasukabe/schedule_kokubunji/backend/src/main/scala/utility/JwtUtil.scala:33:52: not found: value Json[0m
2025.11.10 21:22:37 ERROR implicit val jwtContent : Format[JwtContent] = Json.format[JwtContent][0m
2025.11.10 21:22:37 ERROR ^[0m
2025.11.10 21:22:37 ERROR /home/kasukabe/schedule_kokubunji/backend/src/main/scala/utility/JwtUtil.scala:43:35: not found: value Json[0m
2025.11.10 21:22:37 ERROR val tmpContent : String = Json.stringify(Json.toJson(JwtContent(id, role)))[0m
2025.11.10 21:22:37 ERROR ^[0m
2025.11.10 21:22:37 ERROR /home/kasukabe/schedule_kokubunji/backend/src/main/scala/utility/JwtUtil.scala:43:50: not found: value Json[0m
2025.11.10 21:22:37 ERROR val tmpContent : String = Json.stringify(Json.toJson(JwtContent(id, role)))[0m
2025.11.10 21:22:37 ERROR ^[0m
2025.11.10 21:22:37 ERROR 23 errors found[0m
2025.11.10 21:22:37 INFO  time: compiled root in 0.74s[0m
2025.11.10 21:22:37 ERROR (Compile / compileIncremental) Compilation failed[0m
2025.11.10 21:22:38 INFO  Scala main classes not supported by server
org.eclipse.lsp4j.jsonrpc.ResponseErrorException: (Compile / compileIncremental) Compilation failed
	at org.eclipse.lsp4j.jsonrpc.RemoteEndpoint.handleResponse(RemoteEndpoint.java:220)
	at org.eclipse.lsp4j.jsonrpc.RemoteEndpoint.consume(RemoteEndpoint.java:204)
	at scala.meta.internal.metals.RequestMonitorImpl$$anon$1.consume(ServerLivenessMonitor.scala:41)
	at org.eclipse.lsp4j.jsonrpc.json.StreamMessageProducer.handleMessage(StreamMessageProducer.java:185)
	at org.eclipse.lsp4j.jsonrpc.json.StreamMessageProducer.listen(StreamMessageProducer.java:97)
	at org.eclipse.lsp4j.jsonrpc.json.ConcurrentMessageProcessor.run(ConcurrentMessageProcessor.java:114)
	at java.util.concurrent.Executors$RunnableAdapter.call(Executors.java:539)
	at java.util.concurrent.FutureTask.run(FutureTask.java:264)
	at java.util.concurrent.ThreadPoolExecutor.runWorker(ThreadPoolExecutor.java:1136)
	at java.util.concurrent.ThreadPoolExecutor$Worker.run(ThreadPoolExecutor.java:635)
	at java.lang.Thread.run(Thread.java:840)
[0m
2025.11.10 21:22:37 INFO  Processing buildTarget/scalaTestClasses[0m
2025.11.10 21:22:43 INFO  Processing buildTarget/compile[0m
2025.11.10 21:22:43 INFO  compiling root[0m
2025.11.10 21:22:43 INFO  compiling 16 Scala sources and 1 Java source to /home/kasukabe/schedule_kokubunji/backend/target/scala-2.13/classes ...[0m
2025.11.10 21:22:43 ERROR /home/kasukabe/schedule_kokubunji/backend/src/main/scala/controller/AuthController.scala:29:72: No instance of play.api.libs.json.Format is available for enum.Role in the implicit scope (Hint: if declared in the same file, make sure it's declared before)[0m
2025.11.10 21:22:43 ERROR implicit val registerFormat : Format[RegisterRequest] = Json.format[RegisterRequest][0m
2025.11.10 21:22:43 ERROR ^[0m
2025.11.10 21:22:43 ERROR /home/kasukabe/schedule_kokubunji/backend/src/main/scala/service/AuthService.scala:41:71: not found: type User[0m
2025.11.10 21:22:43 ERROR def authenticate(username: String, password: String): Future[Option[User]] = {[0m
2025.11.10 21:22:43 ERROR ^[0m
2025.11.10 21:22:43 ERROR /home/kasukabe/schedule_kokubunji/backend/src/main/scala/controller/AuthController.scala:65:63: value id is not a member of Any[0m
2025.11.10 21:22:43 ERROR val token : String = jwtUtil.createToken(user.id, user.role)[0m
2025.11.10 21:22:43 ERROR ^[0m
2025.11.10 21:22:43 ERROR /home/kasukabe/schedule_kokubunji/backend/src/main/scala/controller/AuthController.scala:65:72: value role is not a member of Any[0m
2025.11.10 21:22:43 ERROR val token : String = jwtUtil.createToken(user.id, user.role)[0m
2025.11.10 21:22:43 ERROR ^[0m
2025.11.10 21:22:43 ERROR /home/kasukabe/schedule_kokubunji/backend/src/main/scala/controller/AuthController.scala:69:32: value role is not a member of Any[0m
2025.11.10 21:22:43 ERROR "role" -> user.role[0m
2025.11.10 21:22:43 ERROR ^[0m
2025.11.10 21:22:43 ERROR /home/kasukabe/schedule_kokubunji/backend/src/main/scala/controller/TestController.scala:18:26: not found: value StudentTable[0m
2025.11.10 21:22:43 ERROR private val students = StudentTable.students[0m
2025.11.10 21:22:43 ERROR ^[0m
2025.11.10 21:22:43 ERROR /home/kasukabe/schedule_kokubunji/backend/src/main/scala/controller/TestController.scala:20:39: not found: type Student[0m
2025.11.10 21:22:43 ERROR implicit val studentWrites: OWrites[Student] = Json.writes[Student][0m
2025.11.10 21:22:43 ERROR ^[0m
2025.11.10 21:22:43 ERROR /home/kasukabe/schedule_kokubunji/backend/src/main/scala/controller/TestController.scala:20:62: not found: type Student[0m
2025.11.10 21:22:43 ERROR implicit val studentWrites: OWrites[Student] = Json.writes[Student][0m
2025.11.10 21:22:43 ERROR ^[0m
2025.11.10 21:22:43 ERROR /home/kasukabe/schedule_kokubunji/backend/src/main/scala/repository/UserRepository.scala:5:8: not found: object tables[0m
2025.11.10 21:22:43 ERROR import tables.UserTable[0m
2025.11.10 21:22:43 ERROR ^[0m
2025.11.10 21:22:43 ERROR /home/kasukabe/schedule_kokubunji/backend/src/main/scala/repository/UserRepository.scala:24:36: not found: type UserTable[0m
2025.11.10 21:22:43 ERROR private val users : TableQuery[UserTable] = UserTable.methods[0m
2025.11.10 21:22:43 ERROR ^[0m
2025.11.10 21:22:43 ERROR /home/kasukabe/schedule_kokubunji/backend/src/main/scala/repository/UserRepository.scala:24:49: not found: value UserTable[0m
2025.11.10 21:22:43 ERROR private val users : TableQuery[UserTable] = UserTable.methods[0m
2025.11.10 21:22:43 ERROR ^[0m
2025.11.10 21:22:43 ERROR /home/kasukabe/schedule_kokubunji/backend/src/main/scala/repository/UserRepository.scala:45:28: ambiguous implicit values:
 both value BooleanColumnCanBeQueryCondition in object CanBeQueryCondition of type slick.lifted.CanBeQueryCondition[slick.lifted.Rep[Boolean]]
 and value BooleanOptionColumnCanBeQueryCondition in object CanBeQueryCondition of type slick.lifted.CanBeQueryCondition[slick.lifted.Rep[Option[Boolean]]]
 match expected type slick.lifted.CanBeQueryCondition[Nothing][0m
2025.11.10 21:22:43 ERROR db.run(users.filter(_.username === username).result.headOption)[0m
2025.11.10 21:22:43 ERROR ^[0m
2025.11.10 21:22:43 ERROR /home/kasukabe/schedule_kokubunji/backend/src/main/scala/security/SecuredAction.scala:22:69: not found: type JwtUtil[0m
2025.11.10 21:22:43 ERROR class SecuredAction @Inject()(parser: BodyParsers.Default, jwtUtil: JwtUtil)[0m
2025.11.10 21:22:43 ERROR ^[0m
2025.11.10 21:22:43 ERROR /home/kasukabe/schedule_kokubunji/backend/src/main/scala/security/SecuredAction.scala:35:80: type mismatch;
 found   : Option[String]
 required: String[0m
2025.11.10 21:22:43 ERROR val maybeToken : String = request.headers.get("Authorization").flatMap { header =>[0m
2025.11.10 21:22:43 ERROR ^[0m
2025.11.10 21:22:43 ERROR /home/kasukabe/schedule_kokubunji/backend/src/main/scala/service/AuthService.scala:20:46: not found: type UserRepository[0m
2025.11.10 21:22:43 ERROR class AuthService @Inject() (userRepository: UserRepository)[0m
2025.11.10 21:22:43 ERROR ^[0m
2025.11.10 21:22:43 ERROR /home/kasukabe/schedule_kokubunji/backend/src/main/scala/table/UserTable.scala:17:41: not found: type User[0m
2025.11.10 21:22:43 ERROR class UserTable(tag: Tag) extends Table[User](tag, "users") {[0m
2025.11.10 21:22:43 ERROR ^[0m
2025.11.10 21:22:43 ERROR /home/kasukabe/schedule_kokubunji/backend/src/main/scala/table/UserTable.scala:21:26: could not find implicit value for parameter tt: slick.ast.TypedType[enum.Role][0m
2025.11.10 21:22:43 ERROR def role = column[Role]("role")[0m
2025.11.10 21:22:43 ERROR ^[0m
2025.11.10 21:22:43 ERROR /home/kasukabe/schedule_kokubunji/backend/src/main/scala/utility/JwtUtil.scala:7:16: object Constants is not a member of package utility[0m
2025.11.10 21:22:43 ERROR import utility.Constants[0m
2025.11.10 21:22:43 ERROR ^[0m
2025.11.10 21:22:43 ERROR /home/kasukabe/schedule_kokubunji/backend/src/main/scala/utility/JwtUtil.scala:33:31: not found: type Format[0m
2025.11.10 21:22:43 ERROR implicit val jwtContent : Format[JwtContent] = Json.format[JwtContent][0m
2025.11.10 21:22:43 ERROR ^[0m
2025.11.10 21:22:43 ERROR /home/kasukabe/schedule_kokubunji/backend/src/main/scala/utility/JwtUtil.scala:27:44: not found: value Constants[0m
2025.11.10 21:22:43 ERROR private val expirationSeconds : Long = Constants.JwtExpirationSeconds[0m
2025.11.10 21:22:43 ERROR ^[0m
2025.11.10 21:22:43 ERROR /home/kasukabe/schedule_kokubunji/backend/src/main/scala/utility/JwtUtil.scala:33:52: not found: value Json[0m
2025.11.10 21:22:43 ERROR implicit val jwtContent : Format[JwtContent] = Json.format[JwtContent][0m
2025.11.10 21:22:43 ERROR ^[0m
2025.11.10 21:22:43 ERROR /home/kasukabe/schedule_kokubunji/backend/src/main/scala/utility/JwtUtil.scala:43:35: not found: value Json[0m
2025.11.10 21:22:43 ERROR val tmpContent : String = Json.stringify(Json.toJson(JwtContent(id, role)))[0m
2025.11.10 21:22:43 ERROR ^[0m
2025.11.10 21:22:43 ERROR /home/kasukabe/schedule_kokubunji/backend/src/main/scala/utility/JwtUtil.scala:43:50: not found: value Json[0m
2025.11.10 21:22:43 ERROR val tmpContent : String = Json.stringify(Json.toJson(JwtContent(id, role)))[0m
2025.11.10 21:22:43 ERROR ^[0m
2025.11.10 21:22:43 ERROR 23 errors found[0m
2025.11.10 21:22:43 INFO  time: compiled root in 0.5s[0m
2025.11.10 21:22:43 ERROR (Compile / compileIncremental) Compilation failed[0m
2025.11.10 21:22:43 INFO  Cancelling compilation on sbt server
org.eclipse.lsp4j.jsonrpc.ResponseErrorException: (Compile / compileIncremental) Compilation failed
	at org.eclipse.lsp4j.jsonrpc.RemoteEndpoint.handleResponse(RemoteEndpoint.java:220)
	at org.eclipse.lsp4j.jsonrpc.RemoteEndpoint.consume(RemoteEndpoint.java:204)
	at scala.meta.internal.metals.RequestMonitorImpl$$anon$1.consume(ServerLivenessMonitor.scala:41)
	at org.eclipse.lsp4j.jsonrpc.json.StreamMessageProducer.handleMessage(StreamMessageProducer.java:185)
	at org.eclipse.lsp4j.jsonrpc.json.StreamMessageProducer.listen(StreamMessageProducer.java:97)
	at org.eclipse.lsp4j.jsonrpc.json.ConcurrentMessageProcessor.run(ConcurrentMessageProcessor.java:114)
	at java.util.concurrent.Executors$RunnableAdapter.call(Executors.java:539)
	at java.util.concurrent.FutureTask.run(FutureTask.java:264)
	at java.util.concurrent.ThreadPoolExecutor.runWorker(ThreadPoolExecutor.java:1136)
	at java.util.concurrent.ThreadPoolExecutor$Worker.run(ThreadPoolExecutor.java:635)
	at java.lang.Thread.run(Thread.java:840)
[0m
2025.11.10 21:22:43 INFO  Processing buildTarget/scalaMainClasses[0m
2025.11.10 21:22:43 INFO  compiling root[0m
2025.11.10 21:22:43 INFO  compiling 16 Scala sources and 1 Java source to /home/kasukabe/schedule_kokubunji/backend/target/scala-2.13/classes ...[0m
2025.11.10 21:22:43 ERROR /home/kasukabe/schedule_kokubunji/backend/src/main/scala/controller/AuthController.scala:29:72: No instance of play.api.libs.json.Format is available for enum.Role in the implicit scope (Hint: if declared in the same file, make sure it's declared before)[0m
2025.11.10 21:22:43 ERROR implicit val registerFormat : Format[RegisterRequest] = Json.format[RegisterRequest][0m
2025.11.10 21:22:43 ERROR ^[0m
2025.11.10 21:22:43 ERROR /home/kasukabe/schedule_kokubunji/backend/src/main/scala/service/AuthService.scala:41:71: not found: type User[0m
2025.11.10 21:22:43 ERROR def authenticate(username: String, password: String): Future[Option[User]] = {[0m
2025.11.10 21:22:43 ERROR ^[0m
2025.11.10 21:22:43 ERROR /home/kasukabe/schedule_kokubunji/backend/src/main/scala/controller/AuthController.scala:65:63: value id is not a member of Any[0m
2025.11.10 21:22:43 ERROR val token : String = jwtUtil.createToken(user.id, user.role)[0m
2025.11.10 21:22:43 ERROR ^[0m
2025.11.10 21:22:43 ERROR /home/kasukabe/schedule_kokubunji/backend/src/main/scala/controller/AuthController.scala:65:72: value role is not a member of Any[0m
2025.11.10 21:22:43 ERROR val token : String = jwtUtil.createToken(user.id, user.role)[0m
2025.11.10 21:22:43 ERROR ^[0m
2025.11.10 21:22:43 ERROR /home/kasukabe/schedule_kokubunji/backend/src/main/scala/controller/AuthController.scala:69:32: value role is not a member of Any[0m
2025.11.10 21:22:43 ERROR "role" -> user.role[0m
2025.11.10 21:22:43 ERROR ^[0m
2025.11.10 21:22:43 ERROR /home/kasukabe/schedule_kokubunji/backend/src/main/scala/controller/TestController.scala:18:26: not found: value StudentTable[0m
2025.11.10 21:22:43 ERROR private val students = StudentTable.students[0m
2025.11.10 21:22:43 ERROR ^[0m
2025.11.10 21:22:43 ERROR /home/kasukabe/schedule_kokubunji/backend/src/main/scala/controller/TestController.scala:20:39: not found: type Student[0m
2025.11.10 21:22:43 ERROR implicit val studentWrites: OWrites[Student] = Json.writes[Student][0m
2025.11.10 21:22:43 ERROR ^[0m
2025.11.10 21:22:43 ERROR /home/kasukabe/schedule_kokubunji/backend/src/main/scala/controller/TestController.scala:20:62: not found: type Student[0m
2025.11.10 21:22:43 ERROR implicit val studentWrites: OWrites[Student] = Json.writes[Student][0m
2025.11.10 21:22:43 ERROR ^[0m
2025.11.10 21:22:43 ERROR /home/kasukabe/schedule_kokubunji/backend/src/main/scala/repository/UserRepository.scala:5:8: not found: object tables[0m
2025.11.10 21:22:43 ERROR import tables.UserTable[0m
2025.11.10 21:22:43 ERROR ^[0m
2025.11.10 21:22:44 ERROR /home/kasukabe/schedule_kokubunji/backend/src/main/scala/repository/UserRepository.scala:24:36: not found: type UserTable[0m
2025.11.10 21:22:44 ERROR private val users : TableQuery[UserTable] = UserTable.methods[0m
2025.11.10 21:22:44 ERROR ^[0m
2025.11.10 21:22:44 ERROR /home/kasukabe/schedule_kokubunji/backend/src/main/scala/repository/UserRepository.scala:24:49: not found: value UserTable[0m
2025.11.10 21:22:44 ERROR private val users : TableQuery[UserTable] = UserTable.methods[0m
2025.11.10 21:22:44 ERROR ^[0m
2025.11.10 21:22:44 ERROR /home/kasukabe/schedule_kokubunji/backend/src/main/scala/repository/UserRepository.scala:45:28: ambiguous implicit values:
 both value BooleanColumnCanBeQueryCondition in object CanBeQueryCondition of type slick.lifted.CanBeQueryCondition[slick.lifted.Rep[Boolean]]
 and value BooleanOptionColumnCanBeQueryCondition in object CanBeQueryCondition of type slick.lifted.CanBeQueryCondition[slick.lifted.Rep[Option[Boolean]]]
 match expected type slick.lifted.CanBeQueryCondition[Nothing][0m
2025.11.10 21:22:44 ERROR db.run(users.filter(_.username === username).result.headOption)[0m
2025.11.10 21:22:44 ERROR ^[0m
2025.11.10 21:22:44 ERROR /home/kasukabe/schedule_kokubunji/backend/src/main/scala/security/SecuredAction.scala:22:69: not found: type JwtUtil[0m
2025.11.10 21:22:44 ERROR class SecuredAction @Inject()(parser: BodyParsers.Default, jwtUtil: JwtUtil)[0m
2025.11.10 21:22:44 ERROR ^[0m
2025.11.10 21:22:44 ERROR /home/kasukabe/schedule_kokubunji/backend/src/main/scala/security/SecuredAction.scala:35:80: type mismatch;
 found   : Option[String]
 required: String[0m
2025.11.10 21:22:44 ERROR val maybeToken : String = request.headers.get("Authorization").flatMap { header =>[0m
2025.11.10 21:22:44 ERROR ^[0m
2025.11.10 21:22:44 ERROR /home/kasukabe/schedule_kokubunji/backend/src/main/scala/service/AuthService.scala:20:46: not found: type UserRepository[0m
2025.11.10 21:22:44 ERROR class AuthService @Inject() (userRepository: UserRepository)[0m
2025.11.10 21:22:44 ERROR ^[0m
2025.11.10 21:22:44 ERROR /home/kasukabe/schedule_kokubunji/backend/src/main/scala/table/UserTable.scala:17:41: not found: type User[0m
2025.11.10 21:22:44 ERROR class UserTable(tag: Tag) extends Table[User](tag, "users") {[0m
2025.11.10 21:22:44 ERROR ^[0m
2025.11.10 21:22:44 ERROR /home/kasukabe/schedule_kokubunji/backend/src/main/scala/table/UserTable.scala:21:26: could not find implicit value for parameter tt: slick.ast.TypedType[enum.Role][0m
2025.11.10 21:22:44 ERROR def role = column[Role]("role")[0m
2025.11.10 21:22:44 ERROR ^[0m
2025.11.10 21:22:44 ERROR /home/kasukabe/schedule_kokubunji/backend/src/main/scala/utility/JwtUtil.scala:7:16: object Constants is not a member of package utility[0m
2025.11.10 21:22:44 ERROR import utility.Constants[0m
2025.11.10 21:22:44 ERROR ^[0m
2025.11.10 21:22:44 ERROR /home/kasukabe/schedule_kokubunji/backend/src/main/scala/utility/JwtUtil.scala:33:31: not found: type Format[0m
2025.11.10 21:22:44 ERROR implicit val jwtContent : Format[JwtContent] = Json.format[JwtContent][0m
2025.11.10 21:22:44 ERROR ^[0m
2025.11.10 21:22:44 ERROR /home/kasukabe/schedule_kokubunji/backend/src/main/scala/utility/JwtUtil.scala:27:44: not found: value Constants[0m
2025.11.10 21:22:44 ERROR private val expirationSeconds : Long = Constants.JwtExpirationSeconds[0m
2025.11.10 21:22:44 ERROR ^[0m
2025.11.10 21:22:44 ERROR /home/kasukabe/schedule_kokubunji/backend/src/main/scala/utility/JwtUtil.scala:33:52: not found: value Json[0m
2025.11.10 21:22:44 ERROR implicit val jwtContent : Format[JwtContent] = Json.format[JwtContent][0m
2025.11.10 21:22:44 ERROR ^[0m
2025.11.10 21:22:44 ERROR /home/kasukabe/schedule_kokubunji/backend/src/main/scala/utility/JwtUtil.scala:43:35: not found: value Json[0m
2025.11.10 21:22:44 ERROR val tmpContent : String = Json.stringify(Json.toJson(JwtContent(id, role)))[0m
2025.11.10 21:22:44 ERROR ^[0m
2025.11.10 21:22:44 ERROR /home/kasukabe/schedule_kokubunji/backend/src/main/scala/utility/JwtUtil.scala:43:50: not found: value Json[0m
2025.11.10 21:22:44 ERROR val tmpContent : String = Json.stringify(Json.toJson(JwtContent(id, role)))[0m
2025.11.10 21:22:44 ERROR ^[0m
2025.11.10 21:22:44 ERROR 23 errors found[0m
2025.11.10 21:22:44 INFO  time: compiled root in 0.58s[0m
2025.11.10 21:22:44 ERROR (Compile / compileIncremental) Compilation failed[0m
2025.11.10 21:22:44 INFO  Scala main classes not supported by server
org.eclipse.lsp4j.jsonrpc.ResponseErrorException: (Compile / compileIncremental) Compilation failed
	at org.eclipse.lsp4j.jsonrpc.RemoteEndpoint.handleResponse(RemoteEndpoint.java:220)
	at org.eclipse.lsp4j.jsonrpc.RemoteEndpoint.consume(RemoteEndpoint.java:204)
	at scala.meta.internal.metals.RequestMonitorImpl$$anon$1.consume(ServerLivenessMonitor.scala:41)
	at org.eclipse.lsp4j.jsonrpc.json.StreamMessageProducer.handleMessage(StreamMessageProducer.java:185)
	at org.eclipse.lsp4j.jsonrpc.json.StreamMessageProducer.listen(StreamMessageProducer.java:97)
	at org.eclipse.lsp4j.jsonrpc.json.ConcurrentMessageProcessor.run(ConcurrentMessageProcessor.java:114)
	at java.util.concurrent.Executors$RunnableAdapter.call(Executors.java:539)
	at java.util.concurrent.FutureTask.run(FutureTask.java:264)
	at java.util.concurrent.ThreadPoolExecutor.runWorker(ThreadPoolExecutor.java:1136)
	at java.util.concurrent.ThreadPoolExecutor$Worker.run(ThreadPoolExecutor.java:635)
	at java.lang.Thread.run(Thread.java:840)
[0m
2025.11.10 21:22:44 INFO  Processing buildTarget/scalaTestClasses[0m
2025.11.10 21:23:35 INFO  Processing buildTarget/compile[0m
2025.11.10 21:24:37 INFO  Processing buildTarget/compile[0m
2025.11.10 21:25:39 INFO  Processing buildTarget/compile[0m
2025.11.10 21:26:32 INFO  Processing buildTarget/compile[0m
2025.11.10 21:26:32 INFO  compiling root[0m
2025.11.10 21:26:32 INFO  compiling 16 Scala sources and 1 Java source to /home/kasukabe/schedule_kokubunji/backend/target/scala-2.13/classes ...[0m
2025.11.10 21:26:32 ERROR /home/kasukabe/schedule_kokubunji/backend/src/main/scala/controller/AuthController.scala:8:32: '}' expected but '.' found.[0m
2025.11.10 21:26:32 ERROR import enum.{Role, RoleMappings._}[0m
2025.11.10 21:26:32 ERROR ^[0m
2025.11.10 21:26:32 ERROR one error found[0m
2025.11.10 21:26:32 INFO  time: compiled root in 0.11s[0m
2025.11.10 21:26:32 ERROR (Compile / compileIncremental) Compilation failed[0m
2025.11.10 21:26:32 INFO  Cancelling compilation on sbt server
org.eclipse.lsp4j.jsonrpc.ResponseErrorException: (Compile / compileIncremental) Compilation failed
	at org.eclipse.lsp4j.jsonrpc.RemoteEndpoint.handleResponse(RemoteEndpoint.java:220)
	at org.eclipse.lsp4j.jsonrpc.RemoteEndpoint.consume(RemoteEndpoint.java:204)
	at scala.meta.internal.metals.RequestMonitorImpl$$anon$1.consume(ServerLivenessMonitor.scala:41)
	at org.eclipse.lsp4j.jsonrpc.json.StreamMessageProducer.handleMessage(StreamMessageProducer.java:185)
	at org.eclipse.lsp4j.jsonrpc.json.StreamMessageProducer.listen(StreamMessageProducer.java:97)
	at org.eclipse.lsp4j.jsonrpc.json.ConcurrentMessageProcessor.run(ConcurrentMessageProcessor.java:114)
	at java.util.concurrent.Executors$RunnableAdapter.call(Executors.java:539)
	at java.util.concurrent.FutureTask.run(FutureTask.java:264)
	at java.util.concurrent.ThreadPoolExecutor.runWorker(ThreadPoolExecutor.java:1136)
	at java.util.concurrent.ThreadPoolExecutor$Worker.run(ThreadPoolExecutor.java:635)
	at java.lang.Thread.run(Thread.java:840)
[0m
2025.11.10 21:26:32 INFO  Processing buildTarget/scalaMainClasses[0m
2025.11.10 21:26:32 INFO  compiling root[0m
2025.11.10 21:26:32 INFO  compiling 16 Scala sources and 1 Java source to /home/kasukabe/schedule_kokubunji/backend/target/scala-2.13/classes ...[0m
2025.11.10 21:26:32 ERROR /home/kasukabe/schedule_kokubunji/backend/src/main/scala/controller/AuthController.scala:8:32: '}' expected but '.' found.[0m
2025.11.10 21:26:32 ERROR import enum.{Role, RoleMappings._}[0m
2025.11.10 21:26:32 ERROR ^[0m
2025.11.10 21:26:32 ERROR one error found[0m
2025.11.10 21:26:32 INFO  time: compiled root in 72ms[0m
2025.11.10 21:26:32 ERROR (Compile / compileIncremental) Compilation failed[0m
2025.11.10 21:26:33 INFO  Scala main classes not supported by server
org.eclipse.lsp4j.jsonrpc.ResponseErrorException: (Compile / compileIncremental) Compilation failed
	at org.eclipse.lsp4j.jsonrpc.RemoteEndpoint.handleResponse(RemoteEndpoint.java:220)
	at org.eclipse.lsp4j.jsonrpc.RemoteEndpoint.consume(RemoteEndpoint.java:204)
	at scala.meta.internal.metals.RequestMonitorImpl$$anon$1.consume(ServerLivenessMonitor.scala:41)
	at org.eclipse.lsp4j.jsonrpc.json.StreamMessageProducer.handleMessage(StreamMessageProducer.java:185)
	at org.eclipse.lsp4j.jsonrpc.json.StreamMessageProducer.listen(StreamMessageProducer.java:97)
	at org.eclipse.lsp4j.jsonrpc.json.ConcurrentMessageProcessor.run(ConcurrentMessageProcessor.java:114)
	at java.util.concurrent.Executors$RunnableAdapter.call(Executors.java:539)
	at java.util.concurrent.FutureTask.run(FutureTask.java:264)
	at java.util.concurrent.ThreadPoolExecutor.runWorker(ThreadPoolExecutor.java:1136)
	at java.util.concurrent.ThreadPoolExecutor$Worker.run(ThreadPoolExecutor.java:635)
	at java.lang.Thread.run(Thread.java:840)
[0m
2025.11.10 21:26:32 INFO  Processing buildTarget/scalaTestClasses[0m
2025.11.10 21:26:41 INFO  Processing buildTarget/compile[0m
2025.11.10 21:27:02 INFO  Processing buildTarget/compile[0m
2025.11.10 21:27:02 INFO  compiling root[0m
2025.11.10 21:27:02 INFO  compiling 16 Scala sources and 1 Java source to /home/kasukabe/schedule_kokubunji/backend/target/scala-2.13/classes ...[0m
2025.11.10 21:27:02 ERROR /home/kasukabe/schedule_kokubunji/backend/src/main/scala/service/AuthService.scala:41:71: not found: type User[0m
2025.11.10 21:27:02 ERROR def authenticate(username: String, password: String): Future[Option[User]] = {[0m
2025.11.10 21:27:02 ERROR ^[0m
2025.11.10 21:27:02 ERROR /home/kasukabe/schedule_kokubunji/backend/src/main/scala/controller/AuthController.scala:66:63: value id is not a member of Any[0m
2025.11.10 21:27:02 ERROR val token : String = jwtUtil.createToken(user.id, user.role)[0m
2025.11.10 21:27:02 ERROR ^[0m
2025.11.10 21:27:02 ERROR /home/kasukabe/schedule_kokubunji/backend/src/main/scala/controller/AuthController.scala:66:72: value role is not a member of Any[0m
2025.11.10 21:27:02 ERROR val token : String = jwtUtil.createToken(user.id, user.role)[0m
2025.11.10 21:27:02 ERROR ^[0m
2025.11.10 21:27:02 ERROR /home/kasukabe/schedule_kokubunji/backend/src/main/scala/controller/AuthController.scala:70:32: value role is not a member of Any[0m
2025.11.10 21:27:02 ERROR "role" -> user.role[0m
2025.11.10 21:27:02 ERROR ^[0m
2025.11.10 21:27:02 ERROR /home/kasukabe/schedule_kokubunji/backend/src/main/scala/controller/TestController.scala:18:26: not found: value StudentTable[0m
2025.11.10 21:27:02 ERROR private val students = StudentTable.students[0m
2025.11.10 21:27:02 ERROR ^[0m
2025.11.10 21:27:02 ERROR /home/kasukabe/schedule_kokubunji/backend/src/main/scala/controller/TestController.scala:20:39: not found: type Student[0m
2025.11.10 21:27:02 ERROR implicit val studentWrites: OWrites[Student] = Json.writes[Student][0m
2025.11.10 21:27:02 ERROR ^[0m
2025.11.10 21:27:02 ERROR /home/kasukabe/schedule_kokubunji/backend/src/main/scala/controller/TestController.scala:20:62: not found: type Student[0m
2025.11.10 21:27:02 ERROR implicit val studentWrites: OWrites[Student] = Json.writes[Student][0m
2025.11.10 21:27:02 ERROR ^[0m
2025.11.10 21:27:02 ERROR /home/kasukabe/schedule_kokubunji/backend/src/main/scala/repository/UserRepository.scala:5:8: not found: object tables[0m
2025.11.10 21:27:02 ERROR import tables.UserTable[0m
2025.11.10 21:27:02 ERROR ^[0m
2025.11.10 21:27:02 ERROR /home/kasukabe/schedule_kokubunji/backend/src/main/scala/repository/UserRepository.scala:24:36: not found: type UserTable[0m
2025.11.10 21:27:02 ERROR private val users : TableQuery[UserTable] = UserTable.methods[0m
2025.11.10 21:27:02 ERROR ^[0m
2025.11.10 21:27:02 ERROR /home/kasukabe/schedule_kokubunji/backend/src/main/scala/repository/UserRepository.scala:24:49: not found: value UserTable[0m
2025.11.10 21:27:02 ERROR private val users : TableQuery[UserTable] = UserTable.methods[0m
2025.11.10 21:27:02 ERROR ^[0m
2025.11.10 21:27:02 ERROR /home/kasukabe/schedule_kokubunji/backend/src/main/scala/repository/UserRepository.scala:45:28: ambiguous implicit values:
 both value BooleanColumnCanBeQueryCondition in object CanBeQueryCondition of type slick.lifted.CanBeQueryCondition[slick.lifted.Rep[Boolean]]
 and value BooleanOptionColumnCanBeQueryCondition in object CanBeQueryCondition of type slick.lifted.CanBeQueryCondition[slick.lifted.Rep[Option[Boolean]]]
 match expected type slick.lifted.CanBeQueryCondition[Nothing][0m
2025.11.10 21:27:02 ERROR db.run(users.filter(_.username === username).result.headOption)[0m
2025.11.10 21:27:02 ERROR ^[0m
2025.11.10 21:27:02 ERROR /home/kasukabe/schedule_kokubunji/backend/src/main/scala/security/SecuredAction.scala:22:69: not found: type JwtUtil[0m
2025.11.10 21:27:02 ERROR class SecuredAction @Inject()(parser: BodyParsers.Default, jwtUtil: JwtUtil)[0m
2025.11.10 21:27:02 ERROR ^[0m
2025.11.10 21:27:02 ERROR /home/kasukabe/schedule_kokubunji/backend/src/main/scala/security/SecuredAction.scala:35:80: type mismatch;
 found   : Option[String]
 required: String[0m
2025.11.10 21:27:02 ERROR val maybeToken : String = request.headers.get("Authorization").flatMap { header =>[0m
2025.11.10 21:27:02 ERROR ^[0m
2025.11.10 21:27:02 ERROR /home/kasukabe/schedule_kokubunji/backend/src/main/scala/service/AuthService.scala:20:46: not found: type UserRepository[0m
2025.11.10 21:27:02 ERROR class AuthService @Inject() (userRepository: UserRepository)[0m
2025.11.10 21:27:02 ERROR ^[0m
2025.11.10 21:27:02 ERROR /home/kasukabe/schedule_kokubunji/backend/src/main/scala/table/UserTable.scala:17:41: not found: type User[0m
2025.11.10 21:27:02 ERROR class UserTable(tag: Tag) extends Table[User](tag, "users") {[0m
2025.11.10 21:27:02 ERROR ^[0m
2025.11.10 21:27:02 ERROR /home/kasukabe/schedule_kokubunji/backend/src/main/scala/table/UserTable.scala:21:26: could not find implicit value for parameter tt: slick.ast.TypedType[enum.Role][0m
2025.11.10 21:27:02 ERROR def role = column[Role]("role")[0m
2025.11.10 21:27:02 ERROR ^[0m
2025.11.10 21:27:02 ERROR /home/kasukabe/schedule_kokubunji/backend/src/main/scala/utility/JwtUtil.scala:7:16: object Constants is not a member of package utility[0m
2025.11.10 21:27:02 ERROR import utility.Constants[0m
2025.11.10 21:27:02 ERROR ^[0m
2025.11.10 21:27:02 ERROR /home/kasukabe/schedule_kokubunji/backend/src/main/scala/utility/JwtUtil.scala:33:31: not found: type Format[0m
2025.11.10 21:27:02 ERROR implicit val jwtContent : Format[JwtContent] = Json.format[JwtContent][0m
2025.11.10 21:27:02 ERROR ^[0m
2025.11.10 21:27:02 ERROR /home/kasukabe/schedule_kokubunji/backend/src/main/scala/utility/JwtUtil.scala:27:44: not found: value Constants[0m
2025.11.10 21:27:02 ERROR private val expirationSeconds : Long = Constants.JwtExpirationSeconds[0m
2025.11.10 21:27:02 ERROR ^[0m
2025.11.10 21:27:02 ERROR /home/kasukabe/schedule_kokubunji/backend/src/main/scala/utility/JwtUtil.scala:33:52: not found: value Json[0m
2025.11.10 21:27:02 ERROR implicit val jwtContent : Format[JwtContent] = Json.format[JwtContent][0m
2025.11.10 21:27:02 ERROR ^[0m
2025.11.10 21:27:02 ERROR /home/kasukabe/schedule_kokubunji/backend/src/main/scala/utility/JwtUtil.scala:43:35: not found: value Json[0m
2025.11.10 21:27:02 ERROR val tmpContent : String = Json.stringify(Json.toJson(JwtContent(id, role)))[0m
2025.11.10 21:27:02 ERROR ^[0m
2025.11.10 21:27:02 ERROR /home/kasukabe/schedule_kokubunji/backend/src/main/scala/utility/JwtUtil.scala:43:50: not found: value Json[0m
2025.11.10 21:27:02 ERROR val tmpContent : String = Json.stringify(Json.toJson(JwtContent(id, role)))[0m
2025.11.10 21:27:02 ERROR ^[0m
2025.11.10 21:27:02 ERROR 22 errors found[0m
2025.11.10 21:27:02 INFO  time: compiled root in 0.57s[0m
2025.11.10 21:27:02 ERROR (Compile / compileIncremental) Compilation failed[0m
2025.11.10 21:27:02 INFO  Cancelling compilation on sbt server
org.eclipse.lsp4j.jsonrpc.ResponseErrorException: (Compile / compileIncremental) Compilation failed
	at org.eclipse.lsp4j.jsonrpc.RemoteEndpoint.handleResponse(RemoteEndpoint.java:220)
	at org.eclipse.lsp4j.jsonrpc.RemoteEndpoint.consume(RemoteEndpoint.java:204)
	at scala.meta.internal.metals.RequestMonitorImpl$$anon$1.consume(ServerLivenessMonitor.scala:41)
	at org.eclipse.lsp4j.jsonrpc.json.StreamMessageProducer.handleMessage(StreamMessageProducer.java:185)
	at org.eclipse.lsp4j.jsonrpc.json.StreamMessageProducer.listen(StreamMessageProducer.java:97)
	at org.eclipse.lsp4j.jsonrpc.json.ConcurrentMessageProcessor.run(ConcurrentMessageProcessor.java:114)
	at java.util.concurrent.Executors$RunnableAdapter.call(Executors.java:539)
	at java.util.concurrent.FutureTask.run(FutureTask.java:264)
	at java.util.concurrent.ThreadPoolExecutor.runWorker(ThreadPoolExecutor.java:1136)
	at java.util.concurrent.ThreadPoolExecutor$Worker.run(ThreadPoolExecutor.java:635)
	at java.lang.Thread.run(Thread.java:840)
[0m
2025.11.10 21:27:02 INFO  Processing buildTarget/scalaMainClasses[0m
2025.11.10 21:27:02 INFO  compiling root[0m
2025.11.10 21:27:02 INFO  compiling 16 Scala sources and 1 Java source to /home/kasukabe/schedule_kokubunji/backend/target/scala-2.13/classes ...[0m
2025.11.10 21:27:02 ERROR /home/kasukabe/schedule_kokubunji/backend/src/main/scala/service/AuthService.scala:41:71: not found: type User[0m
2025.11.10 21:27:02 ERROR def authenticate(username: String, password: String): Future[Option[User]] = {[0m
2025.11.10 21:27:02 ERROR ^[0m
2025.11.10 21:27:02 ERROR /home/kasukabe/schedule_kokubunji/backend/src/main/scala/controller/AuthController.scala:66:63: value id is not a member of Any[0m
2025.11.10 21:27:02 ERROR val token : String = jwtUtil.createToken(user.id, user.role)[0m
2025.11.10 21:27:02 ERROR ^[0m
2025.11.10 21:27:02 ERROR /home/kasukabe/schedule_kokubunji/backend/src/main/scala/controller/AuthController.scala:66:72: value role is not a member of Any[0m
2025.11.10 21:27:02 ERROR val token : String = jwtUtil.createToken(user.id, user.role)[0m
2025.11.10 21:27:02 ERROR ^[0m
2025.11.10 21:27:02 ERROR /home/kasukabe/schedule_kokubunji/backend/src/main/scala/controller/AuthController.scala:70:32: value role is not a member of Any[0m
2025.11.10 21:27:02 ERROR "role" -> user.role[0m
2025.11.10 21:27:02 ERROR ^[0m
2025.11.10 21:27:02 ERROR /home/kasukabe/schedule_kokubunji/backend/src/main/scala/controller/TestController.scala:18:26: not found: value StudentTable[0m
2025.11.10 21:27:02 ERROR private val students = StudentTable.students[0m
2025.11.10 21:27:02 ERROR ^[0m
2025.11.10 21:27:02 ERROR /home/kasukabe/schedule_kokubunji/backend/src/main/scala/controller/TestController.scala:20:39: not found: type Student[0m
2025.11.10 21:27:02 ERROR implicit val studentWrites: OWrites[Student] = Json.writes[Student][0m
2025.11.10 21:27:02 ERROR ^[0m
2025.11.10 21:27:02 ERROR /home/kasukabe/schedule_kokubunji/backend/src/main/scala/controller/TestController.scala:20:62: not found: type Student[0m
2025.11.10 21:27:02 ERROR implicit val studentWrites: OWrites[Student] = Json.writes[Student][0m
2025.11.10 21:27:02 ERROR ^[0m
2025.11.10 21:27:03 ERROR /home/kasukabe/schedule_kokubunji/backend/src/main/scala/repository/UserRepository.scala:5:8: not found: object tables[0m
2025.11.10 21:27:03 ERROR import tables.UserTable[0m
2025.11.10 21:27:03 ERROR ^[0m
2025.11.10 21:27:03 ERROR /home/kasukabe/schedule_kokubunji/backend/src/main/scala/repository/UserRepository.scala:24:36: not found: type UserTable[0m
2025.11.10 21:27:03 ERROR private val users : TableQuery[UserTable] = UserTable.methods[0m
2025.11.10 21:27:03 ERROR ^[0m
2025.11.10 21:27:03 ERROR /home/kasukabe/schedule_kokubunji/backend/src/main/scala/repository/UserRepository.scala:24:49: not found: value UserTable[0m
2025.11.10 21:27:03 ERROR private val users : TableQuery[UserTable] = UserTable.methods[0m
2025.11.10 21:27:03 ERROR ^[0m
2025.11.10 21:27:03 ERROR /home/kasukabe/schedule_kokubunji/backend/src/main/scala/repository/UserRepository.scala:45:28: ambiguous implicit values:
 both value BooleanColumnCanBeQueryCondition in object CanBeQueryCondition of type slick.lifted.CanBeQueryCondition[slick.lifted.Rep[Boolean]]
 and value BooleanOptionColumnCanBeQueryCondition in object CanBeQueryCondition of type slick.lifted.CanBeQueryCondition[slick.lifted.Rep[Option[Boolean]]]
 match expected type slick.lifted.CanBeQueryCondition[Nothing][0m
2025.11.10 21:27:03 ERROR db.run(users.filter(_.username === username).result.headOption)[0m
2025.11.10 21:27:03 ERROR ^[0m
2025.11.10 21:27:03 ERROR /home/kasukabe/schedule_kokubunji/backend/src/main/scala/security/SecuredAction.scala:22:69: not found: type JwtUtil[0m
2025.11.10 21:27:03 ERROR class SecuredAction @Inject()(parser: BodyParsers.Default, jwtUtil: JwtUtil)[0m
2025.11.10 21:27:03 ERROR ^[0m
2025.11.10 21:27:03 ERROR /home/kasukabe/schedule_kokubunji/backend/src/main/scala/security/SecuredAction.scala:35:80: type mismatch;
 found   : Option[String]
 required: String[0m
2025.11.10 21:27:03 ERROR val maybeToken : String = request.headers.get("Authorization").flatMap { header =>[0m
2025.11.10 21:27:03 ERROR ^[0m
2025.11.10 21:27:03 ERROR /home/kasukabe/schedule_kokubunji/backend/src/main/scala/service/AuthService.scala:20:46: not found: type UserRepository[0m
2025.11.10 21:27:03 ERROR class AuthService @Inject() (userRepository: UserRepository)[0m
2025.11.10 21:27:03 ERROR ^[0m
2025.11.10 21:27:03 ERROR /home/kasukabe/schedule_kokubunji/backend/src/main/scala/table/UserTable.scala:17:41: not found: type User[0m
2025.11.10 21:27:03 ERROR class UserTable(tag: Tag) extends Table[User](tag, "users") {[0m
2025.11.10 21:27:03 ERROR ^[0m
2025.11.10 21:27:03 ERROR /home/kasukabe/schedule_kokubunji/backend/src/main/scala/table/UserTable.scala:21:26: could not find implicit value for parameter tt: slick.ast.TypedType[enum.Role][0m
2025.11.10 21:27:03 ERROR def role = column[Role]("role")[0m
2025.11.10 21:27:03 ERROR ^[0m
2025.11.10 21:27:03 ERROR /home/kasukabe/schedule_kokubunji/backend/src/main/scala/utility/JwtUtil.scala:7:16: object Constants is not a member of package utility[0m
2025.11.10 21:27:03 ERROR import utility.Constants[0m
2025.11.10 21:27:03 ERROR ^[0m
2025.11.10 21:27:03 ERROR /home/kasukabe/schedule_kokubunji/backend/src/main/scala/utility/JwtUtil.scala:33:31: not found: type Format[0m
2025.11.10 21:27:03 ERROR implicit val jwtContent : Format[JwtContent] = Json.format[JwtContent][0m
2025.11.10 21:27:03 ERROR ^[0m
2025.11.10 21:27:03 ERROR /home/kasukabe/schedule_kokubunji/backend/src/main/scala/utility/JwtUtil.scala:27:44: not found: value Constants[0m
2025.11.10 21:27:03 ERROR private val expirationSeconds : Long = Constants.JwtExpirationSeconds[0m
2025.11.10 21:27:03 ERROR ^[0m
2025.11.10 21:27:03 ERROR /home/kasukabe/schedule_kokubunji/backend/src/main/scala/utility/JwtUtil.scala:33:52: not found: value Json[0m
2025.11.10 21:27:03 ERROR implicit val jwtContent : Format[JwtContent] = Json.format[JwtContent][0m
2025.11.10 21:27:03 ERROR ^[0m
2025.11.10 21:27:03 ERROR /home/kasukabe/schedule_kokubunji/backend/src/main/scala/utility/JwtUtil.scala:43:35: not found: value Json[0m
2025.11.10 21:27:03 ERROR val tmpContent : String = Json.stringify(Json.toJson(JwtContent(id, role)))[0m
2025.11.10 21:27:03 ERROR ^[0m
2025.11.10 21:27:03 ERROR /home/kasukabe/schedule_kokubunji/backend/src/main/scala/utility/JwtUtil.scala:43:50: not found: value Json[0m
2025.11.10 21:27:03 ERROR val tmpContent : String = Json.stringify(Json.toJson(JwtContent(id, role)))[0m
2025.11.10 21:27:03 ERROR ^[0m
2025.11.10 21:27:03 ERROR 22 errors found[0m
2025.11.10 21:27:03 INFO  time: compiled root in 0.57s[0m
2025.11.10 21:27:03 ERROR (Compile / compileIncremental) Compilation failed[0m
2025.11.10 21:27:02 INFO  Scala main classes not supported by server
org.eclipse.lsp4j.jsonrpc.ResponseErrorException: (Compile / compileIncremental) Compilation failed
	at org.eclipse.lsp4j.jsonrpc.RemoteEndpoint.handleResponse(RemoteEndpoint.java:220)
	at org.eclipse.lsp4j.jsonrpc.RemoteEndpoint.consume(RemoteEndpoint.java:204)
	at scala.meta.internal.metals.RequestMonitorImpl$$anon$1.consume(ServerLivenessMonitor.scala:41)
	at org.eclipse.lsp4j.jsonrpc.json.StreamMessageProducer.handleMessage(StreamMessageProducer.java:185)
	at org.eclipse.lsp4j.jsonrpc.json.StreamMessageProducer.listen(StreamMessageProducer.java:97)
	at org.eclipse.lsp4j.jsonrpc.json.ConcurrentMessageProcessor.run(ConcurrentMessageProcessor.java:114)
	at java.util.concurrent.Executors$RunnableAdapter.call(Executors.java:539)
	at java.util.concurrent.FutureTask.run(FutureTask.java:264)
	at java.util.concurrent.ThreadPoolExecutor.runWorker(ThreadPoolExecutor.java:1136)
	at java.util.concurrent.ThreadPoolExecutor$Worker.run(ThreadPoolExecutor.java:635)
	at java.lang.Thread.run(Thread.java:840)
[0m
2025.11.10 21:27:03 INFO  Processing buildTarget/scalaTestClasses[0m
2025.11.10 21:27:43 INFO  Processing buildTarget/compile[0m
2025.11.10 21:27:49 INFO  Processing buildTarget/compile[0m
2025.11.10 21:27:49 INFO  compiling root[0m
2025.11.10 21:27:49 INFO  compiling 16 Scala sources and 1 Java source to /home/kasukabe/schedule_kokubunji/backend/target/scala-2.13/classes ...[0m
2025.11.10 21:27:49 ERROR /home/kasukabe/schedule_kokubunji/backend/src/main/scala/controller/AuthController.scala:8:32: '}' expected but '.' found.[0m
2025.11.10 21:27:49 ERROR import enum.{Role, RoleMappings._}[0m
2025.11.10 21:27:49 ERROR ^[0m
2025.11.10 21:27:49 ERROR one error found[0m
2025.11.10 21:27:49 INFO  time: compiled root in 0.14s[0m
2025.11.10 21:27:49 INFO  Cancelling compilation on sbt server
org.eclipse.lsp4j.jsonrpc.ResponseErrorException: (Compile / compileIncremental) Compilation failed
	at org.eclipse.lsp4j.jsonrpc.RemoteEndpoint.handleResponse(RemoteEndpoint.java:220)
	at org.eclipse.lsp4j.jsonrpc.RemoteEndpoint.consume(RemoteEndpoint.java:204)
	at scala.meta.internal.metals.RequestMonitorImpl$$anon$1.consume(ServerLivenessMonitor.scala:41)
	at org.eclipse.lsp4j.jsonrpc.json.StreamMessageProducer.handleMessage(StreamMessageProducer.java:185)
	at org.eclipse.lsp4j.jsonrpc.json.StreamMessageProducer.listen(StreamMessageProducer.java:97)
	at org.eclipse.lsp4j.jsonrpc.json.ConcurrentMessageProcessor.run(ConcurrentMessageProcessor.java:114)
	at java.util.concurrent.Executors$RunnableAdapter.call(Executors.java:539)
	at java.util.concurrent.FutureTask.run(FutureTask.java:264)
	at java.util.concurrent.ThreadPoolExecutor.runWorker(ThreadPoolExecutor.java:1136)
	at java.util.concurrent.ThreadPoolExecutor$Worker.run(ThreadPoolExecutor.java:635)
	at java.lang.Thread.run(Thread.java:840)
[0m
2025.11.10 21:27:49 ERROR (Compile / compileIncremental) Compilation failed[0m
2025.11.10 21:27:49 INFO  Processing buildTarget/scalaTestClasses[0m
2025.11.10 21:27:49 INFO  Processing buildTarget/scalaMainClasses[0m
2025.11.10 21:27:49 INFO  compiling root[0m
2025.11.10 21:27:49 INFO  compiling 16 Scala sources and 1 Java source to /home/kasukabe/schedule_kokubunji/backend/target/scala-2.13/classes ...[0m
2025.11.10 21:27:49 ERROR /home/kasukabe/schedule_kokubunji/backend/src/main/scala/controller/AuthController.scala:8:32: '}' expected but '.' found.[0m
2025.11.10 21:27:49 ERROR import enum.{Role, RoleMappings._}[0m
2025.11.10 21:27:49 ERROR ^[0m
2025.11.10 21:27:49 ERROR one error found[0m
2025.11.10 21:27:49 INFO  time: compiled root in 68ms[0m
2025.11.10 21:27:49 ERROR (Compile / compileIncremental) Compilation failed[0m
2025.11.10 21:27:49 INFO  Scala main classes not supported by server
org.eclipse.lsp4j.jsonrpc.ResponseErrorException: (Compile / compileIncremental) Compilation failed
	at org.eclipse.lsp4j.jsonrpc.RemoteEndpoint.handleResponse(RemoteEndpoint.java:220)
	at org.eclipse.lsp4j.jsonrpc.RemoteEndpoint.consume(RemoteEndpoint.java:204)
	at scala.meta.internal.metals.RequestMonitorImpl$$anon$1.consume(ServerLivenessMonitor.scala:41)
	at org.eclipse.lsp4j.jsonrpc.json.StreamMessageProducer.handleMessage(StreamMessageProducer.java:185)
	at org.eclipse.lsp4j.jsonrpc.json.StreamMessageProducer.listen(StreamMessageProducer.java:97)
	at org.eclipse.lsp4j.jsonrpc.json.ConcurrentMessageProcessor.run(ConcurrentMessageProcessor.java:114)
	at java.util.concurrent.Executors$RunnableAdapter.call(Executors.java:539)
	at java.util.concurrent.FutureTask.run(FutureTask.java:264)
	at java.util.concurrent.ThreadPoolExecutor.runWorker(ThreadPoolExecutor.java:1136)
	at java.util.concurrent.ThreadPoolExecutor$Worker.run(ThreadPoolExecutor.java:635)
	at java.lang.Thread.run(Thread.java:840)
[0m
2025.11.10 21:28:45 INFO  Processing buildTarget/compile[0m
2025.11.10 21:29:10 INFO  Processing buildTarget/compile[0m
2025.11.10 21:29:10 INFO  compiling root[0m
2025.11.10 21:29:10 INFO  compiling 16 Scala sources and 1 Java source to /home/kasukabe/schedule_kokubunji/backend/target/scala-2.13/classes ...[0m
2025.11.10 21:29:10 ERROR /home/kasukabe/schedule_kokubunji/backend/src/main/scala/controller/AuthController.scala:8:19: not found: object RoleMappings[0m
2025.11.10 21:29:10 ERROR import enum.Role, RoleMappings._[0m
2025.11.10 21:29:10 ERROR ^[0m
2025.11.10 21:29:10 ERROR /home/kasukabe/schedule_kokubunji/backend/src/main/scala/controller/AuthController.scala:29:72: No instance of play.api.libs.json.Format is available for enum.Role in the implicit scope (Hint: if declared in the same file, make sure it's declared before)[0m
2025.11.10 21:29:10 ERROR implicit val registerFormat : Format[RegisterRequest] = Json.format[RegisterRequest][0m
2025.11.10 21:29:10 ERROR ^[0m
2025.11.10 21:29:10 ERROR /home/kasukabe/schedule_kokubunji/backend/src/main/scala/service/AuthService.scala:41:71: not found: type User[0m
2025.11.10 21:29:10 ERROR def authenticate(username: String, password: String): Future[Option[User]] = {[0m
2025.11.10 21:29:10 ERROR ^[0m
2025.11.10 21:29:10 ERROR /home/kasukabe/schedule_kokubunji/backend/src/main/scala/controller/AuthController.scala:65:63: value id is not a member of Any[0m
2025.11.10 21:29:10 ERROR val token : String = jwtUtil.createToken(user.id, user.role)[0m
2025.11.10 21:29:10 ERROR ^[0m
2025.11.10 21:29:10 ERROR /home/kasukabe/schedule_kokubunji/backend/src/main/scala/controller/AuthController.scala:65:72: value role is not a member of Any[0m
2025.11.10 21:29:10 ERROR val token : String = jwtUtil.createToken(user.id, user.role)[0m
2025.11.10 21:29:10 ERROR ^[0m
2025.11.10 21:29:10 ERROR /home/kasukabe/schedule_kokubunji/backend/src/main/scala/controller/AuthController.scala:69:32: value role is not a member of Any[0m
2025.11.10 21:29:10 ERROR "role" -> user.role[0m
2025.11.10 21:29:10 ERROR ^[0m
2025.11.10 21:29:10 ERROR /home/kasukabe/schedule_kokubunji/backend/src/main/scala/controller/TestController.scala:18:26: not found: value StudentTable[0m
2025.11.10 21:29:10 ERROR private val students = StudentTable.students[0m
2025.11.10 21:29:10 ERROR ^[0m
2025.11.10 21:29:10 ERROR /home/kasukabe/schedule_kokubunji/backend/src/main/scala/controller/TestController.scala:20:39: not found: type Student[0m
2025.11.10 21:29:10 ERROR implicit val studentWrites: OWrites[Student] = Json.writes[Student][0m
2025.11.10 21:29:10 ERROR ^[0m
2025.11.10 21:29:10 ERROR /home/kasukabe/schedule_kokubunji/backend/src/main/scala/controller/TestController.scala:20:62: not found: type Student[0m
2025.11.10 21:29:10 ERROR implicit val studentWrites: OWrites[Student] = Json.writes[Student][0m
2025.11.10 21:29:10 ERROR ^[0m
2025.11.10 21:29:10 ERROR /home/kasukabe/schedule_kokubunji/backend/src/main/scala/repository/UserRepository.scala:5:8: not found: object tables[0m
2025.11.10 21:29:10 ERROR import tables.UserTable[0m
2025.11.10 21:29:10 ERROR ^[0m
2025.11.10 21:29:10 ERROR /home/kasukabe/schedule_kokubunji/backend/src/main/scala/repository/UserRepository.scala:24:36: not found: type UserTable[0m
2025.11.10 21:29:10 ERROR private val users : TableQuery[UserTable] = UserTable.methods[0m
2025.11.10 21:29:10 ERROR ^[0m
2025.11.10 21:29:10 ERROR /home/kasukabe/schedule_kokubunji/backend/src/main/scala/repository/UserRepository.scala:24:49: not found: value UserTable[0m
2025.11.10 21:29:10 ERROR private val users : TableQuery[UserTable] = UserTable.methods[0m
2025.11.10 21:29:10 ERROR ^[0m
2025.11.10 21:29:10 ERROR /home/kasukabe/schedule_kokubunji/backend/src/main/scala/repository/UserRepository.scala:45:28: ambiguous implicit values:
 both value BooleanColumnCanBeQueryCondition in object CanBeQueryCondition of type slick.lifted.CanBeQueryCondition[slick.lifted.Rep[Boolean]]
 and value BooleanOptionColumnCanBeQueryCondition in object CanBeQueryCondition of type slick.lifted.CanBeQueryCondition[slick.lifted.Rep[Option[Boolean]]]
 match expected type slick.lifted.CanBeQueryCondition[Nothing][0m
2025.11.10 21:29:10 ERROR db.run(users.filter(_.username === username).result.headOption)[0m
2025.11.10 21:29:10 ERROR ^[0m
2025.11.10 21:29:10 ERROR /home/kasukabe/schedule_kokubunji/backend/src/main/scala/security/SecuredAction.scala:22:69: not found: type JwtUtil[0m
2025.11.10 21:29:10 ERROR class SecuredAction @Inject()(parser: BodyParsers.Default, jwtUtil: JwtUtil)[0m
2025.11.10 21:29:10 ERROR ^[0m
2025.11.10 21:29:10 ERROR /home/kasukabe/schedule_kokubunji/backend/src/main/scala/security/SecuredAction.scala:35:80: type mismatch;
 found   : Option[String]
 required: String[0m
2025.11.10 21:29:10 ERROR val maybeToken : String = request.headers.get("Authorization").flatMap { header =>[0m
2025.11.10 21:29:10 ERROR ^[0m
2025.11.10 21:29:10 ERROR /home/kasukabe/schedule_kokubunji/backend/src/main/scala/service/AuthService.scala:20:46: not found: type UserRepository[0m
2025.11.10 21:29:10 ERROR class AuthService @Inject() (userRepository: UserRepository)[0m
2025.11.10 21:29:10 ERROR ^[0m
2025.11.10 21:29:10 ERROR /home/kasukabe/schedule_kokubunji/backend/src/main/scala/table/UserTable.scala:17:41: not found: type User[0m
2025.11.10 21:29:10 ERROR class UserTable(tag: Tag) extends Table[User](tag, "users") {[0m
2025.11.10 21:29:10 ERROR ^[0m
2025.11.10 21:29:10 ERROR /home/kasukabe/schedule_kokubunji/backend/src/main/scala/table/UserTable.scala:21:26: could not find implicit value for parameter tt: slick.ast.TypedType[enum.Role][0m
2025.11.10 21:29:10 ERROR def role = column[Role]("role")[0m
2025.11.10 21:29:10 ERROR ^[0m
2025.11.10 21:29:10 ERROR /home/kasukabe/schedule_kokubunji/backend/src/main/scala/utility/JwtUtil.scala:7:16: object Constants is not a member of package utility[0m
2025.11.10 21:29:10 ERROR import utility.Constants[0m
2025.11.10 21:29:10 ERROR ^[0m
2025.11.10 21:29:10 ERROR /home/kasukabe/schedule_kokubunji/backend/src/main/scala/utility/JwtUtil.scala:33:31: not found: type Format[0m
2025.11.10 21:29:10 ERROR implicit val jwtContent : Format[JwtContent] = Json.format[JwtContent][0m
2025.11.10 21:29:10 ERROR ^[0m
2025.11.10 21:29:10 ERROR /home/kasukabe/schedule_kokubunji/backend/src/main/scala/utility/JwtUtil.scala:27:44: not found: value Constants[0m
2025.11.10 21:29:10 ERROR private val expirationSeconds : Long = Constants.JwtExpirationSeconds[0m
2025.11.10 21:29:10 ERROR ^[0m
2025.11.10 21:29:10 ERROR /home/kasukabe/schedule_kokubunji/backend/src/main/scala/utility/JwtUtil.scala:33:52: not found: value Json[0m
2025.11.10 21:29:10 ERROR implicit val jwtContent : Format[JwtContent] = Json.format[JwtContent][0m
2025.11.10 21:29:10 ERROR ^[0m
2025.11.10 21:29:10 ERROR /home/kasukabe/schedule_kokubunji/backend/src/main/scala/utility/JwtUtil.scala:43:35: not found: value Json[0m
2025.11.10 21:29:10 ERROR val tmpContent : String = Json.stringify(Json.toJson(JwtContent(id, role)))[0m
2025.11.10 21:29:10 ERROR ^[0m
2025.11.10 21:29:10 ERROR /home/kasukabe/schedule_kokubunji/backend/src/main/scala/utility/JwtUtil.scala:43:50: not found: value Json[0m
2025.11.10 21:29:10 ERROR val tmpContent : String = Json.stringify(Json.toJson(JwtContent(id, role)))[0m
2025.11.10 21:29:10 ERROR ^[0m
2025.11.10 21:29:10 ERROR 24 errors found[0m
2025.11.10 21:29:10 INFO  time: compiled root in 0.62s[0m
2025.11.10 21:29:10 ERROR (Compile / compileIncremental) Compilation failed[0m
2025.11.10 21:29:11 INFO  Cancelling compilation on sbt server
org.eclipse.lsp4j.jsonrpc.ResponseErrorException: (Compile / compileIncremental) Compilation failed
	at org.eclipse.lsp4j.jsonrpc.RemoteEndpoint.handleResponse(RemoteEndpoint.java:220)
	at org.eclipse.lsp4j.jsonrpc.RemoteEndpoint.consume(RemoteEndpoint.java:204)
	at scala.meta.internal.metals.RequestMonitorImpl$$anon$1.consume(ServerLivenessMonitor.scala:41)
	at org.eclipse.lsp4j.jsonrpc.json.StreamMessageProducer.handleMessage(StreamMessageProducer.java:185)
	at org.eclipse.lsp4j.jsonrpc.json.StreamMessageProducer.listen(StreamMessageProducer.java:97)
	at org.eclipse.lsp4j.jsonrpc.json.ConcurrentMessageProcessor.run(ConcurrentMessageProcessor.java:114)
	at java.util.concurrent.Executors$RunnableAdapter.call(Executors.java:539)
	at java.util.concurrent.FutureTask.run(FutureTask.java:264)
	at java.util.concurrent.ThreadPoolExecutor.runWorker(ThreadPoolExecutor.java:1136)
	at java.util.concurrent.ThreadPoolExecutor$Worker.run(ThreadPoolExecutor.java:635)
	at java.lang.Thread.run(Thread.java:840)
[0m
2025.11.10 21:29:10 INFO  Processing buildTarget/scalaMainClasses[0m
2025.11.10 21:29:10 INFO  compiling root[0m
2025.11.10 21:29:10 INFO  compiling 16 Scala sources and 1 Java source to /home/kasukabe/schedule_kokubunji/backend/target/scala-2.13/classes ...[0m
2025.11.10 21:29:10 ERROR /home/kasukabe/schedule_kokubunji/backend/src/main/scala/controller/AuthController.scala:8:19: not found: object RoleMappings[0m
2025.11.10 21:29:10 ERROR import enum.Role, RoleMappings._[0m
2025.11.10 21:29:10 ERROR ^[0m
2025.11.10 21:29:10 ERROR /home/kasukabe/schedule_kokubunji/backend/src/main/scala/controller/AuthController.scala:29:72: No instance of play.api.libs.json.Format is available for enum.Role in the implicit scope (Hint: if declared in the same file, make sure it's declared before)[0m
2025.11.10 21:29:10 ERROR implicit val registerFormat : Format[RegisterRequest] = Json.format[RegisterRequest][0m
2025.11.10 21:29:10 ERROR ^[0m
2025.11.10 21:29:10 ERROR /home/kasukabe/schedule_kokubunji/backend/src/main/scala/service/AuthService.scala:41:71: not found: type User[0m
2025.11.10 21:29:10 ERROR def authenticate(username: String, password: String): Future[Option[User]] = {[0m
2025.11.10 21:29:10 ERROR ^[0m
2025.11.10 21:29:10 ERROR /home/kasukabe/schedule_kokubunji/backend/src/main/scala/controller/AuthController.scala:65:63: value id is not a member of Any[0m
2025.11.10 21:29:10 ERROR val token : String = jwtUtil.createToken(user.id, user.role)[0m
2025.11.10 21:29:10 ERROR ^[0m
2025.11.10 21:29:10 ERROR /home/kasukabe/schedule_kokubunji/backend/src/main/scala/controller/AuthController.scala:65:72: value role is not a member of Any[0m
2025.11.10 21:29:10 ERROR val token : String = jwtUtil.createToken(user.id, user.role)[0m
2025.11.10 21:29:10 ERROR ^[0m
2025.11.10 21:29:10 ERROR /home/kasukabe/schedule_kokubunji/backend/src/main/scala/controller/AuthController.scala:69:32: value role is not a member of Any[0m
2025.11.10 21:29:10 ERROR "role" -> user.role[0m
2025.11.10 21:29:10 ERROR ^[0m
2025.11.10 21:29:10 ERROR /home/kasukabe/schedule_kokubunji/backend/src/main/scala/controller/TestController.scala:18:26: not found: value StudentTable[0m
2025.11.10 21:29:10 ERROR private val students = StudentTable.students[0m
2025.11.10 21:29:10 ERROR ^[0m
2025.11.10 21:29:10 ERROR /home/kasukabe/schedule_kokubunji/backend/src/main/scala/controller/TestController.scala:20:39: not found: type Student[0m
2025.11.10 21:29:10 ERROR implicit val studentWrites: OWrites[Student] = Json.writes[Student][0m
2025.11.10 21:29:10 ERROR ^[0m
2025.11.10 21:29:10 ERROR /home/kasukabe/schedule_kokubunji/backend/src/main/scala/controller/TestController.scala:20:62: not found: type Student[0m
2025.11.10 21:29:10 ERROR implicit val studentWrites: OWrites[Student] = Json.writes[Student][0m
2025.11.10 21:29:10 ERROR ^[0m
2025.11.10 21:29:11 ERROR /home/kasukabe/schedule_kokubunji/backend/src/main/scala/repository/UserRepository.scala:5:8: not found: object tables[0m
2025.11.10 21:29:11 ERROR import tables.UserTable[0m
2025.11.10 21:29:11 ERROR ^[0m
2025.11.10 21:29:11 ERROR /home/kasukabe/schedule_kokubunji/backend/src/main/scala/repository/UserRepository.scala:24:36: not found: type UserTable[0m
2025.11.10 21:29:11 ERROR private val users : TableQuery[UserTable] = UserTable.methods[0m
2025.11.10 21:29:11 ERROR ^[0m
2025.11.10 21:29:11 ERROR /home/kasukabe/schedule_kokubunji/backend/src/main/scala/repository/UserRepository.scala:24:49: not found: value UserTable[0m
2025.11.10 21:29:11 ERROR private val users : TableQuery[UserTable] = UserTable.methods[0m
2025.11.10 21:29:11 ERROR ^[0m
2025.11.10 21:29:11 ERROR /home/kasukabe/schedule_kokubunji/backend/src/main/scala/repository/UserRepository.scala:45:28: ambiguous implicit values:
 both value BooleanColumnCanBeQueryCondition in object CanBeQueryCondition of type slick.lifted.CanBeQueryCondition[slick.lifted.Rep[Boolean]]
 and value BooleanOptionColumnCanBeQueryCondition in object CanBeQueryCondition of type slick.lifted.CanBeQueryCondition[slick.lifted.Rep[Option[Boolean]]]
 match expected type slick.lifted.CanBeQueryCondition[Nothing][0m
2025.11.10 21:29:11 ERROR db.run(users.filter(_.username === username).result.headOption)[0m
2025.11.10 21:29:11 ERROR ^[0m
2025.11.10 21:29:11 ERROR /home/kasukabe/schedule_kokubunji/backend/src/main/scala/security/SecuredAction.scala:22:69: not found: type JwtUtil[0m
2025.11.10 21:29:11 ERROR class SecuredAction @Inject()(parser: BodyParsers.Default, jwtUtil: JwtUtil)[0m
2025.11.10 21:29:11 ERROR ^[0m
2025.11.10 21:29:11 ERROR /home/kasukabe/schedule_kokubunji/backend/src/main/scala/security/SecuredAction.scala:35:80: type mismatch;
 found   : Option[String]
 required: String[0m
2025.11.10 21:29:11 ERROR val maybeToken : String = request.headers.get("Authorization").flatMap { header =>[0m
2025.11.10 21:29:11 ERROR ^[0m
2025.11.10 21:29:11 ERROR /home/kasukabe/schedule_kokubunji/backend/src/main/scala/service/AuthService.scala:20:46: not found: type UserRepository[0m
2025.11.10 21:29:11 ERROR class AuthService @Inject() (userRepository: UserRepository)[0m
2025.11.10 21:29:11 ERROR ^[0m
2025.11.10 21:29:11 ERROR /home/kasukabe/schedule_kokubunji/backend/src/main/scala/table/UserTable.scala:17:41: not found: type User[0m
2025.11.10 21:29:11 ERROR class UserTable(tag: Tag) extends Table[User](tag, "users") {[0m
2025.11.10 21:29:11 ERROR ^[0m
2025.11.10 21:29:11 ERROR /home/kasukabe/schedule_kokubunji/backend/src/main/scala/table/UserTable.scala:21:26: could not find implicit value for parameter tt: slick.ast.TypedType[enum.Role][0m
2025.11.10 21:29:11 ERROR def role = column[Role]("role")[0m
2025.11.10 21:29:11 ERROR ^[0m
2025.11.10 21:29:11 ERROR /home/kasukabe/schedule_kokubunji/backend/src/main/scala/utility/JwtUtil.scala:7:16: object Constants is not a member of package utility[0m
2025.11.10 21:29:11 ERROR import utility.Constants[0m
2025.11.10 21:29:11 ERROR ^[0m
2025.11.10 21:29:11 ERROR /home/kasukabe/schedule_kokubunji/backend/src/main/scala/utility/JwtUtil.scala:33:31: not found: type Format[0m
2025.11.10 21:29:11 ERROR implicit val jwtContent : Format[JwtContent] = Json.format[JwtContent][0m
2025.11.10 21:29:11 ERROR ^[0m
2025.11.10 21:29:11 ERROR /home/kasukabe/schedule_kokubunji/backend/src/main/scala/utility/JwtUtil.scala:27:44: not found: value Constants[0m
2025.11.10 21:29:11 ERROR private val expirationSeconds : Long = Constants.JwtExpirationSeconds[0m
2025.11.10 21:29:11 ERROR ^[0m
2025.11.10 21:29:11 ERROR /home/kasukabe/schedule_kokubunji/backend/src/main/scala/utility/JwtUtil.scala:33:52: not found: value Json[0m
2025.11.10 21:29:11 ERROR implicit val jwtContent : Format[JwtContent] = Json.format[JwtContent][0m
2025.11.10 21:29:11 ERROR ^[0m
2025.11.10 21:29:11 ERROR /home/kasukabe/schedule_kokubunji/backend/src/main/scala/utility/JwtUtil.scala:43:35: not found: value Json[0m
2025.11.10 21:29:11 ERROR val tmpContent : String = Json.stringify(Json.toJson(JwtContent(id, role)))[0m
2025.11.10 21:29:11 ERROR ^[0m
2025.11.10 21:29:11 ERROR /home/kasukabe/schedule_kokubunji/backend/src/main/scala/utility/JwtUtil.scala:43:50: not found: value Json[0m
2025.11.10 21:29:11 ERROR val tmpContent : String = Json.stringify(Json.toJson(JwtContent(id, role)))[0m
2025.11.10 21:29:11 ERROR ^[0m
2025.11.10 21:29:11 ERROR 24 errors found[0m
2025.11.10 21:29:11 INFO  time: compiled root in 0.58s[0m
2025.11.10 21:29:11 ERROR (Compile / compileIncremental) Compilation failed[0m
2025.11.10 21:29:12 INFO  Scala main classes not supported by server
org.eclipse.lsp4j.jsonrpc.ResponseErrorException: (Compile / compileIncremental) Compilation failed
	at org.eclipse.lsp4j.jsonrpc.RemoteEndpoint.handleResponse(RemoteEndpoint.java:220)
	at org.eclipse.lsp4j.jsonrpc.RemoteEndpoint.consume(RemoteEndpoint.java:204)
	at scala.meta.internal.metals.RequestMonitorImpl$$anon$1.consume(ServerLivenessMonitor.scala:41)
	at org.eclipse.lsp4j.jsonrpc.json.StreamMessageProducer.handleMessage(StreamMessageProducer.java:185)
	at org.eclipse.lsp4j.jsonrpc.json.StreamMessageProducer.listen(StreamMessageProducer.java:97)
	at org.eclipse.lsp4j.jsonrpc.json.ConcurrentMessageProcessor.run(ConcurrentMessageProcessor.java:114)
	at java.util.concurrent.Executors$RunnableAdapter.call(Executors.java:539)
	at java.util.concurrent.FutureTask.run(FutureTask.java:264)
	at java.util.concurrent.ThreadPoolExecutor.runWorker(ThreadPoolExecutor.java:1136)
	at java.util.concurrent.ThreadPoolExecutor$Worker.run(ThreadPoolExecutor.java:635)
	at java.lang.Thread.run(Thread.java:840)
[0m
2025.11.10 21:29:11 INFO  Processing buildTarget/scalaTestClasses[0m
2025.11.10 21:29:16 INFO  Processing buildTarget/compile[0m
2025.11.10 21:29:16 INFO  compiling root[0m
2025.11.10 21:29:16 INFO  compiling 16 Scala sources and 1 Java source to /home/kasukabe/schedule_kokubunji/backend/target/scala-2.13/classes ...[0m
2025.11.10 21:29:16 ERROR /home/kasukabe/schedule_kokubunji/backend/src/main/scala/controller/AuthController.scala:8:32: '}' expected but '.' found.[0m
2025.11.10 21:29:16 ERROR import enum.{Role, RoleMappings._}[0m
2025.11.10 21:29:16 ERROR ^[0m
2025.11.10 21:29:16 ERROR one error found[0m
2025.11.10 21:29:16 INFO  time: compiled root in 0.18s[0m
2025.11.10 21:29:16 ERROR (Compile / compileIncremental) Compilation failed[0m
2025.11.10 21:29:16 INFO  Cancelling compilation on sbt server
org.eclipse.lsp4j.jsonrpc.ResponseErrorException: (Compile / compileIncremental) Compilation failed
	at org.eclipse.lsp4j.jsonrpc.RemoteEndpoint.handleResponse(RemoteEndpoint.java:220)
	at org.eclipse.lsp4j.jsonrpc.RemoteEndpoint.consume(RemoteEndpoint.java:204)
	at scala.meta.internal.metals.RequestMonitorImpl$$anon$1.consume(ServerLivenessMonitor.scala:41)
	at org.eclipse.lsp4j.jsonrpc.json.StreamMessageProducer.handleMessage(StreamMessageProducer.java:185)
	at org.eclipse.lsp4j.jsonrpc.json.StreamMessageProducer.listen(StreamMessageProducer.java:97)
	at org.eclipse.lsp4j.jsonrpc.json.ConcurrentMessageProcessor.run(ConcurrentMessageProcessor.java:114)
	at java.util.concurrent.Executors$RunnableAdapter.call(Executors.java:539)
	at java.util.concurrent.FutureTask.run(FutureTask.java:264)
	at java.util.concurrent.ThreadPoolExecutor.runWorker(ThreadPoolExecutor.java:1136)
	at java.util.concurrent.ThreadPoolExecutor$Worker.run(ThreadPoolExecutor.java:635)
	at java.lang.Thread.run(Thread.java:840)
[0m
2025.11.10 21:29:16 INFO  Processing buildTarget/scalaTestClasses[0m
2025.11.10 21:29:16 INFO  Processing buildTarget/scalaMainClasses[0m
2025.11.10 21:29:16 INFO  compiling root[0m
2025.11.10 21:29:16 INFO  compiling 16 Scala sources and 1 Java source to /home/kasukabe/schedule_kokubunji/backend/target/scala-2.13/classes ...[0m
2025.11.10 21:29:16 ERROR /home/kasukabe/schedule_kokubunji/backend/src/main/scala/controller/AuthController.scala:8:32: '}' expected but '.' found.[0m
2025.11.10 21:29:16 ERROR import enum.{Role, RoleMappings._}[0m
2025.11.10 21:29:16 ERROR ^[0m
2025.11.10 21:29:16 ERROR one error found[0m
2025.11.10 21:29:16 INFO  time: compiled root in 59ms[0m
2025.11.10 21:29:16 ERROR (Compile / compileIncremental) Compilation failed[0m
2025.11.10 21:29:16 INFO  Scala main classes not supported by server
org.eclipse.lsp4j.jsonrpc.ResponseErrorException: (Compile / compileIncremental) Compilation failed
	at org.eclipse.lsp4j.jsonrpc.RemoteEndpoint.handleResponse(RemoteEndpoint.java:220)
	at org.eclipse.lsp4j.jsonrpc.RemoteEndpoint.consume(RemoteEndpoint.java:204)
	at scala.meta.internal.metals.RequestMonitorImpl$$anon$1.consume(ServerLivenessMonitor.scala:41)
	at org.eclipse.lsp4j.jsonrpc.json.StreamMessageProducer.handleMessage(StreamMessageProducer.java:185)
	at org.eclipse.lsp4j.jsonrpc.json.StreamMessageProducer.listen(StreamMessageProducer.java:97)
	at org.eclipse.lsp4j.jsonrpc.json.ConcurrentMessageProcessor.run(ConcurrentMessageProcessor.java:114)
	at java.util.concurrent.Executors$RunnableAdapter.call(Executors.java:539)
	at java.util.concurrent.FutureTask.run(FutureTask.java:264)
	at java.util.concurrent.ThreadPoolExecutor.runWorker(ThreadPoolExecutor.java:1136)
	at java.util.concurrent.ThreadPoolExecutor$Worker.run(ThreadPoolExecutor.java:635)
	at java.lang.Thread.run(Thread.java:840)
[0m
2025.11.10 21:29:34 INFO  Processing buildTarget/compile[0m
2025.11.10 21:29:34 INFO  compiling root[0m
2025.11.10 21:29:34 INFO  compiling 16 Scala sources and 1 Java source to /home/kasukabe/schedule_kokubunji/backend/target/scala-2.13/classes ...[0m
2025.11.10 21:29:34 ERROR /home/kasukabe/schedule_kokubunji/backend/src/main/scala/controller/AuthController.scala:8:32: '}' expected but '.' found.[0m
2025.11.10 21:29:34 ERROR import enum.{Role, RoleMappings._}[0m
2025.11.10 21:29:34 ERROR ^[0m
2025.11.10 21:29:34 ERROR one error found[0m
2025.11.10 21:29:34 INFO  time: compiled root in 88ms[0m
2025.11.10 21:29:34 ERROR (Compile / compileIncremental) Compilation failed[0m
2025.11.10 21:29:34 INFO  Cancelling compilation on sbt server
org.eclipse.lsp4j.jsonrpc.ResponseErrorException: (Compile / compileIncremental) Compilation failed
	at org.eclipse.lsp4j.jsonrpc.RemoteEndpoint.handleResponse(RemoteEndpoint.java:220)
	at org.eclipse.lsp4j.jsonrpc.RemoteEndpoint.consume(RemoteEndpoint.java:204)
	at scala.meta.internal.metals.RequestMonitorImpl$$anon$1.consume(ServerLivenessMonitor.scala:41)
	at org.eclipse.lsp4j.jsonrpc.json.StreamMessageProducer.handleMessage(StreamMessageProducer.java:185)
	at org.eclipse.lsp4j.jsonrpc.json.StreamMessageProducer.listen(StreamMessageProducer.java:97)
	at org.eclipse.lsp4j.jsonrpc.json.ConcurrentMessageProcessor.run(ConcurrentMessageProcessor.java:114)
	at java.util.concurrent.Executors$RunnableAdapter.call(Executors.java:539)
	at java.util.concurrent.FutureTask.run(FutureTask.java:264)
	at java.util.concurrent.ThreadPoolExecutor.runWorker(ThreadPoolExecutor.java:1136)
	at java.util.concurrent.ThreadPoolExecutor$Worker.run(ThreadPoolExecutor.java:635)
	at java.lang.Thread.run(Thread.java:840)
[0m
2025.11.10 21:29:34 INFO  Processing buildTarget/scalaMainClasses[0m
2025.11.10 21:29:34 INFO  compiling root[0m
2025.11.10 21:29:34 INFO  compiling 16 Scala sources and 1 Java source to /home/kasukabe/schedule_kokubunji/backend/target/scala-2.13/classes ...[0m
2025.11.10 21:29:34 ERROR /home/kasukabe/schedule_kokubunji/backend/src/main/scala/controller/AuthController.scala:8:32: '}' expected but '.' found.[0m
2025.11.10 21:29:34 ERROR import enum.{Role, RoleMappings._}[0m
2025.11.10 21:29:34 ERROR ^[0m
2025.11.10 21:29:34 ERROR one error found[0m
2025.11.10 21:29:34 INFO  time: compiled root in 47ms[0m
2025.11.10 21:29:34 ERROR (Compile / compileIncremental) Compilation failed[0m
2025.11.10 21:29:35 INFO  Scala main classes not supported by server
org.eclipse.lsp4j.jsonrpc.ResponseErrorException: (Compile / compileIncremental) Compilation failed
	at org.eclipse.lsp4j.jsonrpc.RemoteEndpoint.handleResponse(RemoteEndpoint.java:220)
	at org.eclipse.lsp4j.jsonrpc.RemoteEndpoint.consume(RemoteEndpoint.java:204)
	at scala.meta.internal.metals.RequestMonitorImpl$$anon$1.consume(ServerLivenessMonitor.scala:41)
	at org.eclipse.lsp4j.jsonrpc.json.StreamMessageProducer.handleMessage(StreamMessageProducer.java:185)
	at org.eclipse.lsp4j.jsonrpc.json.StreamMessageProducer.listen(StreamMessageProducer.java:97)
	at org.eclipse.lsp4j.jsonrpc.json.ConcurrentMessageProcessor.run(ConcurrentMessageProcessor.java:114)
	at java.util.concurrent.Executors$RunnableAdapter.call(Executors.java:539)
	at java.util.concurrent.FutureTask.run(FutureTask.java:264)
	at java.util.concurrent.ThreadPoolExecutor.runWorker(ThreadPoolExecutor.java:1136)
	at java.util.concurrent.ThreadPoolExecutor$Worker.run(ThreadPoolExecutor.java:635)
	at java.lang.Thread.run(Thread.java:840)
[0m
2025.11.10 21:29:34 INFO  Processing buildTarget/scalaTestClasses[0m
2025.11.10 21:29:42 INFO  Processing buildTarget/compile[0m
2025.11.10 21:29:42 INFO  compiling root[0m
2025.11.10 21:29:42 INFO  compiling 16 Scala sources and 1 Java source to /home/kasukabe/schedule_kokubunji/backend/target/scala-2.13/classes ...[0m
2025.11.10 21:29:42 ERROR /home/kasukabe/schedule_kokubunji/backend/src/main/scala/controller/AuthController.scala:29:72: No instance of play.api.libs.json.Format is available for enum.Role in the implicit scope (Hint: if declared in the same file, make sure it's declared before)[0m
2025.11.10 21:29:42 ERROR implicit val registerFormat : Format[RegisterRequest] = Json.format[RegisterRequest][0m
2025.11.10 21:29:42 ERROR ^[0m
2025.11.10 21:29:42 ERROR /home/kasukabe/schedule_kokubunji/backend/src/main/scala/service/AuthService.scala:41:71: not found: type User[0m
2025.11.10 21:29:42 ERROR def authenticate(username: String, password: String): Future[Option[User]] = {[0m
2025.11.10 21:29:42 ERROR ^[0m
2025.11.10 21:29:42 ERROR /home/kasukabe/schedule_kokubunji/backend/src/main/scala/controller/AuthController.scala:65:63: value id is not a member of Any[0m
2025.11.10 21:29:42 ERROR val token : String = jwtUtil.createToken(user.id, user.role)[0m
2025.11.10 21:29:42 ERROR ^[0m
2025.11.10 21:29:42 ERROR /home/kasukabe/schedule_kokubunji/backend/src/main/scala/controller/AuthController.scala:65:72: value role is not a member of Any[0m
2025.11.10 21:29:42 ERROR val token : String = jwtUtil.createToken(user.id, user.role)[0m
2025.11.10 21:29:42 ERROR ^[0m
2025.11.10 21:29:42 ERROR /home/kasukabe/schedule_kokubunji/backend/src/main/scala/controller/AuthController.scala:69:32: value role is not a member of Any[0m
2025.11.10 21:29:42 ERROR "role" -> user.role[0m
2025.11.10 21:29:42 ERROR ^[0m
2025.11.10 21:29:42 ERROR /home/kasukabe/schedule_kokubunji/backend/src/main/scala/controller/TestController.scala:18:26: not found: value StudentTable[0m
2025.11.10 21:29:42 ERROR private val students = StudentTable.students[0m
2025.11.10 21:29:42 ERROR ^[0m
2025.11.10 21:29:42 ERROR /home/kasukabe/schedule_kokubunji/backend/src/main/scala/controller/TestController.scala:20:39: not found: type Student[0m
2025.11.10 21:29:42 ERROR implicit val studentWrites: OWrites[Student] = Json.writes[Student][0m
2025.11.10 21:29:42 ERROR ^[0m
2025.11.10 21:29:42 ERROR /home/kasukabe/schedule_kokubunji/backend/src/main/scala/controller/TestController.scala:20:62: not found: type Student[0m
2025.11.10 21:29:42 ERROR implicit val studentWrites: OWrites[Student] = Json.writes[Student][0m
2025.11.10 21:29:42 ERROR ^[0m
2025.11.10 21:29:42 ERROR /home/kasukabe/schedule_kokubunji/backend/src/main/scala/repository/UserRepository.scala:5:8: not found: object tables[0m
2025.11.10 21:29:42 ERROR import tables.UserTable[0m
2025.11.10 21:29:42 ERROR ^[0m
2025.11.10 21:29:42 ERROR /home/kasukabe/schedule_kokubunji/backend/src/main/scala/repository/UserRepository.scala:24:36: not found: type UserTable[0m
2025.11.10 21:29:42 ERROR private val users : TableQuery[UserTable] = UserTable.methods[0m
2025.11.10 21:29:42 ERROR ^[0m
2025.11.10 21:29:42 ERROR /home/kasukabe/schedule_kokubunji/backend/src/main/scala/repository/UserRepository.scala:24:49: not found: value UserTable[0m
2025.11.10 21:29:42 ERROR private val users : TableQuery[UserTable] = UserTable.methods[0m
2025.11.10 21:29:42 ERROR ^[0m
2025.11.10 21:29:42 ERROR /home/kasukabe/schedule_kokubunji/backend/src/main/scala/repository/UserRepository.scala:45:28: ambiguous implicit values:
 both value BooleanColumnCanBeQueryCondition in object CanBeQueryCondition of type slick.lifted.CanBeQueryCondition[slick.lifted.Rep[Boolean]]
 and value BooleanOptionColumnCanBeQueryCondition in object CanBeQueryCondition of type slick.lifted.CanBeQueryCondition[slick.lifted.Rep[Option[Boolean]]]
 match expected type slick.lifted.CanBeQueryCondition[Nothing][0m
2025.11.10 21:29:42 ERROR db.run(users.filter(_.username === username).result.headOption)[0m
2025.11.10 21:29:42 ERROR ^[0m
2025.11.10 21:29:42 ERROR /home/kasukabe/schedule_kokubunji/backend/src/main/scala/security/SecuredAction.scala:22:69: not found: type JwtUtil[0m
2025.11.10 21:29:42 ERROR class SecuredAction @Inject()(parser: BodyParsers.Default, jwtUtil: JwtUtil)[0m
2025.11.10 21:29:42 ERROR ^[0m
2025.11.10 21:29:42 ERROR /home/kasukabe/schedule_kokubunji/backend/src/main/scala/security/SecuredAction.scala:35:80: type mismatch;
 found   : Option[String]
 required: String[0m
2025.11.10 21:29:42 ERROR val maybeToken : String = request.headers.get("Authorization").flatMap { header =>[0m
2025.11.10 21:29:42 ERROR ^[0m
2025.11.10 21:29:42 ERROR /home/kasukabe/schedule_kokubunji/backend/src/main/scala/service/AuthService.scala:20:46: not found: type UserRepository[0m
2025.11.10 21:29:42 ERROR class AuthService @Inject() (userRepository: UserRepository)[0m
2025.11.10 21:29:42 ERROR ^[0m
2025.11.10 21:29:42 ERROR /home/kasukabe/schedule_kokubunji/backend/src/main/scala/table/UserTable.scala:17:41: not found: type User[0m
2025.11.10 21:29:42 ERROR class UserTable(tag: Tag) extends Table[User](tag, "users") {[0m
2025.11.10 21:29:42 ERROR ^[0m
2025.11.10 21:29:42 ERROR /home/kasukabe/schedule_kokubunji/backend/src/main/scala/table/UserTable.scala:21:26: could not find implicit value for parameter tt: slick.ast.TypedType[enum.Role][0m
2025.11.10 21:29:42 ERROR def role = column[Role]("role")[0m
2025.11.10 21:29:42 ERROR ^[0m
2025.11.10 21:29:42 ERROR /home/kasukabe/schedule_kokubunji/backend/src/main/scala/utility/JwtUtil.scala:7:16: object Constants is not a member of package utility[0m
2025.11.10 21:29:42 ERROR import utility.Constants[0m
2025.11.10 21:29:42 ERROR ^[0m
2025.11.10 21:29:42 ERROR /home/kasukabe/schedule_kokubunji/backend/src/main/scala/utility/JwtUtil.scala:33:31: not found: type Format[0m
2025.11.10 21:29:42 ERROR implicit val jwtContent : Format[JwtContent] = Json.format[JwtContent][0m
2025.11.10 21:29:42 ERROR ^[0m
2025.11.10 21:29:42 ERROR /home/kasukabe/schedule_kokubunji/backend/src/main/scala/utility/JwtUtil.scala:27:44: not found: value Constants[0m
2025.11.10 21:29:42 ERROR private val expirationSeconds : Long = Constants.JwtExpirationSeconds[0m
2025.11.10 21:29:42 ERROR ^[0m
2025.11.10 21:29:42 ERROR /home/kasukabe/schedule_kokubunji/backend/src/main/scala/utility/JwtUtil.scala:33:52: not found: value Json[0m
2025.11.10 21:29:42 ERROR implicit val jwtContent : Format[JwtContent] = Json.format[JwtContent][0m
2025.11.10 21:29:42 ERROR ^[0m
2025.11.10 21:29:42 ERROR /home/kasukabe/schedule_kokubunji/backend/src/main/scala/utility/JwtUtil.scala:43:35: not found: value Json[0m
2025.11.10 21:29:42 ERROR val tmpContent : String = Json.stringify(Json.toJson(JwtContent(id, role)))[0m
2025.11.10 21:29:42 ERROR ^[0m
2025.11.10 21:29:42 ERROR /home/kasukabe/schedule_kokubunji/backend/src/main/scala/utility/JwtUtil.scala:43:50: not found: value Json[0m
2025.11.10 21:29:42 ERROR val tmpContent : String = Json.stringify(Json.toJson(JwtContent(id, role)))[0m
2025.11.10 21:29:42 ERROR ^[0m
2025.11.10 21:29:42 ERROR 23 errors found[0m
2025.11.10 21:29:42 INFO  time: compiled root in 0.54s[0m
2025.11.10 21:29:42 ERROR (Compile / compileIncremental) Compilation failed[0m
2025.11.10 21:29:43 INFO  Cancelling compilation on sbt server
org.eclipse.lsp4j.jsonrpc.ResponseErrorException: (Compile / compileIncremental) Compilation failed
	at org.eclipse.lsp4j.jsonrpc.RemoteEndpoint.handleResponse(RemoteEndpoint.java:220)
	at org.eclipse.lsp4j.jsonrpc.RemoteEndpoint.consume(RemoteEndpoint.java:204)
	at scala.meta.internal.metals.RequestMonitorImpl$$anon$1.consume(ServerLivenessMonitor.scala:41)
	at org.eclipse.lsp4j.jsonrpc.json.StreamMessageProducer.handleMessage(StreamMessageProducer.java:185)
	at org.eclipse.lsp4j.jsonrpc.json.StreamMessageProducer.listen(StreamMessageProducer.java:97)
	at org.eclipse.lsp4j.jsonrpc.json.ConcurrentMessageProcessor.run(ConcurrentMessageProcessor.java:114)
	at java.util.concurrent.Executors$RunnableAdapter.call(Executors.java:539)
	at java.util.concurrent.FutureTask.run(FutureTask.java:264)
	at java.util.concurrent.ThreadPoolExecutor.runWorker(ThreadPoolExecutor.java:1136)
	at java.util.concurrent.ThreadPoolExecutor$Worker.run(ThreadPoolExecutor.java:635)
	at java.lang.Thread.run(Thread.java:840)
[0m
2025.11.10 21:29:42 INFO  Processing buildTarget/scalaTestClasses[0m
2025.11.10 21:29:42 INFO  Processing buildTarget/scalaMainClasses[0m
2025.11.10 21:29:42 INFO  compiling root[0m
2025.11.10 21:29:42 INFO  compiling 16 Scala sources and 1 Java source to /home/kasukabe/schedule_kokubunji/backend/target/scala-2.13/classes ...[0m
2025.11.10 21:29:42 ERROR /home/kasukabe/schedule_kokubunji/backend/src/main/scala/controller/AuthController.scala:29:72: No instance of play.api.libs.json.Format is available for enum.Role in the implicit scope (Hint: if declared in the same file, make sure it's declared before)[0m
2025.11.10 21:29:42 ERROR implicit val registerFormat : Format[RegisterRequest] = Json.format[RegisterRequest][0m
2025.11.10 21:29:42 ERROR ^[0m
2025.11.10 21:29:42 ERROR /home/kasukabe/schedule_kokubunji/backend/src/main/scala/service/AuthService.scala:41:71: not found: type User[0m
2025.11.10 21:29:42 ERROR def authenticate(username: String, password: String): Future[Option[User]] = {[0m
2025.11.10 21:29:42 ERROR ^[0m
2025.11.10 21:29:42 ERROR /home/kasukabe/schedule_kokubunji/backend/src/main/scala/controller/AuthController.scala:65:63: value id is not a member of Any[0m
2025.11.10 21:29:42 ERROR val token : String = jwtUtil.createToken(user.id, user.role)[0m
2025.11.10 21:29:42 ERROR ^[0m
2025.11.10 21:29:42 ERROR /home/kasukabe/schedule_kokubunji/backend/src/main/scala/controller/AuthController.scala:65:72: value role is not a member of Any[0m
2025.11.10 21:29:42 ERROR val token : String = jwtUtil.createToken(user.id, user.role)[0m
2025.11.10 21:29:42 ERROR ^[0m
2025.11.10 21:29:42 ERROR /home/kasukabe/schedule_kokubunji/backend/src/main/scala/controller/AuthController.scala:69:32: value role is not a member of Any[0m
2025.11.10 21:29:42 ERROR "role" -> user.role[0m
2025.11.10 21:29:42 ERROR ^[0m
2025.11.10 21:29:42 ERROR /home/kasukabe/schedule_kokubunji/backend/src/main/scala/controller/TestController.scala:18:26: not found: value StudentTable[0m
2025.11.10 21:29:42 ERROR private val students = StudentTable.students[0m
2025.11.10 21:29:42 ERROR ^[0m
2025.11.10 21:29:42 ERROR /home/kasukabe/schedule_kokubunji/backend/src/main/scala/controller/TestController.scala:20:39: not found: type Student[0m
2025.11.10 21:29:42 ERROR implicit val studentWrites: OWrites[Student] = Json.writes[Student][0m
2025.11.10 21:29:42 ERROR ^[0m
2025.11.10 21:29:42 ERROR /home/kasukabe/schedule_kokubunji/backend/src/main/scala/controller/TestController.scala:20:62: not found: type Student[0m
2025.11.10 21:29:42 ERROR implicit val studentWrites: OWrites[Student] = Json.writes[Student][0m
2025.11.10 21:29:42 ERROR ^[0m
2025.11.10 21:29:43 ERROR /home/kasukabe/schedule_kokubunji/backend/src/main/scala/repository/UserRepository.scala:5:8: not found: object tables[0m
2025.11.10 21:29:43 ERROR import tables.UserTable[0m
2025.11.10 21:29:43 ERROR ^[0m
2025.11.10 21:29:43 ERROR /home/kasukabe/schedule_kokubunji/backend/src/main/scala/repository/UserRepository.scala:24:36: not found: type UserTable[0m
2025.11.10 21:29:43 ERROR private val users : TableQuery[UserTable] = UserTable.methods[0m
2025.11.10 21:29:43 ERROR ^[0m
2025.11.10 21:29:43 ERROR /home/kasukabe/schedule_kokubunji/backend/src/main/scala/repository/UserRepository.scala:24:49: not found: value UserTable[0m
2025.11.10 21:29:43 ERROR private val users : TableQuery[UserTable] = UserTable.methods[0m
2025.11.10 21:29:43 ERROR ^[0m
2025.11.10 21:29:43 ERROR /home/kasukabe/schedule_kokubunji/backend/src/main/scala/repository/UserRepository.scala:45:28: ambiguous implicit values:
 both value BooleanColumnCanBeQueryCondition in object CanBeQueryCondition of type slick.lifted.CanBeQueryCondition[slick.lifted.Rep[Boolean]]
 and value BooleanOptionColumnCanBeQueryCondition in object CanBeQueryCondition of type slick.lifted.CanBeQueryCondition[slick.lifted.Rep[Option[Boolean]]]
 match expected type slick.lifted.CanBeQueryCondition[Nothing][0m
2025.11.10 21:29:43 ERROR db.run(users.filter(_.username === username).result.headOption)[0m
2025.11.10 21:29:43 ERROR ^[0m
2025.11.10 21:29:43 ERROR /home/kasukabe/schedule_kokubunji/backend/src/main/scala/security/SecuredAction.scala:22:69: not found: type JwtUtil[0m
2025.11.10 21:29:43 ERROR class SecuredAction @Inject()(parser: BodyParsers.Default, jwtUtil: JwtUtil)[0m
2025.11.10 21:29:43 ERROR ^[0m
2025.11.10 21:29:43 ERROR /home/kasukabe/schedule_kokubunji/backend/src/main/scala/security/SecuredAction.scala:35:80: type mismatch;
 found   : Option[String]
 required: String[0m
2025.11.10 21:29:43 ERROR val maybeToken : String = request.headers.get("Authorization").flatMap { header =>[0m
2025.11.10 21:29:43 ERROR ^[0m
2025.11.10 21:29:43 ERROR /home/kasukabe/schedule_kokubunji/backend/src/main/scala/service/AuthService.scala:20:46: not found: type UserRepository[0m
2025.11.10 21:29:43 ERROR class AuthService @Inject() (userRepository: UserRepository)[0m
2025.11.10 21:29:43 ERROR ^[0m
2025.11.10 21:29:43 ERROR /home/kasukabe/schedule_kokubunji/backend/src/main/scala/table/UserTable.scala:17:41: not found: type User[0m
2025.11.10 21:29:43 ERROR class UserTable(tag: Tag) extends Table[User](tag, "users") {[0m
2025.11.10 21:29:43 ERROR ^[0m
2025.11.10 21:29:43 ERROR /home/kasukabe/schedule_kokubunji/backend/src/main/scala/table/UserTable.scala:21:26: could not find implicit value for parameter tt: slick.ast.TypedType[enum.Role][0m
2025.11.10 21:29:43 ERROR def role = column[Role]("role")[0m
2025.11.10 21:29:43 ERROR ^[0m
2025.11.10 21:29:43 ERROR /home/kasukabe/schedule_kokubunji/backend/src/main/scala/utility/JwtUtil.scala:7:16: object Constants is not a member of package utility[0m
2025.11.10 21:29:43 ERROR import utility.Constants[0m
2025.11.10 21:29:43 ERROR ^[0m
2025.11.10 21:29:43 ERROR /home/kasukabe/schedule_kokubunji/backend/src/main/scala/utility/JwtUtil.scala:33:31: not found: type Format[0m
2025.11.10 21:29:43 ERROR implicit val jwtContent : Format[JwtContent] = Json.format[JwtContent][0m
2025.11.10 21:29:43 ERROR ^[0m
2025.11.10 21:29:43 ERROR /home/kasukabe/schedule_kokubunji/backend/src/main/scala/utility/JwtUtil.scala:27:44: not found: value Constants[0m
2025.11.10 21:29:43 ERROR private val expirationSeconds : Long = Constants.JwtExpirationSeconds[0m
2025.11.10 21:29:43 ERROR ^[0m
2025.11.10 21:29:43 ERROR /home/kasukabe/schedule_kokubunji/backend/src/main/scala/utility/JwtUtil.scala:33:52: not found: value Json[0m
2025.11.10 21:29:43 ERROR implicit val jwtContent : Format[JwtContent] = Json.format[JwtContent][0m
2025.11.10 21:29:43 ERROR ^[0m
2025.11.10 21:29:43 ERROR /home/kasukabe/schedule_kokubunji/backend/src/main/scala/utility/JwtUtil.scala:43:35: not found: value Json[0m
2025.11.10 21:29:43 ERROR val tmpContent : String = Json.stringify(Json.toJson(JwtContent(id, role)))[0m
2025.11.10 21:29:43 ERROR ^[0m
2025.11.10 21:29:43 ERROR /home/kasukabe/schedule_kokubunji/backend/src/main/scala/utility/JwtUtil.scala:43:50: not found: value Json[0m
2025.11.10 21:29:43 ERROR val tmpContent : String = Json.stringify(Json.toJson(JwtContent(id, role)))[0m
2025.11.10 21:29:43 ERROR ^[0m
2025.11.10 21:29:43 ERROR 23 errors found[0m
2025.11.10 21:29:43 INFO  time: compiled root in 0.53s[0m
2025.11.10 21:29:43 ERROR (Compile / compileIncremental) Compilation failed[0m
2025.11.10 21:29:43 INFO  Scala main classes not supported by server
org.eclipse.lsp4j.jsonrpc.ResponseErrorException: (Compile / compileIncremental) Compilation failed
	at org.eclipse.lsp4j.jsonrpc.RemoteEndpoint.handleResponse(RemoteEndpoint.java:220)
	at org.eclipse.lsp4j.jsonrpc.RemoteEndpoint.consume(RemoteEndpoint.java:204)
	at scala.meta.internal.metals.RequestMonitorImpl$$anon$1.consume(ServerLivenessMonitor.scala:41)
	at org.eclipse.lsp4j.jsonrpc.json.StreamMessageProducer.handleMessage(StreamMessageProducer.java:185)
	at org.eclipse.lsp4j.jsonrpc.json.StreamMessageProducer.listen(StreamMessageProducer.java:97)
	at org.eclipse.lsp4j.jsonrpc.json.ConcurrentMessageProcessor.run(ConcurrentMessageProcessor.java:114)
	at java.util.concurrent.Executors$RunnableAdapter.call(Executors.java:539)
	at java.util.concurrent.FutureTask.run(FutureTask.java:264)
	at java.util.concurrent.ThreadPoolExecutor.runWorker(ThreadPoolExecutor.java:1136)
	at java.util.concurrent.ThreadPoolExecutor$Worker.run(ThreadPoolExecutor.java:635)
	at java.lang.Thread.run(Thread.java:840)
[0m
2025.11.10 21:29:47 INFO  Processing buildTarget/compile[0m
2025.11.10 21:30:35 INFO  Processing buildTarget/compile[0m
2025.11.10 21:30:35 INFO  compiling root[0m
2025.11.10 21:30:35 INFO  compiling 16 Scala sources and 1 Java source to /home/kasukabe/schedule_kokubunji/backend/target/scala-2.13/classes ...[0m
2025.11.10 21:30:35 ERROR /home/kasukabe/schedule_kokubunji/backend/src/main/scala/controller/AuthController.scala:29:72: No instance of play.api.libs.json.Format is available for enum.Role in the implicit scope (Hint: if declared in the same file, make sure it's declared before)[0m
2025.11.10 21:30:35 ERROR implicit val registerFormat : Format[RegisterRequest] = Json.format[RegisterRequest][0m
2025.11.10 21:30:35 ERROR ^[0m
2025.11.10 21:30:35 ERROR /home/kasukabe/schedule_kokubunji/backend/src/main/scala/service/AuthService.scala:41:71: not found: type User[0m
2025.11.10 21:30:35 ERROR def authenticate(username: String, password: String): Future[Option[User]] = {[0m
2025.11.10 21:30:35 ERROR ^[0m
2025.11.10 21:30:35 ERROR /home/kasukabe/schedule_kokubunji/backend/src/main/scala/controller/AuthController.scala:65:63: value id is not a member of Any[0m
2025.11.10 21:30:35 ERROR val token : String = jwtUtil.createToken(user.id, user.role)[0m
2025.11.10 21:30:35 ERROR ^[0m
2025.11.10 21:30:35 ERROR /home/kasukabe/schedule_kokubunji/backend/src/main/scala/controller/AuthController.scala:65:72: value role is not a member of Any[0m
2025.11.10 21:30:35 ERROR val token : String = jwtUtil.createToken(user.id, user.role)[0m
2025.11.10 21:30:35 ERROR ^[0m
2025.11.10 21:30:35 ERROR /home/kasukabe/schedule_kokubunji/backend/src/main/scala/controller/AuthController.scala:69:32: value role is not a member of Any[0m
2025.11.10 21:30:35 ERROR "role" -> user.role[0m
2025.11.10 21:30:35 ERROR ^[0m
2025.11.10 21:30:35 ERROR /home/kasukabe/schedule_kokubunji/backend/src/main/scala/controller/TestController.scala:18:26: not found: value StudentTable[0m
2025.11.10 21:30:35 ERROR private val students = StudentTable.students[0m
2025.11.10 21:30:35 ERROR ^[0m
2025.11.10 21:30:35 ERROR /home/kasukabe/schedule_kokubunji/backend/src/main/scala/controller/TestController.scala:20:39: not found: type Student[0m
2025.11.10 21:30:35 ERROR implicit val studentWrites: OWrites[Student] = Json.writes[Student][0m
2025.11.10 21:30:35 ERROR ^[0m
2025.11.10 21:30:35 ERROR /home/kasukabe/schedule_kokubunji/backend/src/main/scala/controller/TestController.scala:20:62: not found: type Student[0m
2025.11.10 21:30:35 ERROR implicit val studentWrites: OWrites[Student] = Json.writes[Student][0m
2025.11.10 21:30:35 ERROR ^[0m
2025.11.10 21:30:35 ERROR /home/kasukabe/schedule_kokubunji/backend/src/main/scala/repository/UserRepository.scala:5:8: not found: object tables[0m
2025.11.10 21:30:35 ERROR import tables.UserTable[0m
2025.11.10 21:30:35 ERROR ^[0m
2025.11.10 21:30:35 ERROR /home/kasukabe/schedule_kokubunji/backend/src/main/scala/repository/UserRepository.scala:24:36: not found: type UserTable[0m
2025.11.10 21:30:35 ERROR private val users : TableQuery[UserTable] = UserTable.methods[0m
2025.11.10 21:30:35 ERROR ^[0m
2025.11.10 21:30:35 ERROR /home/kasukabe/schedule_kokubunji/backend/src/main/scala/repository/UserRepository.scala:24:49: not found: value UserTable[0m
2025.11.10 21:30:35 ERROR private val users : TableQuery[UserTable] = UserTable.methods[0m
2025.11.10 21:30:35 ERROR ^[0m
2025.11.10 21:30:35 ERROR /home/kasukabe/schedule_kokubunji/backend/src/main/scala/repository/UserRepository.scala:45:28: ambiguous implicit values:
 both value BooleanColumnCanBeQueryCondition in object CanBeQueryCondition of type slick.lifted.CanBeQueryCondition[slick.lifted.Rep[Boolean]]
 and value BooleanOptionColumnCanBeQueryCondition in object CanBeQueryCondition of type slick.lifted.CanBeQueryCondition[slick.lifted.Rep[Option[Boolean]]]
 match expected type slick.lifted.CanBeQueryCondition[Nothing][0m
2025.11.10 21:30:35 ERROR db.run(users.filter(_.username === username).result.headOption)[0m
2025.11.10 21:30:35 ERROR ^[0m
2025.11.10 21:30:35 ERROR /home/kasukabe/schedule_kokubunji/backend/src/main/scala/security/SecuredAction.scala:22:69: not found: type JwtUtil[0m
2025.11.10 21:30:35 ERROR class SecuredAction @Inject()(parser: BodyParsers.Default, jwtUtil: JwtUtil)[0m
2025.11.10 21:30:35 ERROR ^[0m
2025.11.10 21:30:35 ERROR /home/kasukabe/schedule_kokubunji/backend/src/main/scala/security/SecuredAction.scala:35:80: type mismatch;
 found   : Option[String]
 required: String[0m
2025.11.10 21:30:35 ERROR val maybeToken : String = request.headers.get("Authorization").flatMap { header =>[0m
2025.11.10 21:30:35 ERROR ^[0m
2025.11.10 21:30:35 ERROR /home/kasukabe/schedule_kokubunji/backend/src/main/scala/service/AuthService.scala:20:46: not found: type UserRepository[0m
2025.11.10 21:30:35 ERROR class AuthService @Inject() (userRepository: UserRepository)[0m
2025.11.10 21:30:35 ERROR ^[0m
2025.11.10 21:30:35 ERROR /home/kasukabe/schedule_kokubunji/backend/src/main/scala/table/UserTable.scala:17:41: not found: type User[0m
2025.11.10 21:30:35 ERROR class UserTable(tag: Tag) extends Table[User](tag, "users") {[0m
2025.11.10 21:30:35 ERROR ^[0m
2025.11.10 21:30:35 ERROR /home/kasukabe/schedule_kokubunji/backend/src/main/scala/table/UserTable.scala:21:26: could not find implicit value for parameter tt: slick.ast.TypedType[enum.Role][0m
2025.11.10 21:30:35 ERROR def role = column[Role]("role")[0m
2025.11.10 21:30:35 ERROR ^[0m
2025.11.10 21:30:35 ERROR /home/kasukabe/schedule_kokubunji/backend/src/main/scala/utility/JwtUtil.scala:7:16: object Constants is not a member of package utility[0m
2025.11.10 21:30:35 ERROR import utility.Constants[0m
2025.11.10 21:30:35 ERROR ^[0m
2025.11.10 21:30:35 ERROR /home/kasukabe/schedule_kokubunji/backend/src/main/scala/utility/JwtUtil.scala:33:31: not found: type Format[0m
2025.11.10 21:30:35 ERROR implicit val jwtContent : Format[JwtContent] = Json.format[JwtContent][0m
2025.11.10 21:30:35 ERROR ^[0m
2025.11.10 21:30:35 ERROR /home/kasukabe/schedule_kokubunji/backend/src/main/scala/utility/JwtUtil.scala:27:44: not found: value Constants[0m
2025.11.10 21:30:35 ERROR private val expirationSeconds : Long = Constants.JwtExpirationSeconds[0m
2025.11.10 21:30:35 ERROR ^[0m
2025.11.10 21:30:35 ERROR /home/kasukabe/schedule_kokubunji/backend/src/main/scala/utility/JwtUtil.scala:33:52: not found: value Json[0m
2025.11.10 21:30:35 ERROR implicit val jwtContent : Format[JwtContent] = Json.format[JwtContent][0m
2025.11.10 21:30:35 ERROR ^[0m
2025.11.10 21:30:35 ERROR /home/kasukabe/schedule_kokubunji/backend/src/main/scala/utility/JwtUtil.scala:43:35: not found: value Json[0m
2025.11.10 21:30:35 ERROR val tmpContent : String = Json.stringify(Json.toJson(JwtContent(id, role)))[0m
2025.11.10 21:30:35 ERROR ^[0m
2025.11.10 21:30:35 ERROR /home/kasukabe/schedule_kokubunji/backend/src/main/scala/utility/JwtUtil.scala:43:50: not found: value Json[0m
2025.11.10 21:30:35 ERROR val tmpContent : String = Json.stringify(Json.toJson(JwtContent(id, role)))[0m
2025.11.10 21:30:35 ERROR ^[0m
2025.11.10 21:30:35 ERROR 23 errors found[0m
2025.11.10 21:30:35 INFO  time: compiled root in 0.58s[0m
2025.11.10 21:30:35 ERROR (Compile / compileIncremental) Compilation failed[0m
2025.11.10 21:30:36 INFO  Cancelling compilation on sbt server
org.eclipse.lsp4j.jsonrpc.ResponseErrorException: (Compile / compileIncremental) Compilation failed
	at org.eclipse.lsp4j.jsonrpc.RemoteEndpoint.handleResponse(RemoteEndpoint.java:220)
	at org.eclipse.lsp4j.jsonrpc.RemoteEndpoint.consume(RemoteEndpoint.java:204)
	at scala.meta.internal.metals.RequestMonitorImpl$$anon$1.consume(ServerLivenessMonitor.scala:41)
	at org.eclipse.lsp4j.jsonrpc.json.StreamMessageProducer.handleMessage(StreamMessageProducer.java:185)
	at org.eclipse.lsp4j.jsonrpc.json.StreamMessageProducer.listen(StreamMessageProducer.java:97)
	at org.eclipse.lsp4j.jsonrpc.json.ConcurrentMessageProcessor.run(ConcurrentMessageProcessor.java:114)
	at java.util.concurrent.Executors$RunnableAdapter.call(Executors.java:539)
	at java.util.concurrent.FutureTask.run(FutureTask.java:264)
	at java.util.concurrent.ThreadPoolExecutor.runWorker(ThreadPoolExecutor.java:1136)
	at java.util.concurrent.ThreadPoolExecutor$Worker.run(ThreadPoolExecutor.java:635)
	at java.lang.Thread.run(Thread.java:840)
[0m
2025.11.10 21:30:35 INFO  Processing buildTarget/scalaMainClasses[0m
2025.11.10 21:30:35 INFO  compiling root[0m
2025.11.10 21:30:35 INFO  compiling 16 Scala sources and 1 Java source to /home/kasukabe/schedule_kokubunji/backend/target/scala-2.13/classes ...[0m
2025.11.10 21:30:35 ERROR /home/kasukabe/schedule_kokubunji/backend/src/main/scala/controller/AuthController.scala:29:72: No instance of play.api.libs.json.Format is available for enum.Role in the implicit scope (Hint: if declared in the same file, make sure it's declared before)[0m
2025.11.10 21:30:35 ERROR implicit val registerFormat : Format[RegisterRequest] = Json.format[RegisterRequest][0m
2025.11.10 21:30:35 ERROR ^[0m
2025.11.10 21:30:35 ERROR /home/kasukabe/schedule_kokubunji/backend/src/main/scala/service/AuthService.scala:41:71: not found: type User[0m
2025.11.10 21:30:35 ERROR def authenticate(username: String, password: String): Future[Option[User]] = {[0m
2025.11.10 21:30:35 ERROR ^[0m
2025.11.10 21:30:35 ERROR /home/kasukabe/schedule_kokubunji/backend/src/main/scala/controller/AuthController.scala:65:63: value id is not a member of Any[0m
2025.11.10 21:30:35 ERROR val token : String = jwtUtil.createToken(user.id, user.role)[0m
2025.11.10 21:30:35 ERROR ^[0m
2025.11.10 21:30:35 ERROR /home/kasukabe/schedule_kokubunji/backend/src/main/scala/controller/AuthController.scala:65:72: value role is not a member of Any[0m
2025.11.10 21:30:35 ERROR val token : String = jwtUtil.createToken(user.id, user.role)[0m
2025.11.10 21:30:35 ERROR ^[0m
2025.11.10 21:30:35 ERROR /home/kasukabe/schedule_kokubunji/backend/src/main/scala/controller/AuthController.scala:69:32: value role is not a member of Any[0m
2025.11.10 21:30:35 ERROR "role" -> user.role[0m
2025.11.10 21:30:35 ERROR ^[0m
2025.11.10 21:30:35 ERROR /home/kasukabe/schedule_kokubunji/backend/src/main/scala/controller/TestController.scala:18:26: not found: value StudentTable[0m
2025.11.10 21:30:35 ERROR private val students = StudentTable.students[0m
2025.11.10 21:30:35 ERROR ^[0m
2025.11.10 21:30:35 ERROR /home/kasukabe/schedule_kokubunji/backend/src/main/scala/controller/TestController.scala:20:39: not found: type Student[0m
2025.11.10 21:30:35 ERROR implicit val studentWrites: OWrites[Student] = Json.writes[Student][0m
2025.11.10 21:30:35 ERROR ^[0m
2025.11.10 21:30:35 ERROR /home/kasukabe/schedule_kokubunji/backend/src/main/scala/controller/TestController.scala:20:62: not found: type Student[0m
2025.11.10 21:30:35 ERROR implicit val studentWrites: OWrites[Student] = Json.writes[Student][0m
2025.11.10 21:30:35 ERROR ^[0m
2025.11.10 21:30:37 ERROR /home/kasukabe/schedule_kokubunji/backend/src/main/scala/repository/UserRepository.scala:5:8: not found: object tables[0m
2025.11.10 21:30:37 ERROR import tables.UserTable[0m
2025.11.10 21:30:37 ERROR ^[0m
2025.11.10 21:30:37 ERROR /home/kasukabe/schedule_kokubunji/backend/src/main/scala/repository/UserRepository.scala:24:36: not found: type UserTable[0m
2025.11.10 21:30:37 ERROR private val users : TableQuery[UserTable] = UserTable.methods[0m
2025.11.10 21:30:37 ERROR ^[0m
2025.11.10 21:30:37 ERROR /home/kasukabe/schedule_kokubunji/backend/src/main/scala/repository/UserRepository.scala:24:49: not found: value UserTable[0m
2025.11.10 21:30:37 ERROR private val users : TableQuery[UserTable] = UserTable.methods[0m
2025.11.10 21:30:37 ERROR ^[0m
2025.11.10 21:30:37 ERROR /home/kasukabe/schedule_kokubunji/backend/src/main/scala/repository/UserRepository.scala:45:28: ambiguous implicit values:
 both value BooleanColumnCanBeQueryCondition in object CanBeQueryCondition of type slick.lifted.CanBeQueryCondition[slick.lifted.Rep[Boolean]]
 and value BooleanOptionColumnCanBeQueryCondition in object CanBeQueryCondition of type slick.lifted.CanBeQueryCondition[slick.lifted.Rep[Option[Boolean]]]
 match expected type slick.lifted.CanBeQueryCondition[Nothing][0m
2025.11.10 21:30:37 ERROR db.run(users.filter(_.username === username).result.headOption)[0m
2025.11.10 21:30:37 ERROR ^[0m
2025.11.10 21:30:37 ERROR /home/kasukabe/schedule_kokubunji/backend/src/main/scala/security/SecuredAction.scala:22:69: not found: type JwtUtil[0m
2025.11.10 21:30:37 ERROR class SecuredAction @Inject()(parser: BodyParsers.Default, jwtUtil: JwtUtil)[0m
2025.11.10 21:30:37 ERROR ^[0m
2025.11.10 21:30:37 ERROR /home/kasukabe/schedule_kokubunji/backend/src/main/scala/security/SecuredAction.scala:35:80: type mismatch;
 found   : Option[String]
 required: String[0m
2025.11.10 21:30:37 ERROR val maybeToken : String = request.headers.get("Authorization").flatMap { header =>[0m
2025.11.10 21:30:37 ERROR ^[0m
2025.11.10 21:30:37 ERROR /home/kasukabe/schedule_kokubunji/backend/src/main/scala/service/AuthService.scala:20:46: not found: type UserRepository[0m
2025.11.10 21:30:37 ERROR class AuthService @Inject() (userRepository: UserRepository)[0m
2025.11.10 21:30:37 ERROR ^[0m
2025.11.10 21:30:37 ERROR /home/kasukabe/schedule_kokubunji/backend/src/main/scala/table/UserTable.scala:17:41: not found: type User[0m
2025.11.10 21:30:37 ERROR class UserTable(tag: Tag) extends Table[User](tag, "users") {[0m
2025.11.10 21:30:37 ERROR ^[0m
2025.11.10 21:30:37 ERROR /home/kasukabe/schedule_kokubunji/backend/src/main/scala/table/UserTable.scala:21:26: could not find implicit value for parameter tt: slick.ast.TypedType[enum.Role][0m
2025.11.10 21:30:37 ERROR def role = column[Role]("role")[0m
2025.11.10 21:30:37 ERROR ^[0m
2025.11.10 21:30:37 ERROR /home/kasukabe/schedule_kokubunji/backend/src/main/scala/utility/JwtUtil.scala:7:16: object Constants is not a member of package utility[0m
2025.11.10 21:30:37 ERROR import utility.Constants[0m
2025.11.10 21:30:37 ERROR ^[0m
2025.11.10 21:30:37 ERROR /home/kasukabe/schedule_kokubunji/backend/src/main/scala/utility/JwtUtil.scala:33:31: not found: type Format[0m
2025.11.10 21:30:37 ERROR implicit val jwtContent : Format[JwtContent] = Json.format[JwtContent][0m
2025.11.10 21:30:37 ERROR ^[0m
2025.11.10 21:30:37 ERROR /home/kasukabe/schedule_kokubunji/backend/src/main/scala/utility/JwtUtil.scala:27:44: not found: value Constants[0m
2025.11.10 21:30:37 ERROR private val expirationSeconds : Long = Constants.JwtExpirationSeconds[0m
2025.11.10 21:30:37 ERROR ^[0m
2025.11.10 21:30:37 ERROR /home/kasukabe/schedule_kokubunji/backend/src/main/scala/utility/JwtUtil.scala:33:52: not found: value Json[0m
2025.11.10 21:30:37 ERROR implicit val jwtContent : Format[JwtContent] = Json.format[JwtContent][0m
2025.11.10 21:30:37 ERROR ^[0m
2025.11.10 21:30:37 ERROR /home/kasukabe/schedule_kokubunji/backend/src/main/scala/utility/JwtUtil.scala:43:35: not found: value Json[0m
2025.11.10 21:30:37 ERROR val tmpContent : String = Json.stringify(Json.toJson(JwtContent(id, role)))[0m
2025.11.10 21:30:37 ERROR ^[0m
2025.11.10 21:30:37 ERROR /home/kasukabe/schedule_kokubunji/backend/src/main/scala/utility/JwtUtil.scala:43:50: not found: value Json[0m
2025.11.10 21:30:37 ERROR val tmpContent : String = Json.stringify(Json.toJson(JwtContent(id, role)))[0m
2025.11.10 21:30:37 ERROR ^[0m
2025.11.10 21:30:37 ERROR 23 errors found[0m
2025.11.10 21:30:37 INFO  time: compiled root in 0.52s[0m
2025.11.10 21:30:37 ERROR (Compile / compileIncremental) Compilation failed[0m
2025.11.10 21:30:37 INFO  Scala main classes not supported by server
org.eclipse.lsp4j.jsonrpc.ResponseErrorException: (Compile / compileIncremental) Compilation failed
	at org.eclipse.lsp4j.jsonrpc.RemoteEndpoint.handleResponse(RemoteEndpoint.java:220)
	at org.eclipse.lsp4j.jsonrpc.RemoteEndpoint.consume(RemoteEndpoint.java:204)
	at scala.meta.internal.metals.RequestMonitorImpl$$anon$1.consume(ServerLivenessMonitor.scala:41)
	at org.eclipse.lsp4j.jsonrpc.json.StreamMessageProducer.handleMessage(StreamMessageProducer.java:185)
	at org.eclipse.lsp4j.jsonrpc.json.StreamMessageProducer.listen(StreamMessageProducer.java:97)
	at org.eclipse.lsp4j.jsonrpc.json.ConcurrentMessageProcessor.run(ConcurrentMessageProcessor.java:114)
	at java.util.concurrent.Executors$RunnableAdapter.call(Executors.java:539)
	at java.util.concurrent.FutureTask.run(FutureTask.java:264)
	at java.util.concurrent.ThreadPoolExecutor.runWorker(ThreadPoolExecutor.java:1136)
	at java.util.concurrent.ThreadPoolExecutor$Worker.run(ThreadPoolExecutor.java:635)
	at java.lang.Thread.run(Thread.java:840)
[0m
2025.11.10 21:30:37 INFO  Processing buildTarget/scalaTestClasses[0m
2025.11.10 21:30:49 INFO  Processing buildTarget/compile[0m
2025.11.10 21:31:26 INFO  Processing buildTarget/compile[0m
2025.11.10 21:31:26 INFO  compiling root[0m
2025.11.10 21:31:26 INFO  compiling 16 Scala sources and 1 Java source to /home/kasukabe/schedule_kokubunji/backend/target/scala-2.13/classes ...[0m
2025.11.10 21:31:26 ERROR /home/kasukabe/schedule_kokubunji/backend/src/main/scala/controller/AuthController.scala:29:72: No instance of play.api.libs.json.Format is available for enum.Role in the implicit scope (Hint: if declared in the same file, make sure it's declared before)[0m
2025.11.10 21:31:26 ERROR implicit val registerFormat : Format[RegisterRequest] = Json.format[RegisterRequest][0m
2025.11.10 21:31:26 ERROR ^[0m
2025.11.10 21:31:26 ERROR /home/kasukabe/schedule_kokubunji/backend/src/main/scala/service/AuthService.scala:41:71: not found: type User[0m
2025.11.10 21:31:26 ERROR def authenticate(username: String, password: String): Future[Option[User]] = {[0m
2025.11.10 21:31:26 ERROR ^[0m
2025.11.10 21:31:26 ERROR /home/kasukabe/schedule_kokubunji/backend/src/main/scala/controller/AuthController.scala:65:63: value id is not a member of Any[0m
2025.11.10 21:31:26 ERROR val token : String = jwtUtil.createToken(user.id, user.role)[0m
2025.11.10 21:31:26 ERROR ^[0m
2025.11.10 21:31:26 ERROR /home/kasukabe/schedule_kokubunji/backend/src/main/scala/controller/AuthController.scala:65:72: value role is not a member of Any[0m
2025.11.10 21:31:26 ERROR val token : String = jwtUtil.createToken(user.id, user.role)[0m
2025.11.10 21:31:26 ERROR ^[0m
2025.11.10 21:31:26 ERROR /home/kasukabe/schedule_kokubunji/backend/src/main/scala/controller/AuthController.scala:69:32: value role is not a member of Any[0m
2025.11.10 21:31:26 ERROR "role" -> user.role[0m
2025.11.10 21:31:26 ERROR ^[0m
2025.11.10 21:31:26 ERROR /home/kasukabe/schedule_kokubunji/backend/src/main/scala/controller/TestController.scala:18:26: not found: value StudentTable[0m
2025.11.10 21:31:26 ERROR private val students = StudentTable.students[0m
2025.11.10 21:31:26 ERROR ^[0m
2025.11.10 21:31:26 ERROR /home/kasukabe/schedule_kokubunji/backend/src/main/scala/controller/TestController.scala:20:39: not found: type Student[0m
2025.11.10 21:31:26 ERROR implicit val studentWrites: OWrites[Student] = Json.writes[Student][0m
2025.11.10 21:31:26 ERROR ^[0m
2025.11.10 21:31:26 ERROR /home/kasukabe/schedule_kokubunji/backend/src/main/scala/controller/TestController.scala:20:62: not found: type Student[0m
2025.11.10 21:31:26 ERROR implicit val studentWrites: OWrites[Student] = Json.writes[Student][0m
2025.11.10 21:31:26 ERROR ^[0m
2025.11.10 21:31:26 ERROR /home/kasukabe/schedule_kokubunji/backend/src/main/scala/repository/UserRepository.scala:5:8: not found: object tables[0m
2025.11.10 21:31:26 ERROR import tables.UserTable[0m
2025.11.10 21:31:26 ERROR ^[0m
2025.11.10 21:31:26 ERROR /home/kasukabe/schedule_kokubunji/backend/src/main/scala/repository/UserRepository.scala:24:36: not found: type UserTable[0m
2025.11.10 21:31:26 ERROR private val users : TableQuery[UserTable] = UserTable.methods[0m
2025.11.10 21:31:26 ERROR ^[0m
2025.11.10 21:31:26 ERROR /home/kasukabe/schedule_kokubunji/backend/src/main/scala/repository/UserRepository.scala:24:49: not found: value UserTable[0m
2025.11.10 21:31:26 ERROR private val users : TableQuery[UserTable] = UserTable.methods[0m
2025.11.10 21:31:26 ERROR ^[0m
2025.11.10 21:31:26 ERROR /home/kasukabe/schedule_kokubunji/backend/src/main/scala/repository/UserRepository.scala:45:28: ambiguous implicit values:
 both value BooleanColumnCanBeQueryCondition in object CanBeQueryCondition of type slick.lifted.CanBeQueryCondition[slick.lifted.Rep[Boolean]]
 and value BooleanOptionColumnCanBeQueryCondition in object CanBeQueryCondition of type slick.lifted.CanBeQueryCondition[slick.lifted.Rep[Option[Boolean]]]
 match expected type slick.lifted.CanBeQueryCondition[Nothing][0m
2025.11.10 21:31:26 ERROR db.run(users.filter(_.username === username).result.headOption)[0m
2025.11.10 21:31:26 ERROR ^[0m
2025.11.10 21:31:26 ERROR /home/kasukabe/schedule_kokubunji/backend/src/main/scala/security/SecuredAction.scala:22:69: not found: type JwtUtil[0m
2025.11.10 21:31:26 ERROR class SecuredAction @Inject()(parser: BodyParsers.Default, jwtUtil: JwtUtil)[0m
2025.11.10 21:31:26 ERROR ^[0m
2025.11.10 21:31:26 ERROR /home/kasukabe/schedule_kokubunji/backend/src/main/scala/security/SecuredAction.scala:35:80: type mismatch;
 found   : Option[String]
 required: String[0m
2025.11.10 21:31:26 ERROR val maybeToken : String = request.headers.get("Authorization").flatMap { header =>[0m
2025.11.10 21:31:26 ERROR ^[0m
2025.11.10 21:31:26 ERROR /home/kasukabe/schedule_kokubunji/backend/src/main/scala/service/AuthService.scala:20:46: not found: type UserRepository[0m
2025.11.10 21:31:26 ERROR class AuthService @Inject() (userRepository: UserRepository)[0m
2025.11.10 21:31:26 ERROR ^[0m
2025.11.10 21:31:26 ERROR /home/kasukabe/schedule_kokubunji/backend/src/main/scala/table/UserTable.scala:17:41: not found: type User[0m
2025.11.10 21:31:26 ERROR class UserTable(tag: Tag) extends Table[User](tag, "users") {[0m
2025.11.10 21:31:26 ERROR ^[0m
2025.11.10 21:31:26 ERROR /home/kasukabe/schedule_kokubunji/backend/src/main/scala/table/UserTable.scala:21:26: could not find implicit value for parameter tt: slick.ast.TypedType[enum.Role][0m
2025.11.10 21:31:26 ERROR def role = column[Role]("role")[0m
2025.11.10 21:31:26 ERROR ^[0m
2025.11.10 21:31:26 ERROR /home/kasukabe/schedule_kokubunji/backend/src/main/scala/utility/JwtUtil.scala:7:16: object Constants is not a member of package utility[0m
2025.11.10 21:31:26 ERROR import utility.Constants[0m
2025.11.10 21:31:26 ERROR ^[0m
2025.11.10 21:31:26 ERROR /home/kasukabe/schedule_kokubunji/backend/src/main/scala/utility/JwtUtil.scala:33:31: not found: type Format[0m
2025.11.10 21:31:26 ERROR implicit val jwtContent : Format[JwtContent] = Json.format[JwtContent][0m
2025.11.10 21:31:26 ERROR ^[0m
2025.11.10 21:31:26 ERROR /home/kasukabe/schedule_kokubunji/backend/src/main/scala/utility/JwtUtil.scala:27:44: not found: value Constants[0m
2025.11.10 21:31:26 ERROR private val expirationSeconds : Long = Constants.JwtExpirationSeconds[0m
2025.11.10 21:31:26 ERROR ^[0m
2025.11.10 21:31:26 ERROR /home/kasukabe/schedule_kokubunji/backend/src/main/scala/utility/JwtUtil.scala:33:52: not found: value Json[0m
2025.11.10 21:31:26 ERROR implicit val jwtContent : Format[JwtContent] = Json.format[JwtContent][0m
2025.11.10 21:31:26 ERROR ^[0m
2025.11.10 21:31:26 ERROR /home/kasukabe/schedule_kokubunji/backend/src/main/scala/utility/JwtUtil.scala:43:35: not found: value Json[0m
2025.11.10 21:31:26 ERROR val tmpContent : String = Json.stringify(Json.toJson(JwtContent(id, role)))[0m
2025.11.10 21:31:26 ERROR ^[0m
2025.11.10 21:31:26 ERROR /home/kasukabe/schedule_kokubunji/backend/src/main/scala/utility/JwtUtil.scala:43:50: not found: value Json[0m
2025.11.10 21:31:26 ERROR val tmpContent : String = Json.stringify(Json.toJson(JwtContent(id, role)))[0m
2025.11.10 21:31:26 ERROR ^[0m
2025.11.10 21:31:26 ERROR 23 errors found[0m
2025.11.10 21:31:26 INFO  time: compiled root in 0.61s[0m
2025.11.10 21:31:26 ERROR (Compile / compileIncremental) Compilation failed[0m
2025.11.10 21:31:27 INFO  Cancelling compilation on sbt server
org.eclipse.lsp4j.jsonrpc.ResponseErrorException: (Compile / compileIncremental) Compilation failed
	at org.eclipse.lsp4j.jsonrpc.RemoteEndpoint.handleResponse(RemoteEndpoint.java:220)
	at org.eclipse.lsp4j.jsonrpc.RemoteEndpoint.consume(RemoteEndpoint.java:204)
	at scala.meta.internal.metals.RequestMonitorImpl$$anon$1.consume(ServerLivenessMonitor.scala:41)
	at org.eclipse.lsp4j.jsonrpc.json.StreamMessageProducer.handleMessage(StreamMessageProducer.java:185)
	at org.eclipse.lsp4j.jsonrpc.json.StreamMessageProducer.listen(StreamMessageProducer.java:97)
	at org.eclipse.lsp4j.jsonrpc.json.ConcurrentMessageProcessor.run(ConcurrentMessageProcessor.java:114)
	at java.util.concurrent.Executors$RunnableAdapter.call(Executors.java:539)
	at java.util.concurrent.FutureTask.run(FutureTask.java:264)
	at java.util.concurrent.ThreadPoolExecutor.runWorker(ThreadPoolExecutor.java:1136)
	at java.util.concurrent.ThreadPoolExecutor$Worker.run(ThreadPoolExecutor.java:635)
	at java.lang.Thread.run(Thread.java:840)
[0m
2025.11.10 21:31:26 INFO  Processing buildTarget/scalaMainClasses[0m
2025.11.10 21:31:26 INFO  compiling root[0m
2025.11.10 21:31:26 INFO  compiling 16 Scala sources and 1 Java source to /home/kasukabe/schedule_kokubunji/backend/target/scala-2.13/classes ...[0m
2025.11.10 21:31:26 ERROR /home/kasukabe/schedule_kokubunji/backend/src/main/scala/controller/AuthController.scala:29:72: No instance of play.api.libs.json.Format is available for enum.Role in the implicit scope (Hint: if declared in the same file, make sure it's declared before)[0m
2025.11.10 21:31:26 ERROR implicit val registerFormat : Format[RegisterRequest] = Json.format[RegisterRequest][0m
2025.11.10 21:31:26 ERROR ^[0m
2025.11.10 21:31:26 ERROR /home/kasukabe/schedule_kokubunji/backend/src/main/scala/service/AuthService.scala:41:71: not found: type User[0m
2025.11.10 21:31:26 ERROR def authenticate(username: String, password: String): Future[Option[User]] = {[0m
2025.11.10 21:31:26 ERROR ^[0m
2025.11.10 21:31:26 ERROR /home/kasukabe/schedule_kokubunji/backend/src/main/scala/controller/AuthController.scala:65:63: value id is not a member of Any[0m
2025.11.10 21:31:26 ERROR val token : String = jwtUtil.createToken(user.id, user.role)[0m
2025.11.10 21:31:26 ERROR ^[0m
2025.11.10 21:31:26 ERROR /home/kasukabe/schedule_kokubunji/backend/src/main/scala/controller/AuthController.scala:65:72: value role is not a member of Any[0m
2025.11.10 21:31:26 ERROR val token : String = jwtUtil.createToken(user.id, user.role)[0m
2025.11.10 21:31:26 ERROR ^[0m
2025.11.10 21:31:26 ERROR /home/kasukabe/schedule_kokubunji/backend/src/main/scala/controller/AuthController.scala:69:32: value role is not a member of Any[0m
2025.11.10 21:31:26 ERROR "role" -> user.role[0m
2025.11.10 21:31:26 ERROR ^[0m
2025.11.10 21:31:26 ERROR /home/kasukabe/schedule_kokubunji/backend/src/main/scala/controller/TestController.scala:18:26: not found: value StudentTable[0m
2025.11.10 21:31:26 ERROR private val students = StudentTable.students[0m
2025.11.10 21:31:26 ERROR ^[0m
2025.11.10 21:31:26 ERROR /home/kasukabe/schedule_kokubunji/backend/src/main/scala/controller/TestController.scala:20:39: not found: type Student[0m
2025.11.10 21:31:26 ERROR implicit val studentWrites: OWrites[Student] = Json.writes[Student][0m
2025.11.10 21:31:26 ERROR ^[0m
2025.11.10 21:31:26 ERROR /home/kasukabe/schedule_kokubunji/backend/src/main/scala/controller/TestController.scala:20:62: not found: type Student[0m
2025.11.10 21:31:26 ERROR implicit val studentWrites: OWrites[Student] = Json.writes[Student][0m
2025.11.10 21:31:26 ERROR ^[0m
2025.11.10 21:31:27 ERROR /home/kasukabe/schedule_kokubunji/backend/src/main/scala/repository/UserRepository.scala:5:8: not found: object tables[0m
2025.11.10 21:31:27 ERROR import tables.UserTable[0m
2025.11.10 21:31:27 ERROR ^[0m
2025.11.10 21:31:27 ERROR /home/kasukabe/schedule_kokubunji/backend/src/main/scala/repository/UserRepository.scala:24:36: not found: type UserTable[0m
2025.11.10 21:31:27 ERROR private val users : TableQuery[UserTable] = UserTable.methods[0m
2025.11.10 21:31:27 ERROR ^[0m
2025.11.10 21:31:27 ERROR /home/kasukabe/schedule_kokubunji/backend/src/main/scala/repository/UserRepository.scala:24:49: not found: value UserTable[0m
2025.11.10 21:31:27 ERROR private val users : TableQuery[UserTable] = UserTable.methods[0m
2025.11.10 21:31:27 ERROR ^[0m
2025.11.10 21:31:27 ERROR /home/kasukabe/schedule_kokubunji/backend/src/main/scala/repository/UserRepository.scala:45:28: ambiguous implicit values:
 both value BooleanColumnCanBeQueryCondition in object CanBeQueryCondition of type slick.lifted.CanBeQueryCondition[slick.lifted.Rep[Boolean]]
 and value BooleanOptionColumnCanBeQueryCondition in object CanBeQueryCondition of type slick.lifted.CanBeQueryCondition[slick.lifted.Rep[Option[Boolean]]]
 match expected type slick.lifted.CanBeQueryCondition[Nothing][0m
2025.11.10 21:31:27 ERROR db.run(users.filter(_.username === username).result.headOption)[0m
2025.11.10 21:31:27 ERROR ^[0m
2025.11.10 21:31:27 ERROR /home/kasukabe/schedule_kokubunji/backend/src/main/scala/security/SecuredAction.scala:22:69: not found: type JwtUtil[0m
2025.11.10 21:31:27 ERROR class SecuredAction @Inject()(parser: BodyParsers.Default, jwtUtil: JwtUtil)[0m
2025.11.10 21:31:27 ERROR ^[0m
2025.11.10 21:31:27 ERROR /home/kasukabe/schedule_kokubunji/backend/src/main/scala/security/SecuredAction.scala:35:80: type mismatch;
 found   : Option[String]
 required: String[0m
2025.11.10 21:31:27 ERROR val maybeToken : String = request.headers.get("Authorization").flatMap { header =>[0m
2025.11.10 21:31:27 ERROR ^[0m
2025.11.10 21:31:27 ERROR /home/kasukabe/schedule_kokubunji/backend/src/main/scala/service/AuthService.scala:20:46: not found: type UserRepository[0m
2025.11.10 21:31:27 ERROR class AuthService @Inject() (userRepository: UserRepository)[0m
2025.11.10 21:31:27 ERROR ^[0m
2025.11.10 21:31:27 ERROR /home/kasukabe/schedule_kokubunji/backend/src/main/scala/table/UserTable.scala:17:41: not found: type User[0m
2025.11.10 21:31:27 ERROR class UserTable(tag: Tag) extends Table[User](tag, "users") {[0m
2025.11.10 21:31:27 ERROR ^[0m
2025.11.10 21:31:27 ERROR /home/kasukabe/schedule_kokubunji/backend/src/main/scala/table/UserTable.scala:21:26: could not find implicit value for parameter tt: slick.ast.TypedType[enum.Role][0m
2025.11.10 21:31:27 ERROR def role = column[Role]("role")[0m
2025.11.10 21:31:27 ERROR ^[0m
2025.11.10 21:31:27 ERROR /home/kasukabe/schedule_kokubunji/backend/src/main/scala/utility/JwtUtil.scala:7:16: object Constants is not a member of package utility[0m
2025.11.10 21:31:27 ERROR import utility.Constants[0m
2025.11.10 21:31:27 ERROR ^[0m
2025.11.10 21:31:27 ERROR /home/kasukabe/schedule_kokubunji/backend/src/main/scala/utility/JwtUtil.scala:33:31: not found: type Format[0m
2025.11.10 21:31:27 ERROR implicit val jwtContent : Format[JwtContent] = Json.format[JwtContent][0m
2025.11.10 21:31:27 ERROR ^[0m
2025.11.10 21:31:27 ERROR /home/kasukabe/schedule_kokubunji/backend/src/main/scala/utility/JwtUtil.scala:27:44: not found: value Constants[0m
2025.11.10 21:31:27 ERROR private val expirationSeconds : Long = Constants.JwtExpirationSeconds[0m
2025.11.10 21:31:27 ERROR ^[0m
2025.11.10 21:31:27 ERROR /home/kasukabe/schedule_kokubunji/backend/src/main/scala/utility/JwtUtil.scala:33:52: not found: value Json[0m
2025.11.10 21:31:27 ERROR implicit val jwtContent : Format[JwtContent] = Json.format[JwtContent][0m
2025.11.10 21:31:27 ERROR ^[0m
2025.11.10 21:31:27 ERROR /home/kasukabe/schedule_kokubunji/backend/src/main/scala/utility/JwtUtil.scala:43:35: not found: value Json[0m
2025.11.10 21:31:27 ERROR val tmpContent : String = Json.stringify(Json.toJson(JwtContent(id, role)))[0m
2025.11.10 21:31:27 ERROR ^[0m
2025.11.10 21:31:27 ERROR /home/kasukabe/schedule_kokubunji/backend/src/main/scala/utility/JwtUtil.scala:43:50: not found: value Json[0m
2025.11.10 21:31:27 ERROR val tmpContent : String = Json.stringify(Json.toJson(JwtContent(id, role)))[0m
2025.11.10 21:31:27 ERROR ^[0m
2025.11.10 21:31:27 ERROR 23 errors found[0m
2025.11.10 21:31:27 INFO  time: compiled root in 0.52s[0m
2025.11.10 21:31:27 ERROR (Compile / compileIncremental) Compilation failed[0m
2025.11.10 21:31:28 INFO  Scala main classes not supported by server
org.eclipse.lsp4j.jsonrpc.ResponseErrorException: (Compile / compileIncremental) Compilation failed
	at org.eclipse.lsp4j.jsonrpc.RemoteEndpoint.handleResponse(RemoteEndpoint.java:220)
	at org.eclipse.lsp4j.jsonrpc.RemoteEndpoint.consume(RemoteEndpoint.java:204)
	at scala.meta.internal.metals.RequestMonitorImpl$$anon$1.consume(ServerLivenessMonitor.scala:41)
	at org.eclipse.lsp4j.jsonrpc.json.StreamMessageProducer.handleMessage(StreamMessageProducer.java:185)
	at org.eclipse.lsp4j.jsonrpc.json.StreamMessageProducer.listen(StreamMessageProducer.java:97)
	at org.eclipse.lsp4j.jsonrpc.json.ConcurrentMessageProcessor.run(ConcurrentMessageProcessor.java:114)
	at java.util.concurrent.Executors$RunnableAdapter.call(Executors.java:539)
	at java.util.concurrent.FutureTask.run(FutureTask.java:264)
	at java.util.concurrent.ThreadPoolExecutor.runWorker(ThreadPoolExecutor.java:1136)
	at java.util.concurrent.ThreadPoolExecutor$Worker.run(ThreadPoolExecutor.java:635)
	at java.lang.Thread.run(Thread.java:840)
[0m
2025.11.10 21:31:27 INFO  Processing buildTarget/scalaTestClasses[0m
2025.11.10 21:31:51 INFO  Processing buildTarget/compile[0m
2025.11.10 21:32:37 INFO  Processing buildTarget/compile[0m
2025.11.10 21:32:37 INFO  compiling root[0m
2025.11.10 21:32:37 INFO  compiling 16 Scala sources and 1 Java source to /home/kasukabe/schedule_kokubunji/backend/target/scala-2.13/classes ...[0m
2025.11.10 21:32:37 ERROR /home/kasukabe/schedule_kokubunji/backend/src/main/scala/service/AuthService.scala:41:71: not found: type User[0m
2025.11.10 21:32:37 ERROR def authenticate(username: String, password: String): Future[Option[User]] = {[0m
2025.11.10 21:32:37 ERROR ^[0m
2025.11.10 21:32:37 ERROR /home/kasukabe/schedule_kokubunji/backend/src/main/scala/controller/AuthController.scala:66:63: value id is not a member of Any[0m
2025.11.10 21:32:37 ERROR val token : String = jwtUtil.createToken(user.id, user.role)[0m
2025.11.10 21:32:37 ERROR ^[0m
2025.11.10 21:32:37 ERROR /home/kasukabe/schedule_kokubunji/backend/src/main/scala/controller/AuthController.scala:66:72: value role is not a member of Any[0m
2025.11.10 21:32:37 ERROR val token : String = jwtUtil.createToken(user.id, user.role)[0m
2025.11.10 21:32:37 ERROR ^[0m
2025.11.10 21:32:37 ERROR /home/kasukabe/schedule_kokubunji/backend/src/main/scala/controller/AuthController.scala:70:32: value role is not a member of Any[0m
2025.11.10 21:32:37 ERROR "role" -> user.role[0m
2025.11.10 21:32:37 ERROR ^[0m
2025.11.10 21:32:37 ERROR /home/kasukabe/schedule_kokubunji/backend/src/main/scala/controller/TestController.scala:18:26: not found: value StudentTable[0m
2025.11.10 21:32:37 ERROR private val students = StudentTable.students[0m
2025.11.10 21:32:37 ERROR ^[0m
2025.11.10 21:32:37 ERROR /home/kasukabe/schedule_kokubunji/backend/src/main/scala/controller/TestController.scala:20:39: not found: type Student[0m
2025.11.10 21:32:37 ERROR implicit val studentWrites: OWrites[Student] = Json.writes[Student][0m
2025.11.10 21:32:37 ERROR ^[0m
2025.11.10 21:32:37 ERROR /home/kasukabe/schedule_kokubunji/backend/src/main/scala/controller/TestController.scala:20:62: not found: type Student[0m
2025.11.10 21:32:37 ERROR implicit val studentWrites: OWrites[Student] = Json.writes[Student][0m
2025.11.10 21:32:37 ERROR ^[0m
2025.11.10 21:32:37 ERROR /home/kasukabe/schedule_kokubunji/backend/src/main/scala/repository/UserRepository.scala:5:8: not found: object tables[0m
2025.11.10 21:32:37 ERROR import tables.UserTable[0m
2025.11.10 21:32:37 ERROR ^[0m
2025.11.10 21:32:37 ERROR /home/kasukabe/schedule_kokubunji/backend/src/main/scala/repository/UserRepository.scala:24:36: not found: type UserTable[0m
2025.11.10 21:32:37 ERROR private val users : TableQuery[UserTable] = UserTable.methods[0m
2025.11.10 21:32:37 ERROR ^[0m
2025.11.10 21:32:37 ERROR /home/kasukabe/schedule_kokubunji/backend/src/main/scala/repository/UserRepository.scala:24:49: not found: value UserTable[0m
2025.11.10 21:32:37 ERROR private val users : TableQuery[UserTable] = UserTable.methods[0m
2025.11.10 21:32:37 ERROR ^[0m
2025.11.10 21:32:37 ERROR /home/kasukabe/schedule_kokubunji/backend/src/main/scala/repository/UserRepository.scala:45:28: ambiguous implicit values:
 both value BooleanColumnCanBeQueryCondition in object CanBeQueryCondition of type slick.lifted.CanBeQueryCondition[slick.lifted.Rep[Boolean]]
 and value BooleanOptionColumnCanBeQueryCondition in object CanBeQueryCondition of type slick.lifted.CanBeQueryCondition[slick.lifted.Rep[Option[Boolean]]]
 match expected type slick.lifted.CanBeQueryCondition[Nothing][0m
2025.11.10 21:32:37 ERROR db.run(users.filter(_.username === username).result.headOption)[0m
2025.11.10 21:32:37 ERROR ^[0m
2025.11.10 21:32:37 ERROR /home/kasukabe/schedule_kokubunji/backend/src/main/scala/security/SecuredAction.scala:22:69: not found: type JwtUtil[0m
2025.11.10 21:32:37 ERROR class SecuredAction @Inject()(parser: BodyParsers.Default, jwtUtil: JwtUtil)[0m
2025.11.10 21:32:37 ERROR ^[0m
2025.11.10 21:32:37 ERROR /home/kasukabe/schedule_kokubunji/backend/src/main/scala/security/SecuredAction.scala:35:80: type mismatch;
 found   : Option[String]
 required: String[0m
2025.11.10 21:32:37 ERROR val maybeToken : String = request.headers.get("Authorization").flatMap { header =>[0m
2025.11.10 21:32:37 ERROR ^[0m
2025.11.10 21:32:37 ERROR /home/kasukabe/schedule_kokubunji/backend/src/main/scala/service/AuthService.scala:20:46: not found: type UserRepository[0m
2025.11.10 21:32:37 ERROR class AuthService @Inject() (userRepository: UserRepository)[0m
2025.11.10 21:32:37 ERROR ^[0m
2025.11.10 21:32:37 ERROR /home/kasukabe/schedule_kokubunji/backend/src/main/scala/table/UserTable.scala:17:41: not found: type User[0m
2025.11.10 21:32:37 ERROR class UserTable(tag: Tag) extends Table[User](tag, "users") {[0m
2025.11.10 21:32:37 ERROR ^[0m
2025.11.10 21:32:37 ERROR /home/kasukabe/schedule_kokubunji/backend/src/main/scala/table/UserTable.scala:21:26: could not find implicit value for parameter tt: slick.ast.TypedType[enum.Role][0m
2025.11.10 21:32:37 ERROR def role = column[Role]("role")[0m
2025.11.10 21:32:37 ERROR ^[0m
2025.11.10 21:32:37 ERROR /home/kasukabe/schedule_kokubunji/backend/src/main/scala/utility/JwtUtil.scala:7:16: object Constants is not a member of package utility[0m
2025.11.10 21:32:37 ERROR import utility.Constants[0m
2025.11.10 21:32:37 ERROR ^[0m
2025.11.10 21:32:37 ERROR /home/kasukabe/schedule_kokubunji/backend/src/main/scala/utility/JwtUtil.scala:33:31: not found: type Format[0m
2025.11.10 21:32:37 ERROR implicit val jwtContent : Format[JwtContent] = Json.format[JwtContent][0m
2025.11.10 21:32:37 ERROR ^[0m
2025.11.10 21:32:37 ERROR /home/kasukabe/schedule_kokubunji/backend/src/main/scala/utility/JwtUtil.scala:27:44: not found: value Constants[0m
2025.11.10 21:32:37 ERROR private val expirationSeconds : Long = Constants.JwtExpirationSeconds[0m
2025.11.10 21:32:37 ERROR ^[0m
2025.11.10 21:32:37 ERROR /home/kasukabe/schedule_kokubunji/backend/src/main/scala/utility/JwtUtil.scala:33:52: not found: value Json[0m
2025.11.10 21:32:37 ERROR implicit val jwtContent : Format[JwtContent] = Json.format[JwtContent][0m
2025.11.10 21:32:37 ERROR ^[0m
2025.11.10 21:32:37 ERROR /home/kasukabe/schedule_kokubunji/backend/src/main/scala/utility/JwtUtil.scala:43:35: not found: value Json[0m
2025.11.10 21:32:37 ERROR val tmpContent : String = Json.stringify(Json.toJson(JwtContent(id, role)))[0m
2025.11.10 21:32:37 ERROR ^[0m
2025.11.10 21:32:37 ERROR /home/kasukabe/schedule_kokubunji/backend/src/main/scala/utility/JwtUtil.scala:43:50: not found: value Json[0m
2025.11.10 21:32:37 ERROR val tmpContent : String = Json.stringify(Json.toJson(JwtContent(id, role)))[0m
2025.11.10 21:32:37 ERROR ^[0m
2025.11.10 21:32:37 ERROR 22 errors found[0m
2025.11.10 21:32:37 INFO  time: compiled root in 0.42s[0m
2025.11.10 21:32:37 ERROR (Compile / compileIncremental) Compilation failed[0m
2025.11.10 21:32:37 INFO  Cancelling compilation on sbt server
org.eclipse.lsp4j.jsonrpc.ResponseErrorException: (Compile / compileIncremental) Compilation failed
	at org.eclipse.lsp4j.jsonrpc.RemoteEndpoint.handleResponse(RemoteEndpoint.java:220)
	at org.eclipse.lsp4j.jsonrpc.RemoteEndpoint.consume(RemoteEndpoint.java:204)
	at scala.meta.internal.metals.RequestMonitorImpl$$anon$1.consume(ServerLivenessMonitor.scala:41)
	at org.eclipse.lsp4j.jsonrpc.json.StreamMessageProducer.handleMessage(StreamMessageProducer.java:185)
	at org.eclipse.lsp4j.jsonrpc.json.StreamMessageProducer.listen(StreamMessageProducer.java:97)
	at org.eclipse.lsp4j.jsonrpc.json.ConcurrentMessageProcessor.run(ConcurrentMessageProcessor.java:114)
	at java.util.concurrent.Executors$RunnableAdapter.call(Executors.java:539)
	at java.util.concurrent.FutureTask.run(FutureTask.java:264)
	at java.util.concurrent.ThreadPoolExecutor.runWorker(ThreadPoolExecutor.java:1136)
	at java.util.concurrent.ThreadPoolExecutor$Worker.run(ThreadPoolExecutor.java:635)
	at java.lang.Thread.run(Thread.java:840)
[0m
2025.11.10 21:32:37 INFO  Processing buildTarget/scalaMainClasses[0m
2025.11.10 21:32:37 INFO  compiling root[0m
2025.11.10 21:32:37 INFO  compiling 16 Scala sources and 1 Java source to /home/kasukabe/schedule_kokubunji/backend/target/scala-2.13/classes ...[0m
2025.11.10 21:32:37 ERROR /home/kasukabe/schedule_kokubunji/backend/src/main/scala/service/AuthService.scala:41:71: not found: type User[0m
2025.11.10 21:32:37 ERROR def authenticate(username: String, password: String): Future[Option[User]] = {[0m
2025.11.10 21:32:37 ERROR ^[0m
2025.11.10 21:32:37 ERROR /home/kasukabe/schedule_kokubunji/backend/src/main/scala/controller/AuthController.scala:66:63: value id is not a member of Any[0m
2025.11.10 21:32:37 ERROR val token : String = jwtUtil.createToken(user.id, user.role)[0m
2025.11.10 21:32:37 ERROR ^[0m
2025.11.10 21:32:37 ERROR /home/kasukabe/schedule_kokubunji/backend/src/main/scala/controller/AuthController.scala:66:72: value role is not a member of Any[0m
2025.11.10 21:32:37 ERROR val token : String = jwtUtil.createToken(user.id, user.role)[0m
2025.11.10 21:32:37 ERROR ^[0m
2025.11.10 21:32:37 ERROR /home/kasukabe/schedule_kokubunji/backend/src/main/scala/controller/AuthController.scala:70:32: value role is not a member of Any[0m
2025.11.10 21:32:37 ERROR "role" -> user.role[0m
2025.11.10 21:32:37 ERROR ^[0m
2025.11.10 21:32:37 ERROR /home/kasukabe/schedule_kokubunji/backend/src/main/scala/controller/TestController.scala:18:26: not found: value StudentTable[0m
2025.11.10 21:32:37 ERROR private val students = StudentTable.students[0m
2025.11.10 21:32:37 ERROR ^[0m
2025.11.10 21:32:37 ERROR /home/kasukabe/schedule_kokubunji/backend/src/main/scala/controller/TestController.scala:20:39: not found: type Student[0m
2025.11.10 21:32:37 ERROR implicit val studentWrites: OWrites[Student] = Json.writes[Student][0m
2025.11.10 21:32:37 ERROR ^[0m
2025.11.10 21:32:37 ERROR /home/kasukabe/schedule_kokubunji/backend/src/main/scala/controller/TestController.scala:20:62: not found: type Student[0m
2025.11.10 21:32:37 ERROR implicit val studentWrites: OWrites[Student] = Json.writes[Student][0m
2025.11.10 21:32:37 ERROR ^[0m
2025.11.10 21:32:37 ERROR /home/kasukabe/schedule_kokubunji/backend/src/main/scala/repository/UserRepository.scala:5:8: not found: object tables[0m
2025.11.10 21:32:37 ERROR import tables.UserTable[0m
2025.11.10 21:32:37 ERROR ^[0m
2025.11.10 21:32:37 ERROR /home/kasukabe/schedule_kokubunji/backend/src/main/scala/repository/UserRepository.scala:24:36: not found: type UserTable[0m
2025.11.10 21:32:37 ERROR private val users : TableQuery[UserTable] = UserTable.methods[0m
2025.11.10 21:32:37 ERROR ^[0m
2025.11.10 21:32:37 ERROR /home/kasukabe/schedule_kokubunji/backend/src/main/scala/repository/UserRepository.scala:24:49: not found: value UserTable[0m
2025.11.10 21:32:37 ERROR private val users : TableQuery[UserTable] = UserTable.methods[0m
2025.11.10 21:32:37 ERROR ^[0m
2025.11.10 21:32:37 ERROR /home/kasukabe/schedule_kokubunji/backend/src/main/scala/repository/UserRepository.scala:45:28: ambiguous implicit values:
 both value BooleanColumnCanBeQueryCondition in object CanBeQueryCondition of type slick.lifted.CanBeQueryCondition[slick.lifted.Rep[Boolean]]
 and value BooleanOptionColumnCanBeQueryCondition in object CanBeQueryCondition of type slick.lifted.CanBeQueryCondition[slick.lifted.Rep[Option[Boolean]]]
 match expected type slick.lifted.CanBeQueryCondition[Nothing][0m
2025.11.10 21:32:37 ERROR db.run(users.filter(_.username === username).result.headOption)[0m
2025.11.10 21:32:37 ERROR ^[0m
2025.11.10 21:32:37 ERROR /home/kasukabe/schedule_kokubunji/backend/src/main/scala/security/SecuredAction.scala:22:69: not found: type JwtUtil[0m
2025.11.10 21:32:37 ERROR class SecuredAction @Inject()(parser: BodyParsers.Default, jwtUtil: JwtUtil)[0m
2025.11.10 21:32:37 ERROR ^[0m
2025.11.10 21:32:37 ERROR /home/kasukabe/schedule_kokubunji/backend/src/main/scala/security/SecuredAction.scala:35:80: type mismatch;
 found   : Option[String]
 required: String[0m
2025.11.10 21:32:37 ERROR val maybeToken : String = request.headers.get("Authorization").flatMap { header =>[0m
2025.11.10 21:32:37 ERROR ^[0m
2025.11.10 21:32:37 ERROR /home/kasukabe/schedule_kokubunji/backend/src/main/scala/service/AuthService.scala:20:46: not found: type UserRepository[0m
2025.11.10 21:32:37 ERROR class AuthService @Inject() (userRepository: UserRepository)[0m
2025.11.10 21:32:37 ERROR ^[0m
2025.11.10 21:32:37 ERROR /home/kasukabe/schedule_kokubunji/backend/src/main/scala/table/UserTable.scala:17:41: not found: type User[0m
2025.11.10 21:32:37 ERROR class UserTable(tag: Tag) extends Table[User](tag, "users") {[0m
2025.11.10 21:32:37 ERROR ^[0m
2025.11.10 21:32:37 ERROR /home/kasukabe/schedule_kokubunji/backend/src/main/scala/table/UserTable.scala:21:26: could not find implicit value for parameter tt: slick.ast.TypedType[enum.Role][0m
2025.11.10 21:32:37 ERROR def role = column[Role]("role")[0m
2025.11.10 21:32:37 ERROR ^[0m
2025.11.10 21:32:37 ERROR /home/kasukabe/schedule_kokubunji/backend/src/main/scala/utility/JwtUtil.scala:7:16: object Constants is not a member of package utility[0m
2025.11.10 21:32:37 ERROR import utility.Constants[0m
2025.11.10 21:32:37 ERROR ^[0m
2025.11.10 21:32:37 ERROR /home/kasukabe/schedule_kokubunji/backend/src/main/scala/utility/JwtUtil.scala:33:31: not found: type Format[0m
2025.11.10 21:32:37 ERROR implicit val jwtContent : Format[JwtContent] = Json.format[JwtContent][0m
2025.11.10 21:32:37 ERROR ^[0m
2025.11.10 21:32:37 ERROR /home/kasukabe/schedule_kokubunji/backend/src/main/scala/utility/JwtUtil.scala:27:44: not found: value Constants[0m
2025.11.10 21:32:37 ERROR private val expirationSeconds : Long = Constants.JwtExpirationSeconds[0m
2025.11.10 21:32:37 ERROR ^[0m
2025.11.10 21:32:37 ERROR /home/kasukabe/schedule_kokubunji/backend/src/main/scala/utility/JwtUtil.scala:33:52: not found: value Json[0m
2025.11.10 21:32:37 ERROR implicit val jwtContent : Format[JwtContent] = Json.format[JwtContent][0m
2025.11.10 21:32:37 ERROR ^[0m
2025.11.10 21:32:37 ERROR /home/kasukabe/schedule_kokubunji/backend/src/main/scala/utility/JwtUtil.scala:43:35: not found: value Json[0m
2025.11.10 21:32:37 ERROR val tmpContent : String = Json.stringify(Json.toJson(JwtContent(id, role)))[0m
2025.11.10 21:32:37 ERROR ^[0m
2025.11.10 21:32:37 ERROR /home/kasukabe/schedule_kokubunji/backend/src/main/scala/utility/JwtUtil.scala:43:50: not found: value Json[0m
2025.11.10 21:32:37 ERROR val tmpContent : String = Json.stringify(Json.toJson(JwtContent(id, role)))[0m
2025.11.10 21:32:37 ERROR ^[0m
2025.11.10 21:32:37 ERROR 22 errors found[0m
2025.11.10 21:32:37 INFO  time: compiled root in 0.39s[0m
2025.11.10 21:32:37 ERROR (Compile / compileIncremental) Compilation failed[0m
2025.11.10 21:32:38 INFO  Scala main classes not supported by server
org.eclipse.lsp4j.jsonrpc.ResponseErrorException: (Compile / compileIncremental) Compilation failed
	at org.eclipse.lsp4j.jsonrpc.RemoteEndpoint.handleResponse(RemoteEndpoint.java:220)
	at org.eclipse.lsp4j.jsonrpc.RemoteEndpoint.consume(RemoteEndpoint.java:204)
	at scala.meta.internal.metals.RequestMonitorImpl$$anon$1.consume(ServerLivenessMonitor.scala:41)
	at org.eclipse.lsp4j.jsonrpc.json.StreamMessageProducer.handleMessage(StreamMessageProducer.java:185)
	at org.eclipse.lsp4j.jsonrpc.json.StreamMessageProducer.listen(StreamMessageProducer.java:97)
	at org.eclipse.lsp4j.jsonrpc.json.ConcurrentMessageProcessor.run(ConcurrentMessageProcessor.java:114)
	at java.util.concurrent.Executors$RunnableAdapter.call(Executors.java:539)
	at java.util.concurrent.FutureTask.run(FutureTask.java:264)
	at java.util.concurrent.ThreadPoolExecutor.runWorker(ThreadPoolExecutor.java:1136)
	at java.util.concurrent.ThreadPoolExecutor$Worker.run(ThreadPoolExecutor.java:635)
	at java.lang.Thread.run(Thread.java:840)
[0m
2025.11.10 21:32:37 INFO  Processing buildTarget/scalaTestClasses[0m
2025.11.10 21:32:53 INFO  Processing buildTarget/compile[0m
2025.11.10 21:33:26 INFO  Processing buildTarget/compile[0m
2025.11.10 21:33:26 INFO  compiling root[0m
2025.11.10 21:33:26 INFO  compiling 16 Scala sources and 1 Java source to /home/kasukabe/schedule_kokubunji/backend/target/scala-2.13/classes ...[0m
2025.11.10 21:33:26 ERROR /home/kasukabe/schedule_kokubunji/backend/src/main/scala/service/AuthService.scala:41:71: not found: type User[0m
2025.11.10 21:33:26 ERROR def authenticate(username: String, password: String): Future[Option[User]] = {[0m
2025.11.10 21:33:26 ERROR ^[0m
2025.11.10 21:33:26 ERROR /home/kasukabe/schedule_kokubunji/backend/src/main/scala/controller/AuthController.scala:67:63: value id is not a member of Any[0m
2025.11.10 21:33:26 ERROR val token : String = jwtUtil.createToken(user.id, user.role)[0m
2025.11.10 21:33:26 ERROR ^[0m
2025.11.10 21:33:26 ERROR /home/kasukabe/schedule_kokubunji/backend/src/main/scala/controller/AuthController.scala:67:72: value role is not a member of Any[0m
2025.11.10 21:33:26 ERROR val token : String = jwtUtil.createToken(user.id, user.role)[0m
2025.11.10 21:33:26 ERROR ^[0m
2025.11.10 21:33:26 ERROR /home/kasukabe/schedule_kokubunji/backend/src/main/scala/controller/AuthController.scala:71:32: value role is not a member of Any[0m
2025.11.10 21:33:26 ERROR "role" -> user.role[0m
2025.11.10 21:33:26 ERROR ^[0m
2025.11.10 21:33:26 ERROR /home/kasukabe/schedule_kokubunji/backend/src/main/scala/controller/TestController.scala:18:26: not found: value StudentTable[0m
2025.11.10 21:33:26 ERROR private val students = StudentTable.students[0m
2025.11.10 21:33:26 ERROR ^[0m
2025.11.10 21:33:26 ERROR /home/kasukabe/schedule_kokubunji/backend/src/main/scala/controller/TestController.scala:20:39: not found: type Student[0m
2025.11.10 21:33:26 ERROR implicit val studentWrites: OWrites[Student] = Json.writes[Student][0m
2025.11.10 21:33:26 ERROR ^[0m
2025.11.10 21:33:26 ERROR /home/kasukabe/schedule_kokubunji/backend/src/main/scala/controller/TestController.scala:20:62: not found: type Student[0m
2025.11.10 21:33:26 ERROR implicit val studentWrites: OWrites[Student] = Json.writes[Student][0m
2025.11.10 21:33:26 ERROR ^[0m
2025.11.10 21:33:26 ERROR /home/kasukabe/schedule_kokubunji/backend/src/main/scala/repository/UserRepository.scala:5:8: not found: object tables[0m
2025.11.10 21:33:26 ERROR import tables.UserTable[0m
2025.11.10 21:33:26 ERROR ^[0m
2025.11.10 21:33:26 ERROR /home/kasukabe/schedule_kokubunji/backend/src/main/scala/repository/UserRepository.scala:24:36: not found: type UserTable[0m
2025.11.10 21:33:26 ERROR private val users : TableQuery[UserTable] = UserTable.methods[0m
2025.11.10 21:33:26 ERROR ^[0m
2025.11.10 21:33:26 ERROR /home/kasukabe/schedule_kokubunji/backend/src/main/scala/repository/UserRepository.scala:24:49: not found: value UserTable[0m
2025.11.10 21:33:26 ERROR private val users : TableQuery[UserTable] = UserTable.methods[0m
2025.11.10 21:33:26 ERROR ^[0m
2025.11.10 21:33:26 ERROR /home/kasukabe/schedule_kokubunji/backend/src/main/scala/repository/UserRepository.scala:45:28: ambiguous implicit values:
 both value BooleanColumnCanBeQueryCondition in object CanBeQueryCondition of type slick.lifted.CanBeQueryCondition[slick.lifted.Rep[Boolean]]
 and value BooleanOptionColumnCanBeQueryCondition in object CanBeQueryCondition of type slick.lifted.CanBeQueryCondition[slick.lifted.Rep[Option[Boolean]]]
 match expected type slick.lifted.CanBeQueryCondition[Nothing][0m
2025.11.10 21:33:26 ERROR db.run(users.filter(_.username === username).result.headOption)[0m
2025.11.10 21:33:26 ERROR ^[0m
2025.11.10 21:33:26 ERROR /home/kasukabe/schedule_kokubunji/backend/src/main/scala/security/SecuredAction.scala:22:69: not found: type JwtUtil[0m
2025.11.10 21:33:26 ERROR class SecuredAction @Inject()(parser: BodyParsers.Default, jwtUtil: JwtUtil)[0m
2025.11.10 21:33:26 ERROR ^[0m
2025.11.10 21:33:26 ERROR /home/kasukabe/schedule_kokubunji/backend/src/main/scala/security/SecuredAction.scala:35:80: type mismatch;
 found   : Option[String]
 required: String[0m
2025.11.10 21:33:26 ERROR val maybeToken : String = request.headers.get("Authorization").flatMap { header =>[0m
2025.11.10 21:33:26 ERROR ^[0m
2025.11.10 21:33:26 ERROR /home/kasukabe/schedule_kokubunji/backend/src/main/scala/service/AuthService.scala:20:46: not found: type UserRepository[0m
2025.11.10 21:33:26 ERROR class AuthService @Inject() (userRepository: UserRepository)[0m
2025.11.10 21:33:26 ERROR ^[0m
2025.11.10 21:33:26 ERROR /home/kasukabe/schedule_kokubunji/backend/src/main/scala/table/UserTable.scala:17:41: not found: type User[0m
2025.11.10 21:33:26 ERROR class UserTable(tag: Tag) extends Table[User](tag, "users") {[0m
2025.11.10 21:33:26 ERROR ^[0m
2025.11.10 21:33:26 ERROR /home/kasukabe/schedule_kokubunji/backend/src/main/scala/table/UserTable.scala:21:26: could not find implicit value for parameter tt: slick.ast.TypedType[enum.Role][0m
2025.11.10 21:33:26 ERROR def role = column[Role]("role")[0m
2025.11.10 21:33:26 ERROR ^[0m
2025.11.10 21:33:26 ERROR /home/kasukabe/schedule_kokubunji/backend/src/main/scala/utility/JwtUtil.scala:7:16: object Constants is not a member of package utility[0m
2025.11.10 21:33:26 ERROR import utility.Constants[0m
2025.11.10 21:33:26 ERROR ^[0m
2025.11.10 21:33:26 ERROR /home/kasukabe/schedule_kokubunji/backend/src/main/scala/utility/JwtUtil.scala:33:31: not found: type Format[0m
2025.11.10 21:33:26 ERROR implicit val jwtContent : Format[JwtContent] = Json.format[JwtContent][0m
2025.11.10 21:33:26 ERROR ^[0m
2025.11.10 21:33:26 ERROR /home/kasukabe/schedule_kokubunji/backend/src/main/scala/utility/JwtUtil.scala:27:44: not found: value Constants[0m
2025.11.10 21:33:26 ERROR private val expirationSeconds : Long = Constants.JwtExpirationSeconds[0m
2025.11.10 21:33:26 ERROR ^[0m
2025.11.10 21:33:26 ERROR /home/kasukabe/schedule_kokubunji/backend/src/main/scala/utility/JwtUtil.scala:33:52: not found: value Json[0m
2025.11.10 21:33:26 ERROR implicit val jwtContent : Format[JwtContent] = Json.format[JwtContent][0m
2025.11.10 21:33:26 ERROR ^[0m
2025.11.10 21:33:26 ERROR /home/kasukabe/schedule_kokubunji/backend/src/main/scala/utility/JwtUtil.scala:43:35: not found: value Json[0m
2025.11.10 21:33:26 ERROR val tmpContent : String = Json.stringify(Json.toJson(JwtContent(id, role)))[0m
2025.11.10 21:33:26 ERROR ^[0m
2025.11.10 21:33:26 ERROR /home/kasukabe/schedule_kokubunji/backend/src/main/scala/utility/JwtUtil.scala:43:50: not found: value Json[0m
2025.11.10 21:33:26 ERROR val tmpContent : String = Json.stringify(Json.toJson(JwtContent(id, role)))[0m
2025.11.10 21:33:26 ERROR ^[0m
2025.11.10 21:33:26 ERROR 22 errors found[0m
2025.11.10 21:33:26 INFO  time: compiled root in 0.41s[0m
2025.11.10 21:33:26 ERROR (Compile / compileIncremental) Compilation failed[0m
2025.11.10 21:33:26 INFO  Cancelling compilation on sbt server
org.eclipse.lsp4j.jsonrpc.ResponseErrorException: (Compile / compileIncremental) Compilation failed
	at org.eclipse.lsp4j.jsonrpc.RemoteEndpoint.handleResponse(RemoteEndpoint.java:220)
	at org.eclipse.lsp4j.jsonrpc.RemoteEndpoint.consume(RemoteEndpoint.java:204)
	at scala.meta.internal.metals.RequestMonitorImpl$$anon$1.consume(ServerLivenessMonitor.scala:41)
	at org.eclipse.lsp4j.jsonrpc.json.StreamMessageProducer.handleMessage(StreamMessageProducer.java:185)
	at org.eclipse.lsp4j.jsonrpc.json.StreamMessageProducer.listen(StreamMessageProducer.java:97)
	at org.eclipse.lsp4j.jsonrpc.json.ConcurrentMessageProcessor.run(ConcurrentMessageProcessor.java:114)
	at java.util.concurrent.Executors$RunnableAdapter.call(Executors.java:539)
	at java.util.concurrent.FutureTask.run(FutureTask.java:264)
	at java.util.concurrent.ThreadPoolExecutor.runWorker(ThreadPoolExecutor.java:1136)
	at java.util.concurrent.ThreadPoolExecutor$Worker.run(ThreadPoolExecutor.java:635)
	at java.lang.Thread.run(Thread.java:840)
[0m
2025.11.10 21:33:26 INFO  Processing buildTarget/scalaTestClasses[0m
2025.11.10 21:33:26 INFO  Processing buildTarget/scalaMainClasses[0m
2025.11.10 21:33:26 INFO  compiling root[0m
2025.11.10 21:33:26 INFO  compiling 16 Scala sources and 1 Java source to /home/kasukabe/schedule_kokubunji/backend/target/scala-2.13/classes ...[0m
2025.11.10 21:33:26 ERROR /home/kasukabe/schedule_kokubunji/backend/src/main/scala/service/AuthService.scala:41:71: not found: type User[0m
2025.11.10 21:33:26 ERROR def authenticate(username: String, password: String): Future[Option[User]] = {[0m
2025.11.10 21:33:26 ERROR ^[0m
2025.11.10 21:33:26 ERROR /home/kasukabe/schedule_kokubunji/backend/src/main/scala/controller/AuthController.scala:67:63: value id is not a member of Any[0m
2025.11.10 21:33:26 ERROR val token : String = jwtUtil.createToken(user.id, user.role)[0m
2025.11.10 21:33:26 ERROR ^[0m
2025.11.10 21:33:26 ERROR /home/kasukabe/schedule_kokubunji/backend/src/main/scala/controller/AuthController.scala:67:72: value role is not a member of Any[0m
2025.11.10 21:33:26 ERROR val token : String = jwtUtil.createToken(user.id, user.role)[0m
2025.11.10 21:33:26 ERROR ^[0m
2025.11.10 21:33:26 ERROR /home/kasukabe/schedule_kokubunji/backend/src/main/scala/controller/AuthController.scala:71:32: value role is not a member of Any[0m
2025.11.10 21:33:26 ERROR "role" -> user.role[0m
2025.11.10 21:33:26 ERROR ^[0m
2025.11.10 21:33:26 ERROR /home/kasukabe/schedule_kokubunji/backend/src/main/scala/controller/TestController.scala:18:26: not found: value StudentTable[0m
2025.11.10 21:33:26 ERROR private val students = StudentTable.students[0m
2025.11.10 21:33:26 ERROR ^[0m
2025.11.10 21:33:26 ERROR /home/kasukabe/schedule_kokubunji/backend/src/main/scala/controller/TestController.scala:20:39: not found: type Student[0m
2025.11.10 21:33:26 ERROR implicit val studentWrites: OWrites[Student] = Json.writes[Student][0m
2025.11.10 21:33:26 ERROR ^[0m
2025.11.10 21:33:26 ERROR /home/kasukabe/schedule_kokubunji/backend/src/main/scala/controller/TestController.scala:20:62: not found: type Student[0m
2025.11.10 21:33:26 ERROR implicit val studentWrites: OWrites[Student] = Json.writes[Student][0m
2025.11.10 21:33:26 ERROR ^[0m
2025.11.10 21:33:26 ERROR /home/kasukabe/schedule_kokubunji/backend/src/main/scala/repository/UserRepository.scala:5:8: not found: object tables[0m
2025.11.10 21:33:26 ERROR import tables.UserTable[0m
2025.11.10 21:33:26 ERROR ^[0m
2025.11.10 21:33:26 ERROR /home/kasukabe/schedule_kokubunji/backend/src/main/scala/repository/UserRepository.scala:24:36: not found: type UserTable[0m
2025.11.10 21:33:26 ERROR private val users : TableQuery[UserTable] = UserTable.methods[0m
2025.11.10 21:33:26 ERROR ^[0m
2025.11.10 21:33:26 ERROR /home/kasukabe/schedule_kokubunji/backend/src/main/scala/repository/UserRepository.scala:24:49: not found: value UserTable[0m
2025.11.10 21:33:26 ERROR private val users : TableQuery[UserTable] = UserTable.methods[0m
2025.11.10 21:33:26 ERROR ^[0m
2025.11.10 21:33:26 ERROR /home/kasukabe/schedule_kokubunji/backend/src/main/scala/repository/UserRepository.scala:45:28: ambiguous implicit values:
 both value BooleanColumnCanBeQueryCondition in object CanBeQueryCondition of type slick.lifted.CanBeQueryCondition[slick.lifted.Rep[Boolean]]
 and value BooleanOptionColumnCanBeQueryCondition in object CanBeQueryCondition of type slick.lifted.CanBeQueryCondition[slick.lifted.Rep[Option[Boolean]]]
 match expected type slick.lifted.CanBeQueryCondition[Nothing][0m
2025.11.10 21:33:26 ERROR db.run(users.filter(_.username === username).result.headOption)[0m
2025.11.10 21:33:26 ERROR ^[0m
2025.11.10 21:33:26 ERROR /home/kasukabe/schedule_kokubunji/backend/src/main/scala/security/SecuredAction.scala:22:69: not found: type JwtUtil[0m
2025.11.10 21:33:26 ERROR class SecuredAction @Inject()(parser: BodyParsers.Default, jwtUtil: JwtUtil)[0m
2025.11.10 21:33:26 ERROR ^[0m
2025.11.10 21:33:26 ERROR /home/kasukabe/schedule_kokubunji/backend/src/main/scala/security/SecuredAction.scala:35:80: type mismatch;
 found   : Option[String]
 required: String[0m
2025.11.10 21:33:26 ERROR val maybeToken : String = request.headers.get("Authorization").flatMap { header =>[0m
2025.11.10 21:33:26 ERROR ^[0m
2025.11.10 21:33:26 ERROR /home/kasukabe/schedule_kokubunji/backend/src/main/scala/service/AuthService.scala:20:46: not found: type UserRepository[0m
2025.11.10 21:33:26 ERROR class AuthService @Inject() (userRepository: UserRepository)[0m
2025.11.10 21:33:26 ERROR ^[0m
2025.11.10 21:33:26 ERROR /home/kasukabe/schedule_kokubunji/backend/src/main/scala/table/UserTable.scala:17:41: not found: type User[0m
2025.11.10 21:33:26 ERROR class UserTable(tag: Tag) extends Table[User](tag, "users") {[0m
2025.11.10 21:33:26 ERROR ^[0m
2025.11.10 21:33:26 ERROR /home/kasukabe/schedule_kokubunji/backend/src/main/scala/table/UserTable.scala:21:26: could not find implicit value for parameter tt: slick.ast.TypedType[enum.Role][0m
2025.11.10 21:33:26 ERROR def role = column[Role]("role")[0m
2025.11.10 21:33:26 ERROR ^[0m
2025.11.10 21:33:26 ERROR /home/kasukabe/schedule_kokubunji/backend/src/main/scala/utility/JwtUtil.scala:7:16: object Constants is not a member of package utility[0m
2025.11.10 21:33:26 ERROR import utility.Constants[0m
2025.11.10 21:33:26 ERROR ^[0m
2025.11.10 21:33:26 ERROR /home/kasukabe/schedule_kokubunji/backend/src/main/scala/utility/JwtUtil.scala:33:31: not found: type Format[0m
2025.11.10 21:33:26 ERROR implicit val jwtContent : Format[JwtContent] = Json.format[JwtContent][0m
2025.11.10 21:33:26 ERROR ^[0m
2025.11.10 21:33:26 ERROR /home/kasukabe/schedule_kokubunji/backend/src/main/scala/utility/JwtUtil.scala:27:44: not found: value Constants[0m
2025.11.10 21:33:26 ERROR private val expirationSeconds : Long = Constants.JwtExpirationSeconds[0m
2025.11.10 21:33:26 ERROR ^[0m
2025.11.10 21:33:26 ERROR /home/kasukabe/schedule_kokubunji/backend/src/main/scala/utility/JwtUtil.scala:33:52: not found: value Json[0m
2025.11.10 21:33:26 ERROR implicit val jwtContent : Format[JwtContent] = Json.format[JwtContent][0m
2025.11.10 21:33:26 ERROR ^[0m
2025.11.10 21:33:26 ERROR /home/kasukabe/schedule_kokubunji/backend/src/main/scala/utility/JwtUtil.scala:43:35: not found: value Json[0m
2025.11.10 21:33:26 ERROR val tmpContent : String = Json.stringify(Json.toJson(JwtContent(id, role)))[0m
2025.11.10 21:33:26 ERROR ^[0m
2025.11.10 21:33:26 ERROR /home/kasukabe/schedule_kokubunji/backend/src/main/scala/utility/JwtUtil.scala:43:50: not found: value Json[0m
2025.11.10 21:33:26 ERROR val tmpContent : String = Json.stringify(Json.toJson(JwtContent(id, role)))[0m
2025.11.10 21:33:26 ERROR ^[0m
2025.11.10 21:33:26 ERROR 22 errors found[0m
2025.11.10 21:33:26 INFO  time: compiled root in 0.42s[0m
2025.11.10 21:33:26 ERROR (Compile / compileIncremental) Compilation failed[0m
2025.11.10 21:33:27 INFO  Scala main classes not supported by server
org.eclipse.lsp4j.jsonrpc.ResponseErrorException: (Compile / compileIncremental) Compilation failed
	at org.eclipse.lsp4j.jsonrpc.RemoteEndpoint.handleResponse(RemoteEndpoint.java:220)
	at org.eclipse.lsp4j.jsonrpc.RemoteEndpoint.consume(RemoteEndpoint.java:204)
	at scala.meta.internal.metals.RequestMonitorImpl$$anon$1.consume(ServerLivenessMonitor.scala:41)
	at org.eclipse.lsp4j.jsonrpc.json.StreamMessageProducer.handleMessage(StreamMessageProducer.java:185)
	at org.eclipse.lsp4j.jsonrpc.json.StreamMessageProducer.listen(StreamMessageProducer.java:97)
	at org.eclipse.lsp4j.jsonrpc.json.ConcurrentMessageProcessor.run(ConcurrentMessageProcessor.java:114)
	at java.util.concurrent.Executors$RunnableAdapter.call(Executors.java:539)
	at java.util.concurrent.FutureTask.run(FutureTask.java:264)
	at java.util.concurrent.ThreadPoolExecutor.runWorker(ThreadPoolExecutor.java:1136)
	at java.util.concurrent.ThreadPoolExecutor$Worker.run(ThreadPoolExecutor.java:635)
	at java.lang.Thread.run(Thread.java:840)
[0m
2025.11.10 21:33:48 INFO  Processing buildTarget/compile[0m
2025.11.10 21:33:48 INFO  compiling root[0m
2025.11.10 21:33:48 INFO  compiling 16 Scala sources and 1 Java source to /home/kasukabe/schedule_kokubunji/backend/target/scala-2.13/classes ...[0m
2025.11.10 21:33:48 ERROR /home/kasukabe/schedule_kokubunji/backend/src/main/scala/service/AuthService.scala:41:71: not found: type User[0m
2025.11.10 21:33:48 ERROR def authenticate(username: String, password: String): Future[Option[User]] = {[0m
2025.11.10 21:33:48 ERROR ^[0m
2025.11.10 21:33:48 ERROR /home/kasukabe/schedule_kokubunji/backend/src/main/scala/controller/TestController.scala:18:26: not found: value StudentTable[0m
2025.11.10 21:33:48 ERROR private val students = StudentTable.students[0m
2025.11.10 21:33:48 ERROR ^[0m
2025.11.10 21:33:48 ERROR /home/kasukabe/schedule_kokubunji/backend/src/main/scala/controller/TestController.scala:20:39: not found: type Student[0m
2025.11.10 21:33:48 ERROR implicit val studentWrites: OWrites[Student] = Json.writes[Student][0m
2025.11.10 21:33:48 ERROR ^[0m
2025.11.10 21:33:48 ERROR /home/kasukabe/schedule_kokubunji/backend/src/main/scala/controller/TestController.scala:20:62: not found: type Student[0m
2025.11.10 21:33:48 ERROR implicit val studentWrites: OWrites[Student] = Json.writes[Student][0m
2025.11.10 21:33:48 ERROR ^[0m
2025.11.10 21:33:48 ERROR /home/kasukabe/schedule_kokubunji/backend/src/main/scala/repository/UserRepository.scala:5:8: not found: object tables[0m
2025.11.10 21:33:48 ERROR import tables.UserTable[0m
2025.11.10 21:33:48 ERROR ^[0m
2025.11.10 21:33:48 ERROR /home/kasukabe/schedule_kokubunji/backend/src/main/scala/repository/UserRepository.scala:24:36: not found: type UserTable[0m
2025.11.10 21:33:48 ERROR private val users : TableQuery[UserTable] = UserTable.methods[0m
2025.11.10 21:33:48 ERROR ^[0m
2025.11.10 21:33:48 ERROR /home/kasukabe/schedule_kokubunji/backend/src/main/scala/repository/UserRepository.scala:24:49: not found: value UserTable[0m
2025.11.10 21:33:48 ERROR private val users : TableQuery[UserTable] = UserTable.methods[0m
2025.11.10 21:33:48 ERROR ^[0m
2025.11.10 21:33:48 ERROR /home/kasukabe/schedule_kokubunji/backend/src/main/scala/repository/UserRepository.scala:45:28: ambiguous implicit values:
 both value BooleanColumnCanBeQueryCondition in object CanBeQueryCondition of type slick.lifted.CanBeQueryCondition[slick.lifted.Rep[Boolean]]
 and value BooleanOptionColumnCanBeQueryCondition in object CanBeQueryCondition of type slick.lifted.CanBeQueryCondition[slick.lifted.Rep[Option[Boolean]]]
 match expected type slick.lifted.CanBeQueryCondition[Nothing][0m
2025.11.10 21:33:48 ERROR db.run(users.filter(_.username === username).result.headOption)[0m
2025.11.10 21:33:48 ERROR ^[0m
2025.11.10 21:33:48 ERROR /home/kasukabe/schedule_kokubunji/backend/src/main/scala/security/SecuredAction.scala:22:69: not found: type JwtUtil[0m
2025.11.10 21:33:48 ERROR class SecuredAction @Inject()(parser: BodyParsers.Default, jwtUtil: JwtUtil)[0m
2025.11.10 21:33:48 ERROR ^[0m
2025.11.10 21:33:48 ERROR /home/kasukabe/schedule_kokubunji/backend/src/main/scala/security/SecuredAction.scala:35:80: type mismatch;
 found   : Option[String]
 required: String[0m
2025.11.10 21:33:48 ERROR val maybeToken : String = request.headers.get("Authorization").flatMap { header =>[0m
2025.11.10 21:33:48 ERROR ^[0m
2025.11.10 21:33:48 ERROR /home/kasukabe/schedule_kokubunji/backend/src/main/scala/service/AuthService.scala:20:46: not found: type UserRepository[0m
2025.11.10 21:33:48 ERROR class AuthService @Inject() (userRepository: UserRepository)[0m
2025.11.10 21:33:48 ERROR ^[0m
2025.11.10 21:33:48 ERROR /home/kasukabe/schedule_kokubunji/backend/src/main/scala/table/UserTable.scala:17:41: not found: type User[0m
2025.11.10 21:33:48 ERROR class UserTable(tag: Tag) extends Table[User](tag, "users") {[0m
2025.11.10 21:33:48 ERROR ^[0m
2025.11.10 21:33:48 ERROR /home/kasukabe/schedule_kokubunji/backend/src/main/scala/table/UserTable.scala:21:26: could not find implicit value for parameter tt: slick.ast.TypedType[enum.Role][0m
2025.11.10 21:33:48 ERROR def role = column[Role]("role")[0m
2025.11.10 21:33:48 ERROR ^[0m
2025.11.10 21:33:48 ERROR /home/kasukabe/schedule_kokubunji/backend/src/main/scala/utility/JwtUtil.scala:7:16: object Constants is not a member of package utility[0m
2025.11.10 21:33:48 ERROR import utility.Constants[0m
2025.11.10 21:33:48 ERROR ^[0m
2025.11.10 21:33:48 ERROR /home/kasukabe/schedule_kokubunji/backend/src/main/scala/utility/JwtUtil.scala:33:31: not found: type Format[0m
2025.11.10 21:33:48 ERROR implicit val jwtContent : Format[JwtContent] = Json.format[JwtContent][0m
2025.11.10 21:33:48 ERROR ^[0m
2025.11.10 21:33:48 ERROR /home/kasukabe/schedule_kokubunji/backend/src/main/scala/utility/JwtUtil.scala:27:44: not found: value Constants[0m
2025.11.10 21:33:48 ERROR private val expirationSeconds : Long = Constants.JwtExpirationSeconds[0m
2025.11.10 21:33:48 ERROR ^[0m
2025.11.10 21:33:48 ERROR /home/kasukabe/schedule_kokubunji/backend/src/main/scala/utility/JwtUtil.scala:33:52: not found: value Json[0m
2025.11.10 21:33:48 ERROR implicit val jwtContent : Format[JwtContent] = Json.format[JwtContent][0m
2025.11.10 21:33:48 ERROR ^[0m
2025.11.10 21:33:48 ERROR /home/kasukabe/schedule_kokubunji/backend/src/main/scala/utility/JwtUtil.scala:43:35: not found: value Json[0m
2025.11.10 21:33:48 ERROR val tmpContent : String = Json.stringify(Json.toJson(JwtContent(id, role)))[0m
2025.11.10 21:33:48 ERROR ^[0m
2025.11.10 21:33:48 ERROR /home/kasukabe/schedule_kokubunji/backend/src/main/scala/utility/JwtUtil.scala:43:50: not found: value Json[0m
2025.11.10 21:33:48 ERROR val tmpContent : String = Json.stringify(Json.toJson(JwtContent(id, role)))[0m
2025.11.10 21:33:48 ERROR ^[0m
2025.11.10 21:33:48 ERROR 19 errors found[0m
2025.11.10 21:33:48 INFO  time: compiled root in 0.42s[0m
2025.11.10 21:33:48 ERROR (Compile / compileIncremental) Compilation failed[0m
2025.11.10 21:33:48 INFO  Cancelling compilation on sbt server
org.eclipse.lsp4j.jsonrpc.ResponseErrorException: (Compile / compileIncremental) Compilation failed
	at org.eclipse.lsp4j.jsonrpc.RemoteEndpoint.handleResponse(RemoteEndpoint.java:220)
	at org.eclipse.lsp4j.jsonrpc.RemoteEndpoint.consume(RemoteEndpoint.java:204)
	at scala.meta.internal.metals.RequestMonitorImpl$$anon$1.consume(ServerLivenessMonitor.scala:41)
	at org.eclipse.lsp4j.jsonrpc.json.StreamMessageProducer.handleMessage(StreamMessageProducer.java:185)
	at org.eclipse.lsp4j.jsonrpc.json.StreamMessageProducer.listen(StreamMessageProducer.java:97)
	at org.eclipse.lsp4j.jsonrpc.json.ConcurrentMessageProcessor.run(ConcurrentMessageProcessor.java:114)
	at java.util.concurrent.Executors$RunnableAdapter.call(Executors.java:539)
	at java.util.concurrent.FutureTask.run(FutureTask.java:264)
	at java.util.concurrent.ThreadPoolExecutor.runWorker(ThreadPoolExecutor.java:1136)
	at java.util.concurrent.ThreadPoolExecutor$Worker.run(ThreadPoolExecutor.java:635)
	at java.lang.Thread.run(Thread.java:840)
[0m
2025.11.10 21:33:48 INFO  Processing buildTarget/scalaMainClasses[0m
2025.11.10 21:33:48 INFO  compiling root[0m
2025.11.10 21:33:48 INFO  compiling 16 Scala sources and 1 Java source to /home/kasukabe/schedule_kokubunji/backend/target/scala-2.13/classes ...[0m
2025.11.10 21:33:48 ERROR /home/kasukabe/schedule_kokubunji/backend/src/main/scala/service/AuthService.scala:41:71: not found: type User[0m
2025.11.10 21:33:48 ERROR def authenticate(username: String, password: String): Future[Option[User]] = {[0m
2025.11.10 21:33:48 ERROR ^[0m
2025.11.10 21:33:48 ERROR /home/kasukabe/schedule_kokubunji/backend/src/main/scala/controller/TestController.scala:18:26: not found: value StudentTable[0m
2025.11.10 21:33:48 ERROR private val students = StudentTable.students[0m
2025.11.10 21:33:48 ERROR ^[0m
2025.11.10 21:33:48 ERROR /home/kasukabe/schedule_kokubunji/backend/src/main/scala/controller/TestController.scala:20:39: not found: type Student[0m
2025.11.10 21:33:48 ERROR implicit val studentWrites: OWrites[Student] = Json.writes[Student][0m
2025.11.10 21:33:48 ERROR ^[0m
2025.11.10 21:33:48 ERROR /home/kasukabe/schedule_kokubunji/backend/src/main/scala/controller/TestController.scala:20:62: not found: type Student[0m
2025.11.10 21:33:48 ERROR implicit val studentWrites: OWrites[Student] = Json.writes[Student][0m
2025.11.10 21:33:48 ERROR ^[0m
2025.11.10 21:33:48 ERROR /home/kasukabe/schedule_kokubunji/backend/src/main/scala/repository/UserRepository.scala:5:8: not found: object tables[0m
2025.11.10 21:33:48 ERROR import tables.UserTable[0m
2025.11.10 21:33:48 ERROR ^[0m
2025.11.10 21:33:48 ERROR /home/kasukabe/schedule_kokubunji/backend/src/main/scala/repository/UserRepository.scala:24:36: not found: type UserTable[0m
2025.11.10 21:33:48 ERROR private val users : TableQuery[UserTable] = UserTable.methods[0m
2025.11.10 21:33:48 ERROR ^[0m
2025.11.10 21:33:48 ERROR /home/kasukabe/schedule_kokubunji/backend/src/main/scala/repository/UserRepository.scala:24:49: not found: value UserTable[0m
2025.11.10 21:33:48 ERROR private val users : TableQuery[UserTable] = UserTable.methods[0m
2025.11.10 21:33:48 ERROR ^[0m
2025.11.10 21:33:48 ERROR /home/kasukabe/schedule_kokubunji/backend/src/main/scala/repository/UserRepository.scala:45:28: ambiguous implicit values:
 both value BooleanColumnCanBeQueryCondition in object CanBeQueryCondition of type slick.lifted.CanBeQueryCondition[slick.lifted.Rep[Boolean]]
 and value BooleanOptionColumnCanBeQueryCondition in object CanBeQueryCondition of type slick.lifted.CanBeQueryCondition[slick.lifted.Rep[Option[Boolean]]]
 match expected type slick.lifted.CanBeQueryCondition[Nothing][0m
2025.11.10 21:33:48 ERROR db.run(users.filter(_.username === username).result.headOption)[0m
2025.11.10 21:33:48 ERROR ^[0m
2025.11.10 21:33:48 ERROR /home/kasukabe/schedule_kokubunji/backend/src/main/scala/security/SecuredAction.scala:22:69: not found: type JwtUtil[0m
2025.11.10 21:33:48 ERROR class SecuredAction @Inject()(parser: BodyParsers.Default, jwtUtil: JwtUtil)[0m
2025.11.10 21:33:48 ERROR ^[0m
2025.11.10 21:33:48 ERROR /home/kasukabe/schedule_kokubunji/backend/src/main/scala/security/SecuredAction.scala:35:80: type mismatch;
 found   : Option[String]
 required: String[0m
2025.11.10 21:33:48 ERROR val maybeToken : String = request.headers.get("Authorization").flatMap { header =>[0m
2025.11.10 21:33:48 ERROR ^[0m
2025.11.10 21:33:48 ERROR /home/kasukabe/schedule_kokubunji/backend/src/main/scala/service/AuthService.scala:20:46: not found: type UserRepository[0m
2025.11.10 21:33:48 ERROR class AuthService @Inject() (userRepository: UserRepository)[0m
2025.11.10 21:33:48 ERROR ^[0m
2025.11.10 21:33:48 ERROR /home/kasukabe/schedule_kokubunji/backend/src/main/scala/table/UserTable.scala:17:41: not found: type User[0m
2025.11.10 21:33:48 ERROR class UserTable(tag: Tag) extends Table[User](tag, "users") {[0m
2025.11.10 21:33:48 ERROR ^[0m
2025.11.10 21:33:48 ERROR /home/kasukabe/schedule_kokubunji/backend/src/main/scala/table/UserTable.scala:21:26: could not find implicit value for parameter tt: slick.ast.TypedType[enum.Role][0m
2025.11.10 21:33:48 ERROR def role = column[Role]("role")[0m
2025.11.10 21:33:48 ERROR ^[0m
2025.11.10 21:33:48 ERROR /home/kasukabe/schedule_kokubunji/backend/src/main/scala/utility/JwtUtil.scala:7:16: object Constants is not a member of package utility[0m
2025.11.10 21:33:48 ERROR import utility.Constants[0m
2025.11.10 21:33:48 ERROR ^[0m
2025.11.10 21:33:48 ERROR /home/kasukabe/schedule_kokubunji/backend/src/main/scala/utility/JwtUtil.scala:33:31: not found: type Format[0m
2025.11.10 21:33:48 ERROR implicit val jwtContent : Format[JwtContent] = Json.format[JwtContent][0m
2025.11.10 21:33:48 ERROR ^[0m
2025.11.10 21:33:48 ERROR /home/kasukabe/schedule_kokubunji/backend/src/main/scala/utility/JwtUtil.scala:27:44: not found: value Constants[0m
2025.11.10 21:33:48 ERROR private val expirationSeconds : Long = Constants.JwtExpirationSeconds[0m
2025.11.10 21:33:48 ERROR ^[0m
2025.11.10 21:33:48 ERROR /home/kasukabe/schedule_kokubunji/backend/src/main/scala/utility/JwtUtil.scala:33:52: not found: value Json[0m
2025.11.10 21:33:48 ERROR implicit val jwtContent : Format[JwtContent] = Json.format[JwtContent][0m
2025.11.10 21:33:48 ERROR ^[0m
2025.11.10 21:33:48 ERROR /home/kasukabe/schedule_kokubunji/backend/src/main/scala/utility/JwtUtil.scala:43:35: not found: value Json[0m
2025.11.10 21:33:48 ERROR val tmpContent : String = Json.stringify(Json.toJson(JwtContent(id, role)))[0m
2025.11.10 21:33:48 ERROR ^[0m
2025.11.10 21:33:48 ERROR /home/kasukabe/schedule_kokubunji/backend/src/main/scala/utility/JwtUtil.scala:43:50: not found: value Json[0m
2025.11.10 21:33:48 ERROR val tmpContent : String = Json.stringify(Json.toJson(JwtContent(id, role)))[0m
2025.11.10 21:33:48 ERROR ^[0m
2025.11.10 21:33:48 ERROR 19 errors found[0m
2025.11.10 21:33:48 INFO  time: compiled root in 0.41s[0m
2025.11.10 21:33:48 ERROR (Compile / compileIncremental) Compilation failed[0m
2025.11.10 21:33:48 INFO  Scala main classes not supported by server
org.eclipse.lsp4j.jsonrpc.ResponseErrorException: (Compile / compileIncremental) Compilation failed
	at org.eclipse.lsp4j.jsonrpc.RemoteEndpoint.handleResponse(RemoteEndpoint.java:220)
	at org.eclipse.lsp4j.jsonrpc.RemoteEndpoint.consume(RemoteEndpoint.java:204)
	at scala.meta.internal.metals.RequestMonitorImpl$$anon$1.consume(ServerLivenessMonitor.scala:41)
	at org.eclipse.lsp4j.jsonrpc.json.StreamMessageProducer.handleMessage(StreamMessageProducer.java:185)
	at org.eclipse.lsp4j.jsonrpc.json.StreamMessageProducer.listen(StreamMessageProducer.java:97)
	at org.eclipse.lsp4j.jsonrpc.json.ConcurrentMessageProcessor.run(ConcurrentMessageProcessor.java:114)
	at java.util.concurrent.Executors$RunnableAdapter.call(Executors.java:539)
	at java.util.concurrent.FutureTask.run(FutureTask.java:264)
	at java.util.concurrent.ThreadPoolExecutor.runWorker(ThreadPoolExecutor.java:1136)
	at java.util.concurrent.ThreadPoolExecutor$Worker.run(ThreadPoolExecutor.java:635)
	at java.lang.Thread.run(Thread.java:840)
[0m
2025.11.10 21:33:48 INFO  Processing buildTarget/scalaTestClasses[0m
2025.11.10 21:33:55 INFO  Processing buildTarget/compile[0m
2025.11.10 21:34:26 INFO  Processing buildTarget/compile[0m
2025.11.10 21:34:26 INFO  compiling root[0m
2025.11.10 21:34:26 INFO  compiling 16 Scala sources and 1 Java source to /home/kasukabe/schedule_kokubunji/backend/target/scala-2.13/classes ...[0m
2025.11.10 21:34:26 ERROR /home/kasukabe/schedule_kokubunji/backend/src/main/scala/controller/TestController.scala:18:26: not found: value StudentTable[0m
2025.11.10 21:34:26 ERROR private val students = StudentTable.students[0m
2025.11.10 21:34:26 ERROR ^[0m
2025.11.10 21:34:26 ERROR /home/kasukabe/schedule_kokubunji/backend/src/main/scala/controller/TestController.scala:20:39: not found: type Student[0m
2025.11.10 21:34:26 ERROR implicit val studentWrites: OWrites[Student] = Json.writes[Student][0m
2025.11.10 21:34:26 ERROR ^[0m
2025.11.10 21:34:26 ERROR /home/kasukabe/schedule_kokubunji/backend/src/main/scala/controller/TestController.scala:20:62: not found: type Student[0m
2025.11.10 21:34:26 ERROR implicit val studentWrites: OWrites[Student] = Json.writes[Student][0m
2025.11.10 21:34:26 ERROR ^[0m
2025.11.10 21:34:26 ERROR /home/kasukabe/schedule_kokubunji/backend/src/main/scala/repository/UserRepository.scala:5:8: not found: object tables[0m
2025.11.10 21:34:26 ERROR import tables.UserTable[0m
2025.11.10 21:34:26 ERROR ^[0m
2025.11.10 21:34:26 ERROR /home/kasukabe/schedule_kokubunji/backend/src/main/scala/repository/UserRepository.scala:24:36: not found: type UserTable[0m
2025.11.10 21:34:26 ERROR private val users : TableQuery[UserTable] = UserTable.methods[0m
2025.11.10 21:34:26 ERROR ^[0m
2025.11.10 21:34:26 ERROR /home/kasukabe/schedule_kokubunji/backend/src/main/scala/repository/UserRepository.scala:24:49: not found: value UserTable[0m
2025.11.10 21:34:26 ERROR private val users : TableQuery[UserTable] = UserTable.methods[0m
2025.11.10 21:34:26 ERROR ^[0m
2025.11.10 21:34:26 ERROR /home/kasukabe/schedule_kokubunji/backend/src/main/scala/repository/UserRepository.scala:45:28: ambiguous implicit values:
 both value BooleanColumnCanBeQueryCondition in object CanBeQueryCondition of type slick.lifted.CanBeQueryCondition[slick.lifted.Rep[Boolean]]
 and value BooleanOptionColumnCanBeQueryCondition in object CanBeQueryCondition of type slick.lifted.CanBeQueryCondition[slick.lifted.Rep[Option[Boolean]]]
 match expected type slick.lifted.CanBeQueryCondition[Nothing][0m
2025.11.10 21:34:26 ERROR db.run(users.filter(_.username === username).result.headOption)[0m
2025.11.10 21:34:26 ERROR ^[0m
2025.11.10 21:34:26 ERROR /home/kasukabe/schedule_kokubunji/backend/src/main/scala/security/SecuredAction.scala:22:69: not found: type JwtUtil[0m
2025.11.10 21:34:26 ERROR class SecuredAction @Inject()(parser: BodyParsers.Default, jwtUtil: JwtUtil)[0m
2025.11.10 21:34:26 ERROR ^[0m
2025.11.10 21:34:26 ERROR /home/kasukabe/schedule_kokubunji/backend/src/main/scala/security/SecuredAction.scala:35:80: type mismatch;
 found   : Option[String]
 required: String[0m
2025.11.10 21:34:26 ERROR val maybeToken : String = request.headers.get("Authorization").flatMap { header =>[0m
2025.11.10 21:34:26 ERROR ^[0m
2025.11.10 21:34:26 ERROR /home/kasukabe/schedule_kokubunji/backend/src/main/scala/service/AuthService.scala:21:46: not found: type UserRepository[0m
2025.11.10 21:34:26 ERROR class AuthService @Inject() (userRepository: UserRepository)[0m
2025.11.10 21:34:26 ERROR ^[0m
2025.11.10 21:34:26 ERROR /home/kasukabe/schedule_kokubunji/backend/src/main/scala/table/UserTable.scala:17:41: not found: type User[0m
2025.11.10 21:34:26 ERROR class UserTable(tag: Tag) extends Table[User](tag, "users") {[0m
2025.11.10 21:34:26 ERROR ^[0m
2025.11.10 21:34:26 ERROR /home/kasukabe/schedule_kokubunji/backend/src/main/scala/table/UserTable.scala:21:26: could not find implicit value for parameter tt: slick.ast.TypedType[enum.Role][0m
2025.11.10 21:34:26 ERROR def role = column[Role]("role")[0m
2025.11.10 21:34:26 ERROR ^[0m
2025.11.10 21:34:26 ERROR /home/kasukabe/schedule_kokubunji/backend/src/main/scala/utility/JwtUtil.scala:7:16: object Constants is not a member of package utility[0m
2025.11.10 21:34:26 ERROR import utility.Constants[0m
2025.11.10 21:34:26 ERROR ^[0m
2025.11.10 21:34:26 ERROR /home/kasukabe/schedule_kokubunji/backend/src/main/scala/utility/JwtUtil.scala:33:31: not found: type Format[0m
2025.11.10 21:34:26 ERROR implicit val jwtContent : Format[JwtContent] = Json.format[JwtContent][0m
2025.11.10 21:34:26 ERROR ^[0m
2025.11.10 21:34:26 ERROR /home/kasukabe/schedule_kokubunji/backend/src/main/scala/utility/JwtUtil.scala:27:44: not found: value Constants[0m
2025.11.10 21:34:26 ERROR private val expirationSeconds : Long = Constants.JwtExpirationSeconds[0m
2025.11.10 21:34:26 ERROR ^[0m
2025.11.10 21:34:26 ERROR /home/kasukabe/schedule_kokubunji/backend/src/main/scala/utility/JwtUtil.scala:33:52: not found: value Json[0m
2025.11.10 21:34:26 ERROR implicit val jwtContent : Format[JwtContent] = Json.format[JwtContent][0m
2025.11.10 21:34:26 ERROR ^[0m
2025.11.10 21:34:26 ERROR /home/kasukabe/schedule_kokubunji/backend/src/main/scala/utility/JwtUtil.scala:43:35: not found: value Json[0m
2025.11.10 21:34:26 ERROR val tmpContent : String = Json.stringify(Json.toJson(JwtContent(id, role)))[0m
2025.11.10 21:34:26 ERROR ^[0m
2025.11.10 21:34:26 ERROR /home/kasukabe/schedule_kokubunji/backend/src/main/scala/utility/JwtUtil.scala:43:50: not found: value Json[0m
2025.11.10 21:34:26 ERROR val tmpContent : String = Json.stringify(Json.toJson(JwtContent(id, role)))[0m
2025.11.10 21:34:26 ERROR ^[0m
2025.11.10 21:34:26 ERROR 18 errors found[0m
2025.11.10 21:34:26 INFO  time: compiled root in 0.42s[0m
2025.11.10 21:34:26 ERROR (Compile / compileIncremental) Compilation failed[0m
2025.11.10 21:34:26 INFO  Cancelling compilation on sbt server
org.eclipse.lsp4j.jsonrpc.ResponseErrorException: (Compile / compileIncremental) Compilation failed
	at org.eclipse.lsp4j.jsonrpc.RemoteEndpoint.handleResponse(RemoteEndpoint.java:220)
	at org.eclipse.lsp4j.jsonrpc.RemoteEndpoint.consume(RemoteEndpoint.java:204)
	at scala.meta.internal.metals.RequestMonitorImpl$$anon$1.consume(ServerLivenessMonitor.scala:41)
	at org.eclipse.lsp4j.jsonrpc.json.StreamMessageProducer.handleMessage(StreamMessageProducer.java:185)
	at org.eclipse.lsp4j.jsonrpc.json.StreamMessageProducer.listen(StreamMessageProducer.java:97)
	at org.eclipse.lsp4j.jsonrpc.json.ConcurrentMessageProcessor.run(ConcurrentMessageProcessor.java:114)
	at java.util.concurrent.Executors$RunnableAdapter.call(Executors.java:539)
	at java.util.concurrent.FutureTask.run(FutureTask.java:264)
	at java.util.concurrent.ThreadPoolExecutor.runWorker(ThreadPoolExecutor.java:1136)
	at java.util.concurrent.ThreadPoolExecutor$Worker.run(ThreadPoolExecutor.java:635)
	at java.lang.Thread.run(Thread.java:840)
[0m
2025.11.10 21:34:26 INFO  Processing buildTarget/scalaMainClasses[0m
2025.11.10 21:34:26 INFO  compiling root[0m
2025.11.10 21:34:26 INFO  compiling 16 Scala sources and 1 Java source to /home/kasukabe/schedule_kokubunji/backend/target/scala-2.13/classes ...[0m
2025.11.10 21:34:26 ERROR /home/kasukabe/schedule_kokubunji/backend/src/main/scala/controller/TestController.scala:18:26: not found: value StudentTable[0m
2025.11.10 21:34:26 ERROR private val students = StudentTable.students[0m
2025.11.10 21:34:26 ERROR ^[0m
2025.11.10 21:34:26 ERROR /home/kasukabe/schedule_kokubunji/backend/src/main/scala/controller/TestController.scala:20:39: not found: type Student[0m
2025.11.10 21:34:26 ERROR implicit val studentWrites: OWrites[Student] = Json.writes[Student][0m
2025.11.10 21:34:26 ERROR ^[0m
2025.11.10 21:34:26 ERROR /home/kasukabe/schedule_kokubunji/backend/src/main/scala/controller/TestController.scala:20:62: not found: type Student[0m
2025.11.10 21:34:26 ERROR implicit val studentWrites: OWrites[Student] = Json.writes[Student][0m
2025.11.10 21:34:26 ERROR ^[0m
2025.11.10 21:34:26 ERROR /home/kasukabe/schedule_kokubunji/backend/src/main/scala/repository/UserRepository.scala:5:8: not found: object tables[0m
2025.11.10 21:34:26 ERROR import tables.UserTable[0m
2025.11.10 21:34:26 ERROR ^[0m
2025.11.10 21:34:26 ERROR /home/kasukabe/schedule_kokubunji/backend/src/main/scala/repository/UserRepository.scala:24:36: not found: type UserTable[0m
2025.11.10 21:34:26 ERROR private val users : TableQuery[UserTable] = UserTable.methods[0m
2025.11.10 21:34:26 ERROR ^[0m
2025.11.10 21:34:26 ERROR /home/kasukabe/schedule_kokubunji/backend/src/main/scala/repository/UserRepository.scala:24:49: not found: value UserTable[0m
2025.11.10 21:34:26 ERROR private val users : TableQuery[UserTable] = UserTable.methods[0m
2025.11.10 21:34:26 ERROR ^[0m
2025.11.10 21:34:26 ERROR /home/kasukabe/schedule_kokubunji/backend/src/main/scala/repository/UserRepository.scala:45:28: ambiguous implicit values:
 both value BooleanColumnCanBeQueryCondition in object CanBeQueryCondition of type slick.lifted.CanBeQueryCondition[slick.lifted.Rep[Boolean]]
 and value BooleanOptionColumnCanBeQueryCondition in object CanBeQueryCondition of type slick.lifted.CanBeQueryCondition[slick.lifted.Rep[Option[Boolean]]]
 match expected type slick.lifted.CanBeQueryCondition[Nothing][0m
2025.11.10 21:34:26 ERROR db.run(users.filter(_.username === username).result.headOption)[0m
2025.11.10 21:34:26 ERROR ^[0m
2025.11.10 21:34:26 ERROR /home/kasukabe/schedule_kokubunji/backend/src/main/scala/security/SecuredAction.scala:22:69: not found: type JwtUtil[0m
2025.11.10 21:34:26 ERROR class SecuredAction @Inject()(parser: BodyParsers.Default, jwtUtil: JwtUtil)[0m
2025.11.10 21:34:26 ERROR ^[0m
2025.11.10 21:34:26 ERROR /home/kasukabe/schedule_kokubunji/backend/src/main/scala/security/SecuredAction.scala:35:80: type mismatch;
 found   : Option[String]
 required: String[0m
2025.11.10 21:34:26 ERROR val maybeToken : String = request.headers.get("Authorization").flatMap { header =>[0m
2025.11.10 21:34:26 ERROR ^[0m
2025.11.10 21:34:26 ERROR /home/kasukabe/schedule_kokubunji/backend/src/main/scala/service/AuthService.scala:21:46: not found: type UserRepository[0m
2025.11.10 21:34:26 ERROR class AuthService @Inject() (userRepository: UserRepository)[0m
2025.11.10 21:34:26 ERROR ^[0m
2025.11.10 21:34:26 ERROR /home/kasukabe/schedule_kokubunji/backend/src/main/scala/table/UserTable.scala:17:41: not found: type User[0m
2025.11.10 21:34:26 ERROR class UserTable(tag: Tag) extends Table[User](tag, "users") {[0m
2025.11.10 21:34:26 ERROR ^[0m
2025.11.10 21:34:26 ERROR /home/kasukabe/schedule_kokubunji/backend/src/main/scala/table/UserTable.scala:21:26: could not find implicit value for parameter tt: slick.ast.TypedType[enum.Role][0m
2025.11.10 21:34:26 ERROR def role = column[Role]("role")[0m
2025.11.10 21:34:26 ERROR ^[0m
2025.11.10 21:34:26 ERROR /home/kasukabe/schedule_kokubunji/backend/src/main/scala/utility/JwtUtil.scala:7:16: object Constants is not a member of package utility[0m
2025.11.10 21:34:26 ERROR import utility.Constants[0m
2025.11.10 21:34:26 ERROR ^[0m
2025.11.10 21:34:26 ERROR /home/kasukabe/schedule_kokubunji/backend/src/main/scala/utility/JwtUtil.scala:33:31: not found: type Format[0m
2025.11.10 21:34:26 ERROR implicit val jwtContent : Format[JwtContent] = Json.format[JwtContent][0m
2025.11.10 21:34:26 ERROR ^[0m
2025.11.10 21:34:26 ERROR /home/kasukabe/schedule_kokubunji/backend/src/main/scala/utility/JwtUtil.scala:27:44: not found: value Constants[0m
2025.11.10 21:34:26 ERROR private val expirationSeconds : Long = Constants.JwtExpirationSeconds[0m
2025.11.10 21:34:26 ERROR ^[0m
2025.11.10 21:34:26 ERROR /home/kasukabe/schedule_kokubunji/backend/src/main/scala/utility/JwtUtil.scala:33:52: not found: value Json[0m
2025.11.10 21:34:26 ERROR implicit val jwtContent : Format[JwtContent] = Json.format[JwtContent][0m
2025.11.10 21:34:26 ERROR ^[0m
2025.11.10 21:34:26 ERROR /home/kasukabe/schedule_kokubunji/backend/src/main/scala/utility/JwtUtil.scala:43:35: not found: value Json[0m
2025.11.10 21:34:26 ERROR val tmpContent : String = Json.stringify(Json.toJson(JwtContent(id, role)))[0m
2025.11.10 21:34:26 ERROR ^[0m
2025.11.10 21:34:26 ERROR /home/kasukabe/schedule_kokubunji/backend/src/main/scala/utility/JwtUtil.scala:43:50: not found: value Json[0m
2025.11.10 21:34:26 ERROR val tmpContent : String = Json.stringify(Json.toJson(JwtContent(id, role)))[0m
2025.11.10 21:34:26 ERROR ^[0m
2025.11.10 21:34:26 ERROR 18 errors found[0m
2025.11.10 21:34:26 INFO  time: compiled root in 0.44s[0m
2025.11.10 21:34:26 ERROR (Compile / compileIncremental) Compilation failed[0m
2025.11.10 21:34:27 INFO  Scala main classes not supported by server
org.eclipse.lsp4j.jsonrpc.ResponseErrorException: (Compile / compileIncremental) Compilation failed
	at org.eclipse.lsp4j.jsonrpc.RemoteEndpoint.handleResponse(RemoteEndpoint.java:220)
	at org.eclipse.lsp4j.jsonrpc.RemoteEndpoint.consume(RemoteEndpoint.java:204)
	at scala.meta.internal.metals.RequestMonitorImpl$$anon$1.consume(ServerLivenessMonitor.scala:41)
	at org.eclipse.lsp4j.jsonrpc.json.StreamMessageProducer.handleMessage(StreamMessageProducer.java:185)
	at org.eclipse.lsp4j.jsonrpc.json.StreamMessageProducer.listen(StreamMessageProducer.java:97)
	at org.eclipse.lsp4j.jsonrpc.json.ConcurrentMessageProcessor.run(ConcurrentMessageProcessor.java:114)
	at java.util.concurrent.Executors$RunnableAdapter.call(Executors.java:539)
	at java.util.concurrent.FutureTask.run(FutureTask.java:264)
	at java.util.concurrent.ThreadPoolExecutor.runWorker(ThreadPoolExecutor.java:1136)
	at java.util.concurrent.ThreadPoolExecutor$Worker.run(ThreadPoolExecutor.java:635)
	at java.lang.Thread.run(Thread.java:840)
[0m
2025.11.10 21:34:26 INFO  Processing buildTarget/scalaTestClasses[0m
2025.11.10 21:34:57 INFO  Processing buildTarget/compile[0m
2025.11.10 21:34:57 INFO  Processing buildTarget/compile[0m
2025.11.10 21:34:57 INFO  compiling root[0m
2025.11.10 21:34:57 INFO  compiling 16 Scala sources and 1 Java source to /home/kasukabe/schedule_kokubunji/backend/target/scala-2.13/classes ...[0m
2025.11.10 21:34:57 ERROR /home/kasukabe/schedule_kokubunji/backend/src/main/scala/controller/TestController.scala:18:26: not found: value StudentTable[0m
2025.11.10 21:34:57 ERROR private val students = StudentTable.students[0m
2025.11.10 21:34:57 ERROR ^[0m
2025.11.10 21:34:57 ERROR /home/kasukabe/schedule_kokubunji/backend/src/main/scala/controller/TestController.scala:20:39: not found: type Student[0m
2025.11.10 21:34:57 ERROR implicit val studentWrites: OWrites[Student] = Json.writes[Student][0m
2025.11.10 21:34:57 ERROR ^[0m
2025.11.10 21:34:57 ERROR /home/kasukabe/schedule_kokubunji/backend/src/main/scala/controller/TestController.scala:20:62: not found: type Student[0m
2025.11.10 21:34:57 ERROR implicit val studentWrites: OWrites[Student] = Json.writes[Student][0m
2025.11.10 21:34:57 ERROR ^[0m
2025.11.10 21:34:57 ERROR /home/kasukabe/schedule_kokubunji/backend/src/main/scala/repository/UserRepository.scala:5:8: not found: object tables[0m
2025.11.10 21:34:57 ERROR import tables.UserTable[0m
2025.11.10 21:34:57 ERROR ^[0m
2025.11.10 21:34:57 ERROR /home/kasukabe/schedule_kokubunji/backend/src/main/scala/repository/UserRepository.scala:24:36: not found: type UserTable[0m
2025.11.10 21:34:57 ERROR private val users : TableQuery[UserTable] = UserTable.methods[0m
2025.11.10 21:34:57 ERROR ^[0m
2025.11.10 21:34:57 ERROR /home/kasukabe/schedule_kokubunji/backend/src/main/scala/repository/UserRepository.scala:24:49: not found: value UserTable[0m
2025.11.10 21:34:57 ERROR private val users : TableQuery[UserTable] = UserTable.methods[0m
2025.11.10 21:34:57 ERROR ^[0m
2025.11.10 21:34:57 ERROR /home/kasukabe/schedule_kokubunji/backend/src/main/scala/repository/UserRepository.scala:45:28: ambiguous implicit values:
 both value BooleanColumnCanBeQueryCondition in object CanBeQueryCondition of type slick.lifted.CanBeQueryCondition[slick.lifted.Rep[Boolean]]
 and value BooleanOptionColumnCanBeQueryCondition in object CanBeQueryCondition of type slick.lifted.CanBeQueryCondition[slick.lifted.Rep[Option[Boolean]]]
 match expected type slick.lifted.CanBeQueryCondition[Nothing][0m
2025.11.10 21:34:57 ERROR db.run(users.filter(_.username === username).result.headOption)[0m
2025.11.10 21:34:57 ERROR ^[0m
2025.11.10 21:34:57 ERROR /home/kasukabe/schedule_kokubunji/backend/src/main/scala/security/SecuredAction.scala:22:69: not found: type JwtUtil[0m
2025.11.10 21:34:57 ERROR class SecuredAction @Inject()(parser: BodyParsers.Default, jwtUtil: JwtUtil)[0m
2025.11.10 21:34:57 ERROR ^[0m
2025.11.10 21:34:57 ERROR /home/kasukabe/schedule_kokubunji/backend/src/main/scala/security/SecuredAction.scala:35:80: type mismatch;
 found   : Option[String]
 required: String[0m
2025.11.10 21:34:57 ERROR val maybeToken : String = request.headers.get("Authorization").flatMap { header =>[0m
2025.11.10 21:34:57 ERROR ^[0m
2025.11.10 21:34:57 ERROR /home/kasukabe/schedule_kokubunji/backend/src/main/scala/table/UserTable.scala:17:41: not found: type User[0m
2025.11.10 21:34:57 ERROR class UserTable(tag: Tag) extends Table[User](tag, "users") {[0m
2025.11.10 21:34:57 ERROR ^[0m
2025.11.10 21:34:57 ERROR /home/kasukabe/schedule_kokubunji/backend/src/main/scala/table/UserTable.scala:21:26: could not find implicit value for parameter tt: slick.ast.TypedType[enum.Role][0m
2025.11.10 21:34:57 ERROR def role = column[Role]("role")[0m
2025.11.10 21:34:57 ERROR ^[0m
2025.11.10 21:34:57 ERROR /home/kasukabe/schedule_kokubunji/backend/src/main/scala/utility/JwtUtil.scala:7:16: object Constants is not a member of package utility[0m
2025.11.10 21:34:57 ERROR import utility.Constants[0m
2025.11.10 21:34:57 ERROR ^[0m
2025.11.10 21:34:57 ERROR /home/kasukabe/schedule_kokubunji/backend/src/main/scala/utility/JwtUtil.scala:33:31: not found: type Format[0m
2025.11.10 21:34:57 ERROR implicit val jwtContent : Format[JwtContent] = Json.format[JwtContent][0m
2025.11.10 21:34:57 ERROR ^[0m
2025.11.10 21:34:57 ERROR /home/kasukabe/schedule_kokubunji/backend/src/main/scala/utility/JwtUtil.scala:27:44: not found: value Constants[0m
2025.11.10 21:34:57 ERROR private val expirationSeconds : Long = Constants.JwtExpirationSeconds[0m
2025.11.10 21:34:57 ERROR ^[0m
2025.11.10 21:34:57 ERROR /home/kasukabe/schedule_kokubunji/backend/src/main/scala/utility/JwtUtil.scala:33:52: not found: value Json[0m
2025.11.10 21:34:57 ERROR implicit val jwtContent : Format[JwtContent] = Json.format[JwtContent][0m
2025.11.10 21:34:57 ERROR ^[0m
2025.11.10 21:34:57 ERROR /home/kasukabe/schedule_kokubunji/backend/src/main/scala/utility/JwtUtil.scala:43:35: not found: value Json[0m
2025.11.10 21:34:57 ERROR val tmpContent : String = Json.stringify(Json.toJson(JwtContent(id, role)))[0m
2025.11.10 21:34:57 ERROR ^[0m
2025.11.10 21:34:57 ERROR /home/kasukabe/schedule_kokubunji/backend/src/main/scala/utility/JwtUtil.scala:43:50: not found: value Json[0m
2025.11.10 21:34:57 ERROR val tmpContent : String = Json.stringify(Json.toJson(JwtContent(id, role)))[0m
2025.11.10 21:34:57 ERROR ^[0m
2025.11.10 21:34:57 ERROR 17 errors found[0m
2025.11.10 21:34:57 INFO  time: compiled root in 0.37s[0m
2025.11.10 21:34:57 ERROR (Compile / compileIncremental) Compilation failed[0m
2025.11.10 21:34:58 INFO  Cancelling compilation on sbt server
org.eclipse.lsp4j.jsonrpc.ResponseErrorException: (Compile / compileIncremental) Compilation failed
	at org.eclipse.lsp4j.jsonrpc.RemoteEndpoint.handleResponse(RemoteEndpoint.java:220)
	at org.eclipse.lsp4j.jsonrpc.RemoteEndpoint.consume(RemoteEndpoint.java:204)
	at scala.meta.internal.metals.RequestMonitorImpl$$anon$1.consume(ServerLivenessMonitor.scala:41)
	at org.eclipse.lsp4j.jsonrpc.json.StreamMessageProducer.handleMessage(StreamMessageProducer.java:185)
	at org.eclipse.lsp4j.jsonrpc.json.StreamMessageProducer.listen(StreamMessageProducer.java:97)
	at org.eclipse.lsp4j.jsonrpc.json.ConcurrentMessageProcessor.run(ConcurrentMessageProcessor.java:114)
	at java.util.concurrent.Executors$RunnableAdapter.call(Executors.java:539)
	at java.util.concurrent.FutureTask.run(FutureTask.java:264)
	at java.util.concurrent.ThreadPoolExecutor.runWorker(ThreadPoolExecutor.java:1136)
	at java.util.concurrent.ThreadPoolExecutor$Worker.run(ThreadPoolExecutor.java:635)
	at java.lang.Thread.run(Thread.java:840)
[0m
2025.11.10 21:34:57 INFO  Processing buildTarget/scalaMainClasses[0m
2025.11.10 21:34:57 INFO  compiling root[0m
2025.11.10 21:34:58 INFO  compiling 16 Scala sources and 1 Java source to /home/kasukabe/schedule_kokubunji/backend/target/scala-2.13/classes ...[0m
2025.11.10 21:34:58 ERROR /home/kasukabe/schedule_kokubunji/backend/src/main/scala/controller/TestController.scala:18:26: not found: value StudentTable[0m
2025.11.10 21:34:58 ERROR private val students = StudentTable.students[0m
2025.11.10 21:34:58 ERROR ^[0m
2025.11.10 21:34:58 ERROR /home/kasukabe/schedule_kokubunji/backend/src/main/scala/controller/TestController.scala:20:39: not found: type Student[0m
2025.11.10 21:34:58 ERROR implicit val studentWrites: OWrites[Student] = Json.writes[Student][0m
2025.11.10 21:34:58 ERROR ^[0m
2025.11.10 21:34:58 ERROR /home/kasukabe/schedule_kokubunji/backend/src/main/scala/controller/TestController.scala:20:62: not found: type Student[0m
2025.11.10 21:34:58 ERROR implicit val studentWrites: OWrites[Student] = Json.writes[Student][0m
2025.11.10 21:34:58 ERROR ^[0m
2025.11.10 21:34:58 ERROR /home/kasukabe/schedule_kokubunji/backend/src/main/scala/repository/UserRepository.scala:5:8: not found: object tables[0m
2025.11.10 21:34:58 ERROR import tables.UserTable[0m
2025.11.10 21:34:58 ERROR ^[0m
2025.11.10 21:34:58 ERROR /home/kasukabe/schedule_kokubunji/backend/src/main/scala/repository/UserRepository.scala:24:36: not found: type UserTable[0m
2025.11.10 21:34:58 ERROR private val users : TableQuery[UserTable] = UserTable.methods[0m
2025.11.10 21:34:58 ERROR ^[0m
2025.11.10 21:34:58 ERROR /home/kasukabe/schedule_kokubunji/backend/src/main/scala/repository/UserRepository.scala:24:49: not found: value UserTable[0m
2025.11.10 21:34:58 ERROR private val users : TableQuery[UserTable] = UserTable.methods[0m
2025.11.10 21:34:58 ERROR ^[0m
2025.11.10 21:34:58 ERROR /home/kasukabe/schedule_kokubunji/backend/src/main/scala/repository/UserRepository.scala:45:28: ambiguous implicit values:
 both value BooleanColumnCanBeQueryCondition in object CanBeQueryCondition of type slick.lifted.CanBeQueryCondition[slick.lifted.Rep[Boolean]]
 and value BooleanOptionColumnCanBeQueryCondition in object CanBeQueryCondition of type slick.lifted.CanBeQueryCondition[slick.lifted.Rep[Option[Boolean]]]
 match expected type slick.lifted.CanBeQueryCondition[Nothing][0m
2025.11.10 21:34:58 ERROR db.run(users.filter(_.username === username).result.headOption)[0m
2025.11.10 21:34:58 ERROR ^[0m
2025.11.10 21:34:58 ERROR /home/kasukabe/schedule_kokubunji/backend/src/main/scala/security/SecuredAction.scala:22:69: not found: type JwtUtil[0m
2025.11.10 21:34:58 ERROR class SecuredAction @Inject()(parser: BodyParsers.Default, jwtUtil: JwtUtil)[0m
2025.11.10 21:34:58 ERROR ^[0m
2025.11.10 21:34:58 ERROR /home/kasukabe/schedule_kokubunji/backend/src/main/scala/security/SecuredAction.scala:35:80: type mismatch;
 found   : Option[String]
 required: String[0m
2025.11.10 21:34:58 ERROR val maybeToken : String = request.headers.get("Authorization").flatMap { header =>[0m
2025.11.10 21:34:58 ERROR ^[0m
2025.11.10 21:34:58 ERROR /home/kasukabe/schedule_kokubunji/backend/src/main/scala/table/UserTable.scala:17:41: not found: type User[0m
2025.11.10 21:34:58 ERROR class UserTable(tag: Tag) extends Table[User](tag, "users") {[0m
2025.11.10 21:34:58 ERROR ^[0m
2025.11.10 21:34:58 ERROR /home/kasukabe/schedule_kokubunji/backend/src/main/scala/table/UserTable.scala:21:26: could not find implicit value for parameter tt: slick.ast.TypedType[enum.Role][0m
2025.11.10 21:34:58 ERROR def role = column[Role]("role")[0m
2025.11.10 21:34:58 ERROR ^[0m
2025.11.10 21:34:58 ERROR /home/kasukabe/schedule_kokubunji/backend/src/main/scala/utility/JwtUtil.scala:7:16: object Constants is not a member of package utility[0m
2025.11.10 21:34:58 ERROR import utility.Constants[0m
2025.11.10 21:34:58 ERROR ^[0m
2025.11.10 21:34:58 ERROR /home/kasukabe/schedule_kokubunji/backend/src/main/scala/utility/JwtUtil.scala:33:31: not found: type Format[0m
2025.11.10 21:34:58 ERROR implicit val jwtContent : Format[JwtContent] = Json.format[JwtContent][0m
2025.11.10 21:34:58 ERROR ^[0m
2025.11.10 21:34:58 ERROR /home/kasukabe/schedule_kokubunji/backend/src/main/scala/utility/JwtUtil.scala:27:44: not found: value Constants[0m
2025.11.10 21:34:58 ERROR private val expirationSeconds : Long = Constants.JwtExpirationSeconds[0m
2025.11.10 21:34:58 ERROR ^[0m
2025.11.10 21:34:58 ERROR /home/kasukabe/schedule_kokubunji/backend/src/main/scala/utility/JwtUtil.scala:33:52: not found: value Json[0m
2025.11.10 21:34:58 ERROR implicit val jwtContent : Format[JwtContent] = Json.format[JwtContent][0m
2025.11.10 21:34:58 ERROR ^[0m
2025.11.10 21:34:58 ERROR /home/kasukabe/schedule_kokubunji/backend/src/main/scala/utility/JwtUtil.scala:43:35: not found: value Json[0m
2025.11.10 21:34:58 ERROR val tmpContent : String = Json.stringify(Json.toJson(JwtContent(id, role)))[0m
2025.11.10 21:34:58 ERROR ^[0m
2025.11.10 21:34:58 ERROR /home/kasukabe/schedule_kokubunji/backend/src/main/scala/utility/JwtUtil.scala:43:50: not found: value Json[0m
2025.11.10 21:34:58 ERROR val tmpContent : String = Json.stringify(Json.toJson(JwtContent(id, role)))[0m
2025.11.10 21:34:58 ERROR ^[0m
2025.11.10 21:34:58 ERROR 17 errors found[0m
2025.11.10 21:34:58 INFO  time: compiled root in 0.41s[0m
2025.11.10 21:34:58 ERROR (Compile / compileIncremental) Compilation failed[0m
2025.11.10 21:34:58 INFO  Scala main classes not supported by server
org.eclipse.lsp4j.jsonrpc.ResponseErrorException: (Compile / compileIncremental) Compilation failed
	at org.eclipse.lsp4j.jsonrpc.RemoteEndpoint.handleResponse(RemoteEndpoint.java:220)
	at org.eclipse.lsp4j.jsonrpc.RemoteEndpoint.consume(RemoteEndpoint.java:204)
	at scala.meta.internal.metals.RequestMonitorImpl$$anon$1.consume(ServerLivenessMonitor.scala:41)
	at org.eclipse.lsp4j.jsonrpc.json.StreamMessageProducer.handleMessage(StreamMessageProducer.java:185)
	at org.eclipse.lsp4j.jsonrpc.json.StreamMessageProducer.listen(StreamMessageProducer.java:97)
	at org.eclipse.lsp4j.jsonrpc.json.ConcurrentMessageProcessor.run(ConcurrentMessageProcessor.java:114)
	at java.util.concurrent.Executors$RunnableAdapter.call(Executors.java:539)
	at java.util.concurrent.FutureTask.run(FutureTask.java:264)
	at java.util.concurrent.ThreadPoolExecutor.runWorker(ThreadPoolExecutor.java:1136)
	at java.util.concurrent.ThreadPoolExecutor$Worker.run(ThreadPoolExecutor.java:635)
	at java.lang.Thread.run(Thread.java:840)
[0m
2025.11.10 21:34:58 INFO  Processing buildTarget/scalaTestClasses[0m
2025.11.10 21:35:36 INFO  Processing buildTarget/compile[0m
2025.11.10 21:35:36 INFO  compiling root[0m
2025.11.10 21:35:36 INFO  compiling 15 Scala sources and 1 Java source to /home/kasukabe/schedule_kokubunji/backend/target/scala-2.13/classes ...[0m
2025.11.10 21:35:36 ERROR /home/kasukabe/schedule_kokubunji/backend/src/main/scala/repository/UserRepository.scala:5:8: not found: object tables[0m
2025.11.10 21:35:36 ERROR import tables.UserTable[0m
2025.11.10 21:35:36 ERROR ^[0m
2025.11.10 21:35:36 ERROR /home/kasukabe/schedule_kokubunji/backend/src/main/scala/repository/UserRepository.scala:24:36: not found: type UserTable[0m
2025.11.10 21:35:36 ERROR private val users : TableQuery[UserTable] = UserTable.methods[0m
2025.11.10 21:35:36 ERROR ^[0m
2025.11.10 21:35:36 ERROR /home/kasukabe/schedule_kokubunji/backend/src/main/scala/repository/UserRepository.scala:24:49: not found: value UserTable[0m
2025.11.10 21:35:36 ERROR private val users : TableQuery[UserTable] = UserTable.methods[0m
2025.11.10 21:35:36 ERROR ^[0m
2025.11.10 21:35:36 ERROR /home/kasukabe/schedule_kokubunji/backend/src/main/scala/repository/UserRepository.scala:45:28: ambiguous implicit values:
 both value BooleanColumnCanBeQueryCondition in object CanBeQueryCondition of type slick.lifted.CanBeQueryCondition[slick.lifted.Rep[Boolean]]
 and value BooleanOptionColumnCanBeQueryCondition in object CanBeQueryCondition of type slick.lifted.CanBeQueryCondition[slick.lifted.Rep[Option[Boolean]]]
 match expected type slick.lifted.CanBeQueryCondition[Nothing][0m
2025.11.10 21:35:36 ERROR db.run(users.filter(_.username === username).result.headOption)[0m
2025.11.10 21:35:36 ERROR ^[0m
2025.11.10 21:35:36 ERROR /home/kasukabe/schedule_kokubunji/backend/src/main/scala/security/SecuredAction.scala:22:69: not found: type JwtUtil[0m
2025.11.10 21:35:36 ERROR class SecuredAction @Inject()(parser: BodyParsers.Default, jwtUtil: JwtUtil)[0m
2025.11.10 21:35:36 ERROR ^[0m
2025.11.10 21:35:36 ERROR /home/kasukabe/schedule_kokubunji/backend/src/main/scala/security/SecuredAction.scala:35:80: type mismatch;
 found   : Option[String]
 required: String[0m
2025.11.10 21:35:36 ERROR val maybeToken : String = request.headers.get("Authorization").flatMap { header =>[0m
2025.11.10 21:35:36 ERROR ^[0m
2025.11.10 21:35:36 ERROR /home/kasukabe/schedule_kokubunji/backend/src/main/scala/table/UserTable.scala:17:41: not found: type User[0m
2025.11.10 21:35:36 ERROR class UserTable(tag: Tag) extends Table[User](tag, "users") {[0m
2025.11.10 21:35:36 ERROR ^[0m
2025.11.10 21:35:36 ERROR /home/kasukabe/schedule_kokubunji/backend/src/main/scala/table/UserTable.scala:21:26: could not find implicit value for parameter tt: slick.ast.TypedType[enum.Role][0m
2025.11.10 21:35:36 ERROR def role = column[Role]("role")[0m
2025.11.10 21:35:36 ERROR ^[0m
2025.11.10 21:35:36 ERROR /home/kasukabe/schedule_kokubunji/backend/src/main/scala/utility/JwtUtil.scala:7:16: object Constants is not a member of package utility[0m
2025.11.10 21:35:36 ERROR import utility.Constants[0m
2025.11.10 21:35:36 ERROR ^[0m
2025.11.10 21:35:36 ERROR /home/kasukabe/schedule_kokubunji/backend/src/main/scala/utility/JwtUtil.scala:33:31: not found: type Format[0m
2025.11.10 21:35:36 ERROR implicit val jwtContent : Format[JwtContent] = Json.format[JwtContent][0m
2025.11.10 21:35:36 ERROR ^[0m
2025.11.10 21:35:36 ERROR /home/kasukabe/schedule_kokubunji/backend/src/main/scala/utility/JwtUtil.scala:27:44: not found: value Constants[0m
2025.11.10 21:35:36 ERROR private val expirationSeconds : Long = Constants.JwtExpirationSeconds[0m
2025.11.10 21:35:36 ERROR ^[0m
2025.11.10 21:35:36 ERROR /home/kasukabe/schedule_kokubunji/backend/src/main/scala/utility/JwtUtil.scala:33:52: not found: value Json[0m
2025.11.10 21:35:36 ERROR implicit val jwtContent : Format[JwtContent] = Json.format[JwtContent][0m
2025.11.10 21:35:36 ERROR ^[0m
2025.11.10 21:35:36 ERROR /home/kasukabe/schedule_kokubunji/backend/src/main/scala/utility/JwtUtil.scala:43:35: not found: value Json[0m
2025.11.10 21:35:36 ERROR val tmpContent : String = Json.stringify(Json.toJson(JwtContent(id, role)))[0m
2025.11.10 21:35:36 ERROR ^[0m
2025.11.10 21:35:36 ERROR /home/kasukabe/schedule_kokubunji/backend/src/main/scala/utility/JwtUtil.scala:43:50: not found: value Json[0m
2025.11.10 21:35:36 ERROR val tmpContent : String = Json.stringify(Json.toJson(JwtContent(id, role)))[0m
2025.11.10 21:35:36 ERROR ^[0m
2025.11.10 21:35:36 ERROR /home/kasukabe/schedule_kokubunji/backend/conf/routes:1:1: type TestController is not a member of package controller[0m
2025.11.10 21:35:36 ERROR GET /students controller.TestController.getStudents()[0m
2025.11.10 21:35:36 ERROR /home/kasukabe/schedule_kokubunji/backend/conf/routes:1:1: type TestController is not a member of package controller[0m
2025.11.10 21:35:36 ERROR GET /students controller.TestController.getStudents()[0m
2025.11.10 21:35:36 ERROR 16 errors found[0m
2025.11.10 21:35:36 INFO  time: compiled root in 0.64s[0m
2025.11.10 21:35:36 ERROR (Compile / compileIncremental) Compilation failed[0m
2025.11.10 21:35:37 INFO  Cancelling compilation on sbt server
org.eclipse.lsp4j.jsonrpc.ResponseErrorException: (Compile / compileIncremental) Compilation failed
	at org.eclipse.lsp4j.jsonrpc.RemoteEndpoint.handleResponse(RemoteEndpoint.java:220)
	at org.eclipse.lsp4j.jsonrpc.RemoteEndpoint.consume(RemoteEndpoint.java:204)
	at scala.meta.internal.metals.RequestMonitorImpl$$anon$1.consume(ServerLivenessMonitor.scala:41)
	at org.eclipse.lsp4j.jsonrpc.json.StreamMessageProducer.handleMessage(StreamMessageProducer.java:185)
	at org.eclipse.lsp4j.jsonrpc.json.StreamMessageProducer.listen(StreamMessageProducer.java:97)
	at org.eclipse.lsp4j.jsonrpc.json.ConcurrentMessageProcessor.run(ConcurrentMessageProcessor.java:114)
	at java.util.concurrent.Executors$RunnableAdapter.call(Executors.java:539)
	at java.util.concurrent.FutureTask.run(FutureTask.java:264)
	at java.util.concurrent.ThreadPoolExecutor.runWorker(ThreadPoolExecutor.java:1136)
	at java.util.concurrent.ThreadPoolExecutor$Worker.run(ThreadPoolExecutor.java:635)
	at java.lang.Thread.run(Thread.java:840)
[0m
2025.11.10 21:35:36 INFO  Processing buildTarget/scalaMainClasses[0m
2025.11.10 21:35:36 INFO  compiling root[0m
2025.11.10 21:35:36 INFO  compiling 15 Scala sources and 1 Java source to /home/kasukabe/schedule_kokubunji/backend/target/scala-2.13/classes ...[0m
2025.11.10 21:35:36 ERROR /home/kasukabe/schedule_kokubunji/backend/src/main/scala/repository/UserRepository.scala:5:8: not found: object tables[0m
2025.11.10 21:35:36 ERROR import tables.UserTable[0m
2025.11.10 21:35:36 ERROR ^[0m
2025.11.10 21:35:36 ERROR /home/kasukabe/schedule_kokubunji/backend/src/main/scala/repository/UserRepository.scala:24:36: not found: type UserTable[0m
2025.11.10 21:35:36 ERROR private val users : TableQuery[UserTable] = UserTable.methods[0m
2025.11.10 21:35:36 ERROR ^[0m
2025.11.10 21:35:36 ERROR /home/kasukabe/schedule_kokubunji/backend/src/main/scala/repository/UserRepository.scala:24:49: not found: value UserTable[0m
2025.11.10 21:35:36 ERROR private val users : TableQuery[UserTable] = UserTable.methods[0m
2025.11.10 21:35:36 ERROR ^[0m
2025.11.10 21:35:36 ERROR /home/kasukabe/schedule_kokubunji/backend/src/main/scala/repository/UserRepository.scala:45:28: ambiguous implicit values:
 both value BooleanColumnCanBeQueryCondition in object CanBeQueryCondition of type slick.lifted.CanBeQueryCondition[slick.lifted.Rep[Boolean]]
 and value BooleanOptionColumnCanBeQueryCondition in object CanBeQueryCondition of type slick.lifted.CanBeQueryCondition[slick.lifted.Rep[Option[Boolean]]]
 match expected type slick.lifted.CanBeQueryCondition[Nothing][0m
2025.11.10 21:35:36 ERROR db.run(users.filter(_.username === username).result.headOption)[0m
2025.11.10 21:35:36 ERROR ^[0m
2025.11.10 21:35:36 ERROR /home/kasukabe/schedule_kokubunji/backend/src/main/scala/security/SecuredAction.scala:22:69: not found: type JwtUtil[0m
2025.11.10 21:35:36 ERROR class SecuredAction @Inject()(parser: BodyParsers.Default, jwtUtil: JwtUtil)[0m
2025.11.10 21:35:37 ERROR ^[0m
2025.11.10 21:35:37 ERROR /home/kasukabe/schedule_kokubunji/backend/src/main/scala/security/SecuredAction.scala:35:80: type mismatch;
 found   : Option[String]
 required: String[0m
2025.11.10 21:35:37 ERROR val maybeToken : String = request.headers.get("Authorization").flatMap { header =>[0m
2025.11.10 21:35:37 ERROR ^[0m
2025.11.10 21:35:37 ERROR /home/kasukabe/schedule_kokubunji/backend/src/main/scala/table/UserTable.scala:17:41: not found: type User[0m
2025.11.10 21:35:37 ERROR class UserTable(tag: Tag) extends Table[User](tag, "users") {[0m
2025.11.10 21:35:37 ERROR ^[0m
2025.11.10 21:35:37 ERROR /home/kasukabe/schedule_kokubunji/backend/src/main/scala/table/UserTable.scala:21:26: could not find implicit value for parameter tt: slick.ast.TypedType[enum.Role][0m
2025.11.10 21:35:37 ERROR def role = column[Role]("role")[0m
2025.11.10 21:35:37 ERROR ^[0m
2025.11.10 21:35:37 ERROR /home/kasukabe/schedule_kokubunji/backend/src/main/scala/utility/JwtUtil.scala:7:16: object Constants is not a member of package utility[0m
2025.11.10 21:35:37 ERROR import utility.Constants[0m
2025.11.10 21:35:37 ERROR ^[0m
2025.11.10 21:35:37 ERROR /home/kasukabe/schedule_kokubunji/backend/src/main/scala/utility/JwtUtil.scala:33:31: not found: type Format[0m
2025.11.10 21:35:37 ERROR implicit val jwtContent : Format[JwtContent] = Json.format[JwtContent][0m
2025.11.10 21:35:37 ERROR ^[0m
2025.11.10 21:35:37 ERROR /home/kasukabe/schedule_kokubunji/backend/src/main/scala/utility/JwtUtil.scala:27:44: not found: value Constants[0m
2025.11.10 21:35:37 ERROR private val expirationSeconds : Long = Constants.JwtExpirationSeconds[0m
2025.11.10 21:35:37 ERROR ^[0m
2025.11.10 21:35:37 ERROR /home/kasukabe/schedule_kokubunji/backend/src/main/scala/utility/JwtUtil.scala:33:52: not found: value Json[0m
2025.11.10 21:35:37 ERROR implicit val jwtContent : Format[JwtContent] = Json.format[JwtContent][0m
2025.11.10 21:35:37 ERROR ^[0m
2025.11.10 21:35:37 ERROR /home/kasukabe/schedule_kokubunji/backend/src/main/scala/utility/JwtUtil.scala:43:35: not found: value Json[0m
2025.11.10 21:35:37 ERROR val tmpContent : String = Json.stringify(Json.toJson(JwtContent(id, role)))[0m
2025.11.10 21:35:37 ERROR ^[0m
2025.11.10 21:35:37 ERROR /home/kasukabe/schedule_kokubunji/backend/src/main/scala/utility/JwtUtil.scala:43:50: not found: value Json[0m
2025.11.10 21:35:37 ERROR val tmpContent : String = Json.stringify(Json.toJson(JwtContent(id, role)))[0m
2025.11.10 21:35:37 ERROR ^[0m
2025.11.10 21:35:37 ERROR /home/kasukabe/schedule_kokubunji/backend/conf/routes:1:1: type TestController is not a member of package controller[0m
2025.11.10 21:35:37 ERROR GET /students controller.TestController.getStudents()[0m
2025.11.10 21:35:37 ERROR /home/kasukabe/schedule_kokubunji/backend/conf/routes:1:1: type TestController is not a member of package controller[0m
2025.11.10 21:35:37 ERROR GET /students controller.TestController.getStudents()[0m
2025.11.10 21:35:37 ERROR 16 errors found[0m
2025.11.10 21:35:37 INFO  time: compiled root in 0.38s[0m
2025.11.10 21:35:37 ERROR (Compile / compileIncremental) Compilation failed[0m
2025.11.10 21:35:37 INFO  Scala main classes not supported by server
org.eclipse.lsp4j.jsonrpc.ResponseErrorException: (Compile / compileIncremental) Compilation failed
	at org.eclipse.lsp4j.jsonrpc.RemoteEndpoint.handleResponse(RemoteEndpoint.java:220)
	at org.eclipse.lsp4j.jsonrpc.RemoteEndpoint.consume(RemoteEndpoint.java:204)
	at scala.meta.internal.metals.RequestMonitorImpl$$anon$1.consume(ServerLivenessMonitor.scala:41)
	at org.eclipse.lsp4j.jsonrpc.json.StreamMessageProducer.handleMessage(StreamMessageProducer.java:185)
	at org.eclipse.lsp4j.jsonrpc.json.StreamMessageProducer.listen(StreamMessageProducer.java:97)
	at org.eclipse.lsp4j.jsonrpc.json.ConcurrentMessageProcessor.run(ConcurrentMessageProcessor.java:114)
	at java.util.concurrent.Executors$RunnableAdapter.call(Executors.java:539)
	at java.util.concurrent.FutureTask.run(FutureTask.java:264)
	at java.util.concurrent.ThreadPoolExecutor.runWorker(ThreadPoolExecutor.java:1136)
	at java.util.concurrent.ThreadPoolExecutor$Worker.run(ThreadPoolExecutor.java:635)
	at java.lang.Thread.run(Thread.java:840)
[0m
2025.11.10 21:35:37 INFO  Processing buildTarget/scalaTestClasses[0m
2025.11.10 21:35:59 INFO  Processing buildTarget/compile[0m
2025.11.10 21:36:23 INFO  Processing buildTarget/compile[0m
2025.11.10 21:36:23 INFO  compiling root[0m
2025.11.10 21:36:23 INFO  compiling 15 Scala sources and 1 Java source to /home/kasukabe/schedule_kokubunji/backend/target/scala-2.13/classes ...[0m
2025.11.10 21:36:23 ERROR /home/kasukabe/schedule_kokubunji/backend/src/main/scala/table/UserTable.scala:17:41: not found: type User[0m
2025.11.10 21:36:23 ERROR class UserTable(tag: Tag) extends Table[User](tag, "users") {[0m
2025.11.10 21:36:23 ERROR ^[0m
2025.11.10 21:36:23 ERROR /home/kasukabe/schedule_kokubunji/backend/src/main/scala/security/SecuredAction.scala:22:69: not found: type JwtUtil[0m
2025.11.10 21:36:23 ERROR class SecuredAction @Inject()(parser: BodyParsers.Default, jwtUtil: JwtUtil)[0m
2025.11.10 21:36:23 ERROR ^[0m
2025.11.10 21:36:23 ERROR /home/kasukabe/schedule_kokubunji/backend/src/main/scala/security/SecuredAction.scala:35:80: type mismatch;
 found   : Option[String]
 required: String[0m
2025.11.10 21:36:23 ERROR val maybeToken : String = request.headers.get("Authorization").flatMap { header =>[0m
2025.11.10 21:36:23 ERROR ^[0m
2025.11.10 21:36:23 ERROR /home/kasukabe/schedule_kokubunji/backend/src/main/scala/table/UserTable.scala:21:26: could not find implicit value for parameter tt: slick.ast.TypedType[enum.Role][0m
2025.11.10 21:36:23 ERROR def role = column[Role]("role")[0m
2025.11.10 21:36:23 ERROR ^[0m
2025.11.10 21:36:23 ERROR /home/kasukabe/schedule_kokubunji/backend/src/main/scala/utility/JwtUtil.scala:7:16: object Constants is not a member of package utility[0m
2025.11.10 21:36:23 ERROR import utility.Constants[0m
2025.11.10 21:36:23 ERROR ^[0m
2025.11.10 21:36:23 ERROR /home/kasukabe/schedule_kokubunji/backend/src/main/scala/utility/JwtUtil.scala:33:31: not found: type Format[0m
2025.11.10 21:36:23 ERROR implicit val jwtContent : Format[JwtContent] = Json.format[JwtContent][0m
2025.11.10 21:36:23 ERROR ^[0m
2025.11.10 21:36:23 ERROR /home/kasukabe/schedule_kokubunji/backend/src/main/scala/utility/JwtUtil.scala:27:44: not found: value Constants[0m
2025.11.10 21:36:23 ERROR private val expirationSeconds : Long = Constants.JwtExpirationSeconds[0m
2025.11.10 21:36:23 ERROR ^[0m
2025.11.10 21:36:23 ERROR /home/kasukabe/schedule_kokubunji/backend/src/main/scala/utility/JwtUtil.scala:33:52: not found: value Json[0m
2025.11.10 21:36:23 ERROR implicit val jwtContent : Format[JwtContent] = Json.format[JwtContent][0m
2025.11.10 21:36:23 ERROR ^[0m
2025.11.10 21:36:23 ERROR /home/kasukabe/schedule_kokubunji/backend/src/main/scala/utility/JwtUtil.scala:43:35: not found: value Json[0m
2025.11.10 21:36:23 ERROR val tmpContent : String = Json.stringify(Json.toJson(JwtContent(id, role)))[0m
2025.11.10 21:36:23 ERROR ^[0m
2025.11.10 21:36:23 ERROR /home/kasukabe/schedule_kokubunji/backend/src/main/scala/utility/JwtUtil.scala:43:50: not found: value Json[0m
2025.11.10 21:36:23 ERROR val tmpContent : String = Json.stringify(Json.toJson(JwtContent(id, role)))[0m
2025.11.10 21:36:23 ERROR ^[0m
2025.11.10 21:36:23 ERROR 10 errors found[0m
2025.11.10 21:36:23 INFO  time: compiled root in 0.57s[0m
2025.11.10 21:36:24 INFO  Cancelling compilation on sbt server
org.eclipse.lsp4j.jsonrpc.ResponseErrorException: (Compile / compileIncremental) Compilation failed
	at org.eclipse.lsp4j.jsonrpc.RemoteEndpoint.handleResponse(RemoteEndpoint.java:220)
	at org.eclipse.lsp4j.jsonrpc.RemoteEndpoint.consume(RemoteEndpoint.java:204)
	at scala.meta.internal.metals.RequestMonitorImpl$$anon$1.consume(ServerLivenessMonitor.scala:41)
	at org.eclipse.lsp4j.jsonrpc.json.StreamMessageProducer.handleMessage(StreamMessageProducer.java:185)
	at org.eclipse.lsp4j.jsonrpc.json.StreamMessageProducer.listen(StreamMessageProducer.java:97)
	at org.eclipse.lsp4j.jsonrpc.json.ConcurrentMessageProcessor.run(ConcurrentMessageProcessor.java:114)
	at java.util.concurrent.Executors$RunnableAdapter.call(Executors.java:539)
	at java.util.concurrent.FutureTask.run(FutureTask.java:264)
	at java.util.concurrent.ThreadPoolExecutor.runWorker(ThreadPoolExecutor.java:1136)
	at java.util.concurrent.ThreadPoolExecutor$Worker.run(ThreadPoolExecutor.java:635)
	at java.lang.Thread.run(Thread.java:840)
[0m
2025.11.10 21:36:23 ERROR (Compile / compileIncremental) Compilation failed[0m
2025.11.10 21:36:23 INFO  Processing buildTarget/scalaMainClasses[0m
2025.11.10 21:36:23 INFO  compiling root[0m
2025.11.10 21:36:23 INFO  compiling 15 Scala sources and 1 Java source to /home/kasukabe/schedule_kokubunji/backend/target/scala-2.13/classes ...[0m
2025.11.10 21:36:23 ERROR /home/kasukabe/schedule_kokubunji/backend/src/main/scala/table/UserTable.scala:17:41: not found: type User[0m
2025.11.10 21:36:23 ERROR class UserTable(tag: Tag) extends Table[User](tag, "users") {[0m
2025.11.10 21:36:23 ERROR ^[0m
2025.11.10 21:36:24 ERROR /home/kasukabe/schedule_kokubunji/backend/src/main/scala/security/SecuredAction.scala:22:69: not found: type JwtUtil[0m
2025.11.10 21:36:24 ERROR class SecuredAction @Inject()(parser: BodyParsers.Default, jwtUtil: JwtUtil)[0m
2025.11.10 21:36:24 ERROR ^[0m
2025.11.10 21:36:24 ERROR /home/kasukabe/schedule_kokubunji/backend/src/main/scala/security/SecuredAction.scala:35:80: type mismatch;
 found   : Option[String]
 required: String[0m
2025.11.10 21:36:24 ERROR val maybeToken : String = request.headers.get("Authorization").flatMap { header =>[0m
2025.11.10 21:36:24 ERROR ^[0m
2025.11.10 21:36:24 ERROR /home/kasukabe/schedule_kokubunji/backend/src/main/scala/table/UserTable.scala:21:26: could not find implicit value for parameter tt: slick.ast.TypedType[enum.Role][0m
2025.11.10 21:36:24 ERROR def role = column[Role]("role")[0m
2025.11.10 21:36:24 ERROR ^[0m
2025.11.10 21:36:24 ERROR /home/kasukabe/schedule_kokubunji/backend/src/main/scala/utility/JwtUtil.scala:7:16: object Constants is not a member of package utility[0m
2025.11.10 21:36:24 ERROR import utility.Constants[0m
2025.11.10 21:36:24 ERROR ^[0m
2025.11.10 21:36:24 ERROR /home/kasukabe/schedule_kokubunji/backend/src/main/scala/utility/JwtUtil.scala:33:31: not found: type Format[0m
2025.11.10 21:36:24 ERROR implicit val jwtContent : Format[JwtContent] = Json.format[JwtContent][0m
2025.11.10 21:36:24 ERROR ^[0m
2025.11.10 21:36:24 ERROR /home/kasukabe/schedule_kokubunji/backend/src/main/scala/utility/JwtUtil.scala:27:44: not found: value Constants[0m
2025.11.10 21:36:24 ERROR private val expirationSeconds : Long = Constants.JwtExpirationSeconds[0m
2025.11.10 21:36:24 ERROR ^[0m
2025.11.10 21:36:24 ERROR /home/kasukabe/schedule_kokubunji/backend/src/main/scala/utility/JwtUtil.scala:33:52: not found: value Json[0m
2025.11.10 21:36:24 ERROR implicit val jwtContent : Format[JwtContent] = Json.format[JwtContent][0m
2025.11.10 21:36:24 ERROR ^[0m
2025.11.10 21:36:24 ERROR /home/kasukabe/schedule_kokubunji/backend/src/main/scala/utility/JwtUtil.scala:43:35: not found: value Json[0m
2025.11.10 21:36:24 ERROR val tmpContent : String = Json.stringify(Json.toJson(JwtContent(id, role)))[0m
2025.11.10 21:36:24 ERROR ^[0m
2025.11.10 21:36:24 ERROR /home/kasukabe/schedule_kokubunji/backend/src/main/scala/utility/JwtUtil.scala:43:50: not found: value Json[0m
2025.11.10 21:36:24 ERROR val tmpContent : String = Json.stringify(Json.toJson(JwtContent(id, role)))[0m
2025.11.10 21:36:24 ERROR ^[0m
2025.11.10 21:36:24 ERROR 10 errors found[0m
2025.11.10 21:36:24 INFO  time: compiled root in 0.37s[0m
2025.11.10 21:36:24 ERROR (Compile / compileIncremental) Compilation failed[0m
2025.11.10 21:36:24 INFO  Scala main classes not supported by server
org.eclipse.lsp4j.jsonrpc.ResponseErrorException: (Compile / compileIncremental) Compilation failed
	at org.eclipse.lsp4j.jsonrpc.RemoteEndpoint.handleResponse(RemoteEndpoint.java:220)
	at org.eclipse.lsp4j.jsonrpc.RemoteEndpoint.consume(RemoteEndpoint.java:204)
	at scala.meta.internal.metals.RequestMonitorImpl$$anon$1.consume(ServerLivenessMonitor.scala:41)
	at org.eclipse.lsp4j.jsonrpc.json.StreamMessageProducer.handleMessage(StreamMessageProducer.java:185)
	at org.eclipse.lsp4j.jsonrpc.json.StreamMessageProducer.listen(StreamMessageProducer.java:97)
	at org.eclipse.lsp4j.jsonrpc.json.ConcurrentMessageProcessor.run(ConcurrentMessageProcessor.java:114)
	at java.util.concurrent.Executors$RunnableAdapter.call(Executors.java:539)
	at java.util.concurrent.FutureTask.run(FutureTask.java:264)
	at java.util.concurrent.ThreadPoolExecutor.runWorker(ThreadPoolExecutor.java:1136)
	at java.util.concurrent.ThreadPoolExecutor$Worker.run(ThreadPoolExecutor.java:635)
	at java.lang.Thread.run(Thread.java:840)
[0m
2025.11.10 21:36:24 INFO  Processing buildTarget/scalaTestClasses[0m
Nov 10, 2025 9:36:49 PM org.eclipse.lsp4j.jsonrpc.RemoteEndpoint handleCancellation
WARNING: Unmatched cancel notification for request id 2342
2025.11.10 21:37:01 INFO  Processing buildTarget/compile[0m
2025.11.10 21:37:03 INFO  Processing buildTarget/compile[0m
2025.11.10 21:37:03 INFO  compiling root[0m
2025.11.10 21:37:03 INFO  compiling 15 Scala sources and 1 Java source to /home/kasukabe/schedule_kokubunji/backend/target/scala-2.13/classes ...[0m
2025.11.10 21:37:03 ERROR /home/kasukabe/schedule_kokubunji/backend/src/main/scala/table/UserTable.scala:17:41: not found: type User[0m
2025.11.10 21:37:03 ERROR class UserTable(tag: Tag) extends Table[User](tag, "users") {[0m
2025.11.10 21:37:03 ERROR ^[0m
2025.11.10 21:37:03 ERROR /home/kasukabe/schedule_kokubunji/backend/src/main/scala/security/SecuredAction.scala:36:80: type mismatch;
 found   : Option[String]
 required: String[0m
2025.11.10 21:37:03 ERROR val maybeToken : String = request.headers.get("Authorization").flatMap { header =>[0m
2025.11.10 21:37:03 ERROR ^[0m
2025.11.10 21:37:03 ERROR /home/kasukabe/schedule_kokubunji/backend/src/main/scala/security/SecuredAction.scala:46:36: type mismatch;
 found   : String => Option[pdi.jwt.JwtClaim]
 required: Char => ?[0m
2025.11.10 21:37:03 ERROR maybeToken.flatMap(jwtUtil.decodeToken) match {[0m
2025.11.10 21:37:03 ERROR ^[0m
2025.11.10 21:37:03 ERROR /home/kasukabe/schedule_kokubunji/backend/src/main/scala/table/UserTable.scala:21:26: could not find implicit value for parameter tt: slick.ast.TypedType[enum.Role][0m
2025.11.10 21:37:03 ERROR def role = column[Role]("role")[0m
2025.11.10 21:37:03 ERROR ^[0m
2025.11.10 21:37:03 ERROR /home/kasukabe/schedule_kokubunji/backend/src/main/scala/utility/JwtUtil.scala:7:16: object Constants is not a member of package utility[0m
2025.11.10 21:37:03 ERROR import utility.Constants[0m
2025.11.10 21:37:03 ERROR ^[0m
2025.11.10 21:37:03 ERROR /home/kasukabe/schedule_kokubunji/backend/src/main/scala/utility/JwtUtil.scala:33:31: not found: type Format[0m
2025.11.10 21:37:03 ERROR implicit val jwtContent : Format[JwtContent] = Json.format[JwtContent][0m
2025.11.10 21:37:03 ERROR ^[0m
2025.11.10 21:37:03 ERROR /home/kasukabe/schedule_kokubunji/backend/src/main/scala/utility/JwtUtil.scala:27:44: not found: value Constants[0m
2025.11.10 21:37:03 ERROR private val expirationSeconds : Long = Constants.JwtExpirationSeconds[0m
2025.11.10 21:37:03 ERROR ^[0m
2025.11.10 21:37:03 ERROR /home/kasukabe/schedule_kokubunji/backend/src/main/scala/utility/JwtUtil.scala:33:52: not found: value Json[0m
2025.11.10 21:37:03 ERROR implicit val jwtContent : Format[JwtContent] = Json.format[JwtContent][0m
2025.11.10 21:37:03 ERROR ^[0m
2025.11.10 21:37:03 ERROR /home/kasukabe/schedule_kokubunji/backend/src/main/scala/utility/JwtUtil.scala:43:35: not found: value Json[0m
2025.11.10 21:37:03 ERROR val tmpContent : String = Json.stringify(Json.toJson(JwtContent(id, role)))[0m
2025.11.10 21:37:03 ERROR ^[0m
2025.11.10 21:37:03 ERROR /home/kasukabe/schedule_kokubunji/backend/src/main/scala/utility/JwtUtil.scala:43:50: not found: value Json[0m
2025.11.10 21:37:03 ERROR val tmpContent : String = Json.stringify(Json.toJson(JwtContent(id, role)))[0m
2025.11.10 21:37:03 ERROR ^[0m
2025.11.10 21:37:03 ERROR 10 errors found[0m
2025.11.10 21:37:03 INFO  time: compiled root in 0.41s[0m
2025.11.10 21:37:03 ERROR (Compile / compileIncremental) Compilation failed[0m
2025.11.10 21:37:03 INFO  Cancelling compilation on sbt server
org.eclipse.lsp4j.jsonrpc.ResponseErrorException: (Compile / compileIncremental) Compilation failed
	at org.eclipse.lsp4j.jsonrpc.RemoteEndpoint.handleResponse(RemoteEndpoint.java:220)
	at org.eclipse.lsp4j.jsonrpc.RemoteEndpoint.consume(RemoteEndpoint.java:204)
	at scala.meta.internal.metals.RequestMonitorImpl$$anon$1.consume(ServerLivenessMonitor.scala:41)
	at org.eclipse.lsp4j.jsonrpc.json.StreamMessageProducer.handleMessage(StreamMessageProducer.java:185)
	at org.eclipse.lsp4j.jsonrpc.json.StreamMessageProducer.listen(StreamMessageProducer.java:97)
	at org.eclipse.lsp4j.jsonrpc.json.ConcurrentMessageProcessor.run(ConcurrentMessageProcessor.java:114)
	at java.util.concurrent.Executors$RunnableAdapter.call(Executors.java:539)
	at java.util.concurrent.FutureTask.run(FutureTask.java:264)
	at java.util.concurrent.ThreadPoolExecutor.runWorker(ThreadPoolExecutor.java:1136)
	at java.util.concurrent.ThreadPoolExecutor$Worker.run(ThreadPoolExecutor.java:635)
	at java.lang.Thread.run(Thread.java:840)
[0m
2025.11.10 21:37:03 INFO  Processing buildTarget/scalaMainClasses[0m
2025.11.10 21:37:03 INFO  compiling root[0m
2025.11.10 21:37:03 INFO  compiling 15 Scala sources and 1 Java source to /home/kasukabe/schedule_kokubunji/backend/target/scala-2.13/classes ...[0m
2025.11.10 21:37:03 ERROR /home/kasukabe/schedule_kokubunji/backend/src/main/scala/table/UserTable.scala:17:41: not found: type User[0m
2025.11.10 21:37:03 ERROR class UserTable(tag: Tag) extends Table[User](tag, "users") {[0m
2025.11.10 21:37:03 ERROR ^[0m
2025.11.10 21:37:03 ERROR /home/kasukabe/schedule_kokubunji/backend/src/main/scala/security/SecuredAction.scala:36:80: type mismatch;
 found   : Option[String]
 required: String[0m
2025.11.10 21:37:03 ERROR val maybeToken : String = request.headers.get("Authorization").flatMap { header =>[0m
2025.11.10 21:37:03 ERROR ^[0m
2025.11.10 21:37:03 ERROR /home/kasukabe/schedule_kokubunji/backend/src/main/scala/security/SecuredAction.scala:46:36: type mismatch;
 found   : String => Option[pdi.jwt.JwtClaim]
 required: Char => ?[0m
2025.11.10 21:37:03 ERROR maybeToken.flatMap(jwtUtil.decodeToken) match {[0m
2025.11.10 21:37:03 ERROR ^[0m
2025.11.10 21:37:03 ERROR /home/kasukabe/schedule_kokubunji/backend/src/main/scala/table/UserTable.scala:21:26: could not find implicit value for parameter tt: slick.ast.TypedType[enum.Role][0m
2025.11.10 21:37:03 ERROR def role = column[Role]("role")[0m
2025.11.10 21:37:03 ERROR ^[0m
2025.11.10 21:37:03 ERROR /home/kasukabe/schedule_kokubunji/backend/src/main/scala/utility/JwtUtil.scala:7:16: object Constants is not a member of package utility[0m
2025.11.10 21:37:03 ERROR import utility.Constants[0m
2025.11.10 21:37:03 ERROR ^[0m
2025.11.10 21:37:03 ERROR /home/kasukabe/schedule_kokubunji/backend/src/main/scala/utility/JwtUtil.scala:33:31: not found: type Format[0m
2025.11.10 21:37:03 ERROR implicit val jwtContent : Format[JwtContent] = Json.format[JwtContent][0m
2025.11.10 21:37:03 ERROR ^[0m
2025.11.10 21:37:03 ERROR /home/kasukabe/schedule_kokubunji/backend/src/main/scala/utility/JwtUtil.scala:27:44: not found: value Constants[0m
2025.11.10 21:37:03 ERROR private val expirationSeconds : Long = Constants.JwtExpirationSeconds[0m
2025.11.10 21:37:03 ERROR ^[0m
2025.11.10 21:37:03 ERROR /home/kasukabe/schedule_kokubunji/backend/src/main/scala/utility/JwtUtil.scala:33:52: not found: value Json[0m
2025.11.10 21:37:03 ERROR implicit val jwtContent : Format[JwtContent] = Json.format[JwtContent][0m
2025.11.10 21:37:03 ERROR ^[0m
2025.11.10 21:37:03 ERROR /home/kasukabe/schedule_kokubunji/backend/src/main/scala/utility/JwtUtil.scala:43:35: not found: value Json[0m
2025.11.10 21:37:03 ERROR val tmpContent : String = Json.stringify(Json.toJson(JwtContent(id, role)))[0m
2025.11.10 21:37:03 ERROR ^[0m
2025.11.10 21:37:03 ERROR /home/kasukabe/schedule_kokubunji/backend/src/main/scala/utility/JwtUtil.scala:43:50: not found: value Json[0m
2025.11.10 21:37:03 ERROR val tmpContent : String = Json.stringify(Json.toJson(JwtContent(id, role)))[0m
2025.11.10 21:37:03 ERROR ^[0m
2025.11.10 21:37:03 ERROR 10 errors found[0m
2025.11.10 21:37:03 INFO  time: compiled root in 0.38s[0m
2025.11.10 21:37:03 ERROR (Compile / compileIncremental) Compilation failed[0m
2025.11.10 21:37:04 INFO  Scala main classes not supported by server
org.eclipse.lsp4j.jsonrpc.ResponseErrorException: (Compile / compileIncremental) Compilation failed
	at org.eclipse.lsp4j.jsonrpc.RemoteEndpoint.handleResponse(RemoteEndpoint.java:220)
	at org.eclipse.lsp4j.jsonrpc.RemoteEndpoint.consume(RemoteEndpoint.java:204)
	at scala.meta.internal.metals.RequestMonitorImpl$$anon$1.consume(ServerLivenessMonitor.scala:41)
	at org.eclipse.lsp4j.jsonrpc.json.StreamMessageProducer.handleMessage(StreamMessageProducer.java:185)
	at org.eclipse.lsp4j.jsonrpc.json.StreamMessageProducer.listen(StreamMessageProducer.java:97)
	at org.eclipse.lsp4j.jsonrpc.json.ConcurrentMessageProcessor.run(ConcurrentMessageProcessor.java:114)
	at java.util.concurrent.Executors$RunnableAdapter.call(Executors.java:539)
	at java.util.concurrent.FutureTask.run(FutureTask.java:264)
	at java.util.concurrent.ThreadPoolExecutor.runWorker(ThreadPoolExecutor.java:1136)
	at java.util.concurrent.ThreadPoolExecutor$Worker.run(ThreadPoolExecutor.java:635)
	at java.lang.Thread.run(Thread.java:840)
[0m
2025.11.10 21:37:03 INFO  Processing buildTarget/scalaTestClasses[0m
2025.11.10 21:37:22 INFO  Processing buildTarget/compile[0m
2025.11.10 21:37:22 INFO  compiling root[0m
2025.11.10 21:37:22 INFO  compiling 15 Scala sources and 1 Java source to /home/kasukabe/schedule_kokubunji/backend/target/scala-2.13/classes ...[0m
2025.11.10 21:37:22 ERROR /home/kasukabe/schedule_kokubunji/backend/src/main/scala/table/UserTable.scala:17:41: not found: type User[0m
2025.11.10 21:37:22 ERROR class UserTable(tag: Tag) extends Table[User](tag, "users") {[0m
2025.11.10 21:37:22 ERROR ^[0m
2025.11.10 21:37:22 ERROR /home/kasukabe/schedule_kokubunji/backend/src/main/scala/table/UserTable.scala:21:26: could not find implicit value for parameter tt: slick.ast.TypedType[enum.Role][0m
2025.11.10 21:37:22 ERROR def role = column[Role]("role")[0m
2025.11.10 21:37:22 ERROR ^[0m
2025.11.10 21:37:22 ERROR /home/kasukabe/schedule_kokubunji/backend/src/main/scala/utility/JwtUtil.scala:7:16: object Constants is not a member of package utility[0m
2025.11.10 21:37:22 ERROR import utility.Constants[0m
2025.11.10 21:37:22 ERROR ^[0m
2025.11.10 21:37:22 ERROR /home/kasukabe/schedule_kokubunji/backend/src/main/scala/utility/JwtUtil.scala:33:31: not found: type Format[0m
2025.11.10 21:37:22 ERROR implicit val jwtContent : Format[JwtContent] = Json.format[JwtContent][0m
2025.11.10 21:37:22 ERROR ^[0m
2025.11.10 21:37:22 ERROR /home/kasukabe/schedule_kokubunji/backend/src/main/scala/utility/JwtUtil.scala:27:44: not found: value Constants[0m
2025.11.10 21:37:22 ERROR private val expirationSeconds : Long = Constants.JwtExpirationSeconds[0m
2025.11.10 21:37:22 ERROR ^[0m
2025.11.10 21:37:22 ERROR /home/kasukabe/schedule_kokubunji/backend/src/main/scala/utility/JwtUtil.scala:33:52: not found: value Json[0m
2025.11.10 21:37:22 ERROR implicit val jwtContent : Format[JwtContent] = Json.format[JwtContent][0m
2025.11.10 21:37:22 ERROR ^[0m
2025.11.10 21:37:22 ERROR /home/kasukabe/schedule_kokubunji/backend/src/main/scala/utility/JwtUtil.scala:43:35: not found: value Json[0m
2025.11.10 21:37:22 ERROR val tmpContent : String = Json.stringify(Json.toJson(JwtContent(id, role)))[0m
2025.11.10 21:37:22 ERROR ^[0m
2025.11.10 21:37:22 ERROR /home/kasukabe/schedule_kokubunji/backend/src/main/scala/utility/JwtUtil.scala:43:50: not found: value Json[0m
2025.11.10 21:37:22 ERROR val tmpContent : String = Json.stringify(Json.toJson(JwtContent(id, role)))[0m
2025.11.10 21:37:22 ERROR ^[0m
2025.11.10 21:37:22 ERROR 8 errors found[0m
2025.11.10 21:37:22 INFO  time: compiled root in 0.41s[0m
2025.11.10 21:37:22 ERROR (Compile / compileIncremental) Compilation failed[0m
2025.11.10 21:37:23 INFO  Cancelling compilation on sbt server
org.eclipse.lsp4j.jsonrpc.ResponseErrorException: (Compile / compileIncremental) Compilation failed
	at org.eclipse.lsp4j.jsonrpc.RemoteEndpoint.handleResponse(RemoteEndpoint.java:220)
	at org.eclipse.lsp4j.jsonrpc.RemoteEndpoint.consume(RemoteEndpoint.java:204)
	at scala.meta.internal.metals.RequestMonitorImpl$$anon$1.consume(ServerLivenessMonitor.scala:41)
	at org.eclipse.lsp4j.jsonrpc.json.StreamMessageProducer.handleMessage(StreamMessageProducer.java:185)
	at org.eclipse.lsp4j.jsonrpc.json.StreamMessageProducer.listen(StreamMessageProducer.java:97)
	at org.eclipse.lsp4j.jsonrpc.json.ConcurrentMessageProcessor.run(ConcurrentMessageProcessor.java:114)
	at java.util.concurrent.Executors$RunnableAdapter.call(Executors.java:539)
	at java.util.concurrent.FutureTask.run(FutureTask.java:264)
	at java.util.concurrent.ThreadPoolExecutor.runWorker(ThreadPoolExecutor.java:1136)
	at java.util.concurrent.ThreadPoolExecutor$Worker.run(ThreadPoolExecutor.java:635)
	at java.lang.Thread.run(Thread.java:840)
[0m
2025.11.10 21:37:22 INFO  Processing buildTarget/scalaMainClasses[0m
2025.11.10 21:37:22 INFO  compiling root[0m
2025.11.10 21:37:22 INFO  compiling 15 Scala sources and 1 Java source to /home/kasukabe/schedule_kokubunji/backend/target/scala-2.13/classes ...[0m
2025.11.10 21:37:22 ERROR /home/kasukabe/schedule_kokubunji/backend/src/main/scala/table/UserTable.scala:17:41: not found: type User[0m
2025.11.10 21:37:22 ERROR class UserTable(tag: Tag) extends Table[User](tag, "users") {[0m
2025.11.10 21:37:22 ERROR ^[0m
2025.11.10 21:37:22 ERROR /home/kasukabe/schedule_kokubunji/backend/src/main/scala/table/UserTable.scala:21:26: could not find implicit value for parameter tt: slick.ast.TypedType[enum.Role][0m
2025.11.10 21:37:22 ERROR def role = column[Role]("role")[0m
2025.11.10 21:37:22 ERROR ^[0m
2025.11.10 21:37:22 ERROR /home/kasukabe/schedule_kokubunji/backend/src/main/scala/utility/JwtUtil.scala:7:16: object Constants is not a member of package utility[0m
2025.11.10 21:37:22 ERROR import utility.Constants[0m
2025.11.10 21:37:22 ERROR ^[0m
2025.11.10 21:37:22 ERROR /home/kasukabe/schedule_kokubunji/backend/src/main/scala/utility/JwtUtil.scala:33:31: not found: type Format[0m
2025.11.10 21:37:22 ERROR implicit val jwtContent : Format[JwtContent] = Json.format[JwtContent][0m
2025.11.10 21:37:22 ERROR ^[0m
2025.11.10 21:37:22 ERROR /home/kasukabe/schedule_kokubunji/backend/src/main/scala/utility/JwtUtil.scala:27:44: not found: value Constants[0m
2025.11.10 21:37:22 ERROR private val expirationSeconds : Long = Constants.JwtExpirationSeconds[0m
2025.11.10 21:37:22 ERROR ^[0m
2025.11.10 21:37:22 ERROR /home/kasukabe/schedule_kokubunji/backend/src/main/scala/utility/JwtUtil.scala:33:52: not found: value Json[0m
2025.11.10 21:37:22 ERROR implicit val jwtContent : Format[JwtContent] = Json.format[JwtContent][0m
2025.11.10 21:37:22 ERROR ^[0m
2025.11.10 21:37:22 ERROR /home/kasukabe/schedule_kokubunji/backend/src/main/scala/utility/JwtUtil.scala:43:35: not found: value Json[0m
2025.11.10 21:37:22 ERROR val tmpContent : String = Json.stringify(Json.toJson(JwtContent(id, role)))[0m
2025.11.10 21:37:22 ERROR ^[0m
2025.11.10 21:37:22 ERROR /home/kasukabe/schedule_kokubunji/backend/src/main/scala/utility/JwtUtil.scala:43:50: not found: value Json[0m
2025.11.10 21:37:22 ERROR val tmpContent : String = Json.stringify(Json.toJson(JwtContent(id, role)))[0m
2025.11.10 21:37:22 ERROR ^[0m
2025.11.10 21:37:22 ERROR 8 errors found[0m
2025.11.10 21:37:22 INFO  time: compiled root in 0.45s[0m
2025.11.10 21:37:22 ERROR (Compile / compileIncremental) Compilation failed[0m
2025.11.10 21:37:23 INFO  Scala main classes not supported by server
org.eclipse.lsp4j.jsonrpc.ResponseErrorException: (Compile / compileIncremental) Compilation failed
	at org.eclipse.lsp4j.jsonrpc.RemoteEndpoint.handleResponse(RemoteEndpoint.java:220)
	at org.eclipse.lsp4j.jsonrpc.RemoteEndpoint.consume(RemoteEndpoint.java:204)
	at scala.meta.internal.metals.RequestMonitorImpl$$anon$1.consume(ServerLivenessMonitor.scala:41)
	at org.eclipse.lsp4j.jsonrpc.json.StreamMessageProducer.handleMessage(StreamMessageProducer.java:185)
	at org.eclipse.lsp4j.jsonrpc.json.StreamMessageProducer.listen(StreamMessageProducer.java:97)
	at org.eclipse.lsp4j.jsonrpc.json.ConcurrentMessageProcessor.run(ConcurrentMessageProcessor.java:114)
	at java.util.concurrent.Executors$RunnableAdapter.call(Executors.java:539)
	at java.util.concurrent.FutureTask.run(FutureTask.java:264)
	at java.util.concurrent.ThreadPoolExecutor.runWorker(ThreadPoolExecutor.java:1136)
	at java.util.concurrent.ThreadPoolExecutor$Worker.run(ThreadPoolExecutor.java:635)
	at java.lang.Thread.run(Thread.java:840)
[0m
2025.11.10 21:37:23 INFO  Processing buildTarget/scalaTestClasses[0m
2025.11.10 21:38:03 INFO  Processing buildTarget/compile[0m
2025.11.10 21:39:02 INFO  Processing buildTarget/compile[0m
2025.11.10 21:39:02 INFO  compiling root[0m
2025.11.10 21:39:02 INFO  compiling 15 Scala sources and 1 Java source to /home/kasukabe/schedule_kokubunji/backend/target/scala-2.13/classes ...[0m
2025.11.10 21:39:02 ERROR /home/kasukabe/schedule_kokubunji/backend/src/main/scala/table/UserTable.scala:18:41: not found: type User[0m
2025.11.10 21:39:02 ERROR class UserTable(tag: Tag) extends Table[User](tag, "users") {[0m
2025.11.10 21:39:02 ERROR ^[0m
2025.11.10 21:39:02 ERROR /home/kasukabe/schedule_kokubunji/backend/src/main/scala/table/UserTable.scala:24:51: not found: value User[0m
2025.11.10 21:39:02 ERROR def * = (id, username, passwordHash, role) <> ((User.apply _).tupled, User.unapply)[0m
2025.11.10 21:39:02 ERROR ^[0m
2025.11.10 21:39:02 ERROR /home/kasukabe/schedule_kokubunji/backend/src/main/scala/table/UserTable.scala:24:73: not found: value User[0m
2025.11.10 21:39:02 ERROR def * = (id, username, passwordHash, role) <> ((User.apply _).tupled, User.unapply)[0m
2025.11.10 21:39:02 ERROR ^[0m
2025.11.10 21:39:02 ERROR /home/kasukabe/schedule_kokubunji/backend/src/main/scala/utility/JwtUtil.scala:7:16: object Constants is not a member of package utility[0m
2025.11.10 21:39:02 ERROR import utility.Constants[0m
2025.11.10 21:39:02 ERROR ^[0m
2025.11.10 21:39:02 ERROR /home/kasukabe/schedule_kokubunji/backend/src/main/scala/utility/JwtUtil.scala:33:31: not found: type Format[0m
2025.11.10 21:39:02 ERROR implicit val jwtContent : Format[JwtContent] = Json.format[JwtContent][0m
2025.11.10 21:39:02 ERROR ^[0m
2025.11.10 21:39:02 ERROR /home/kasukabe/schedule_kokubunji/backend/src/main/scala/utility/JwtUtil.scala:27:44: not found: value Constants[0m
2025.11.10 21:39:02 ERROR private val expirationSeconds : Long = Constants.JwtExpirationSeconds[0m
2025.11.10 21:39:02 ERROR ^[0m
2025.11.10 21:39:02 ERROR /home/kasukabe/schedule_kokubunji/backend/src/main/scala/utility/JwtUtil.scala:33:52: not found: value Json[0m
2025.11.10 21:39:02 ERROR implicit val jwtContent : Format[JwtContent] = Json.format[JwtContent][0m
2025.11.10 21:39:02 ERROR ^[0m
2025.11.10 21:39:02 ERROR /home/kasukabe/schedule_kokubunji/backend/src/main/scala/utility/JwtUtil.scala:43:35: not found: value Json[0m
2025.11.10 21:39:02 ERROR val tmpContent : String = Json.stringify(Json.toJson(JwtContent(id, role)))[0m
2025.11.10 21:39:02 ERROR ^[0m
2025.11.10 21:39:02 ERROR /home/kasukabe/schedule_kokubunji/backend/src/main/scala/utility/JwtUtil.scala:43:50: not found: value Json[0m
2025.11.10 21:39:02 ERROR val tmpContent : String = Json.stringify(Json.toJson(JwtContent(id, role)))[0m
2025.11.10 21:39:02 ERROR ^[0m
2025.11.10 21:39:02 ERROR 9 errors found[0m
2025.11.10 21:39:02 INFO  time: compiled root in 0.33s[0m
2025.11.10 21:39:02 ERROR (Compile / compileIncremental) Compilation failed[0m
2025.11.10 21:39:02 INFO  Cancelling compilation on sbt server
org.eclipse.lsp4j.jsonrpc.ResponseErrorException: (Compile / compileIncremental) Compilation failed
	at org.eclipse.lsp4j.jsonrpc.RemoteEndpoint.handleResponse(RemoteEndpoint.java:220)
	at org.eclipse.lsp4j.jsonrpc.RemoteEndpoint.consume(RemoteEndpoint.java:204)
	at scala.meta.internal.metals.RequestMonitorImpl$$anon$1.consume(ServerLivenessMonitor.scala:41)
	at org.eclipse.lsp4j.jsonrpc.json.StreamMessageProducer.handleMessage(StreamMessageProducer.java:185)
	at org.eclipse.lsp4j.jsonrpc.json.StreamMessageProducer.listen(StreamMessageProducer.java:97)
	at org.eclipse.lsp4j.jsonrpc.json.ConcurrentMessageProcessor.run(ConcurrentMessageProcessor.java:114)
	at java.util.concurrent.Executors$RunnableAdapter.call(Executors.java:539)
	at java.util.concurrent.FutureTask.run(FutureTask.java:264)
	at java.util.concurrent.ThreadPoolExecutor.runWorker(ThreadPoolExecutor.java:1136)
	at java.util.concurrent.ThreadPoolExecutor$Worker.run(ThreadPoolExecutor.java:635)
	at java.lang.Thread.run(Thread.java:840)
[0m
2025.11.10 21:39:02 INFO  Processing buildTarget/scalaMainClasses[0m
2025.11.10 21:39:02 INFO  compiling root[0m
2025.11.10 21:39:02 INFO  compiling 15 Scala sources and 1 Java source to /home/kasukabe/schedule_kokubunji/backend/target/scala-2.13/classes ...[0m
2025.11.10 21:39:03 ERROR /home/kasukabe/schedule_kokubunji/backend/src/main/scala/table/UserTable.scala:18:41: not found: type User[0m
2025.11.10 21:39:03 ERROR class UserTable(tag: Tag) extends Table[User](tag, "users") {[0m
2025.11.10 21:39:03 ERROR ^[0m
2025.11.10 21:39:03 ERROR /home/kasukabe/schedule_kokubunji/backend/src/main/scala/table/UserTable.scala:24:51: not found: value User[0m
2025.11.10 21:39:03 ERROR def * = (id, username, passwordHash, role) <> ((User.apply _).tupled, User.unapply)[0m
2025.11.10 21:39:03 ERROR ^[0m
2025.11.10 21:39:03 ERROR /home/kasukabe/schedule_kokubunji/backend/src/main/scala/table/UserTable.scala:24:73: not found: value User[0m
2025.11.10 21:39:03 ERROR def * = (id, username, passwordHash, role) <> ((User.apply _).tupled, User.unapply)[0m
2025.11.10 21:39:03 ERROR ^[0m
2025.11.10 21:39:03 ERROR /home/kasukabe/schedule_kokubunji/backend/src/main/scala/utility/JwtUtil.scala:7:16: object Constants is not a member of package utility[0m
2025.11.10 21:39:03 ERROR import utility.Constants[0m
2025.11.10 21:39:03 ERROR ^[0m
2025.11.10 21:39:03 ERROR /home/kasukabe/schedule_kokubunji/backend/src/main/scala/utility/JwtUtil.scala:33:31: not found: type Format[0m
2025.11.10 21:39:03 ERROR implicit val jwtContent : Format[JwtContent] = Json.format[JwtContent][0m
2025.11.10 21:39:03 ERROR ^[0m
2025.11.10 21:39:03 ERROR /home/kasukabe/schedule_kokubunji/backend/src/main/scala/utility/JwtUtil.scala:27:44: not found: value Constants[0m
2025.11.10 21:39:03 ERROR private val expirationSeconds : Long = Constants.JwtExpirationSeconds[0m
2025.11.10 21:39:03 ERROR ^[0m
2025.11.10 21:39:03 ERROR /home/kasukabe/schedule_kokubunji/backend/src/main/scala/utility/JwtUtil.scala:33:52: not found: value Json[0m
2025.11.10 21:39:03 ERROR implicit val jwtContent : Format[JwtContent] = Json.format[JwtContent][0m
2025.11.10 21:39:03 ERROR ^[0m
2025.11.10 21:39:03 ERROR /home/kasukabe/schedule_kokubunji/backend/src/main/scala/utility/JwtUtil.scala:43:35: not found: value Json[0m
2025.11.10 21:39:03 ERROR val tmpContent : String = Json.stringify(Json.toJson(JwtContent(id, role)))[0m
2025.11.10 21:39:03 ERROR ^[0m
2025.11.10 21:39:03 ERROR /home/kasukabe/schedule_kokubunji/backend/src/main/scala/utility/JwtUtil.scala:43:50: not found: value Json[0m
2025.11.10 21:39:03 ERROR val tmpContent : String = Json.stringify(Json.toJson(JwtContent(id, role)))[0m
2025.11.10 21:39:03 ERROR ^[0m
2025.11.10 21:39:03 ERROR 9 errors found[0m
2025.11.10 21:39:03 INFO  time: compiled root in 0.42s[0m
2025.11.10 21:39:03 ERROR (Compile / compileIncremental) Compilation failed[0m
2025.11.10 21:39:04 INFO  Scala main classes not supported by server
org.eclipse.lsp4j.jsonrpc.ResponseErrorException: (Compile / compileIncremental) Compilation failed
	at org.eclipse.lsp4j.jsonrpc.RemoteEndpoint.handleResponse(RemoteEndpoint.java:220)
	at org.eclipse.lsp4j.jsonrpc.RemoteEndpoint.consume(RemoteEndpoint.java:204)
	at scala.meta.internal.metals.RequestMonitorImpl$$anon$1.consume(ServerLivenessMonitor.scala:41)
	at org.eclipse.lsp4j.jsonrpc.json.StreamMessageProducer.handleMessage(StreamMessageProducer.java:185)
	at org.eclipse.lsp4j.jsonrpc.json.StreamMessageProducer.listen(StreamMessageProducer.java:97)
	at org.eclipse.lsp4j.jsonrpc.json.ConcurrentMessageProcessor.run(ConcurrentMessageProcessor.java:114)
	at java.util.concurrent.Executors$RunnableAdapter.call(Executors.java:539)
	at java.util.concurrent.FutureTask.run(FutureTask.java:264)
	at java.util.concurrent.ThreadPoolExecutor.runWorker(ThreadPoolExecutor.java:1136)
	at java.util.concurrent.ThreadPoolExecutor$Worker.run(ThreadPoolExecutor.java:635)
	at java.lang.Thread.run(Thread.java:840)
[0m
2025.11.10 21:39:03 INFO  Processing buildTarget/scalaTestClasses[0m
2025.11.10 21:39:04 INFO  Processing buildTarget/compile[0m
2025.11.10 21:39:22 INFO  Processing buildTarget/compile[0m
2025.11.10 21:39:22 INFO  compiling root[0m
2025.11.10 21:39:22 INFO  compiling 15 Scala sources and 1 Java source to /home/kasukabe/schedule_kokubunji/backend/target/scala-2.13/classes ...[0m
2025.11.10 21:39:22 ERROR /home/kasukabe/schedule_kokubunji/backend/src/main/scala/utility/JwtUtil.scala:7:16: object Constants is not a member of package utility[0m
2025.11.10 21:39:22 ERROR import utility.Constants[0m
2025.11.10 21:39:22 ERROR ^[0m
2025.11.10 21:39:22 ERROR /home/kasukabe/schedule_kokubunji/backend/src/main/scala/utility/JwtUtil.scala:33:31: not found: type Format[0m
2025.11.10 21:39:22 ERROR implicit val jwtContent : Format[JwtContent] = Json.format[JwtContent][0m
2025.11.10 21:39:22 ERROR ^[0m
2025.11.10 21:39:22 ERROR /home/kasukabe/schedule_kokubunji/backend/src/main/scala/utility/JwtUtil.scala:27:44: not found: value Constants[0m
2025.11.10 21:39:22 ERROR private val expirationSeconds : Long = Constants.JwtExpirationSeconds[0m
2025.11.10 21:39:22 ERROR ^[0m
2025.11.10 21:39:22 ERROR /home/kasukabe/schedule_kokubunji/backend/src/main/scala/utility/JwtUtil.scala:33:52: not found: value Json[0m
2025.11.10 21:39:22 ERROR implicit val jwtContent : Format[JwtContent] = Json.format[JwtContent][0m
2025.11.10 21:39:22 ERROR ^[0m
2025.11.10 21:39:22 ERROR /home/kasukabe/schedule_kokubunji/backend/src/main/scala/utility/JwtUtil.scala:43:35: not found: value Json[0m
2025.11.10 21:39:22 ERROR val tmpContent : String = Json.stringify(Json.toJson(JwtContent(id, role)))[0m
2025.11.10 21:39:22 ERROR ^[0m
2025.11.10 21:39:22 ERROR /home/kasukabe/schedule_kokubunji/backend/src/main/scala/utility/JwtUtil.scala:43:50: not found: value Json[0m
2025.11.10 21:39:22 ERROR val tmpContent : String = Json.stringify(Json.toJson(JwtContent(id, role)))[0m
2025.11.10 21:39:22 ERROR ^[0m
2025.11.10 21:39:22 ERROR 6 errors found[0m
2025.11.10 21:39:22 INFO  time: compiled root in 0.37s[0m
2025.11.10 21:39:22 ERROR (Compile / compileIncremental) Compilation failed[0m
2025.11.10 21:39:22 INFO  Cancelling compilation on sbt server
org.eclipse.lsp4j.jsonrpc.ResponseErrorException: (Compile / compileIncremental) Compilation failed
	at org.eclipse.lsp4j.jsonrpc.RemoteEndpoint.handleResponse(RemoteEndpoint.java:220)
	at org.eclipse.lsp4j.jsonrpc.RemoteEndpoint.consume(RemoteEndpoint.java:204)
	at scala.meta.internal.metals.RequestMonitorImpl$$anon$1.consume(ServerLivenessMonitor.scala:41)
	at org.eclipse.lsp4j.jsonrpc.json.StreamMessageProducer.handleMessage(StreamMessageProducer.java:185)
	at org.eclipse.lsp4j.jsonrpc.json.StreamMessageProducer.listen(StreamMessageProducer.java:97)
	at org.eclipse.lsp4j.jsonrpc.json.ConcurrentMessageProcessor.run(ConcurrentMessageProcessor.java:114)
	at java.util.concurrent.Executors$RunnableAdapter.call(Executors.java:539)
	at java.util.concurrent.FutureTask.run(FutureTask.java:264)
	at java.util.concurrent.ThreadPoolExecutor.runWorker(ThreadPoolExecutor.java:1136)
	at java.util.concurrent.ThreadPoolExecutor$Worker.run(ThreadPoolExecutor.java:635)
	at java.lang.Thread.run(Thread.java:840)
[0m
2025.11.10 21:39:22 INFO  Processing buildTarget/scalaMainClasses[0m
2025.11.10 21:39:22 INFO  compiling root[0m
2025.11.10 21:39:22 INFO  compiling 15 Scala sources and 1 Java source to /home/kasukabe/schedule_kokubunji/backend/target/scala-2.13/classes ...[0m
2025.11.10 21:39:22 ERROR /home/kasukabe/schedule_kokubunji/backend/src/main/scala/utility/JwtUtil.scala:7:16: object Constants is not a member of package utility[0m
2025.11.10 21:39:22 ERROR import utility.Constants[0m
2025.11.10 21:39:22 ERROR ^[0m
2025.11.10 21:39:22 ERROR /home/kasukabe/schedule_kokubunji/backend/src/main/scala/utility/JwtUtil.scala:33:31: not found: type Format[0m
2025.11.10 21:39:22 ERROR implicit val jwtContent : Format[JwtContent] = Json.format[JwtContent][0m
2025.11.10 21:39:22 ERROR ^[0m
2025.11.10 21:39:22 ERROR /home/kasukabe/schedule_kokubunji/backend/src/main/scala/utility/JwtUtil.scala:27:44: not found: value Constants[0m
2025.11.10 21:39:22 ERROR private val expirationSeconds : Long = Constants.JwtExpirationSeconds[0m
2025.11.10 21:39:22 ERROR ^[0m
2025.11.10 21:39:22 ERROR /home/kasukabe/schedule_kokubunji/backend/src/main/scala/utility/JwtUtil.scala:33:52: not found: value Json[0m
2025.11.10 21:39:22 ERROR implicit val jwtContent : Format[JwtContent] = Json.format[JwtContent][0m
2025.11.10 21:39:22 ERROR ^[0m
2025.11.10 21:39:22 ERROR /home/kasukabe/schedule_kokubunji/backend/src/main/scala/utility/JwtUtil.scala:43:35: not found: value Json[0m
2025.11.10 21:39:22 ERROR val tmpContent : String = Json.stringify(Json.toJson(JwtContent(id, role)))[0m
2025.11.10 21:39:22 ERROR ^[0m
2025.11.10 21:39:22 ERROR /home/kasukabe/schedule_kokubunji/backend/src/main/scala/utility/JwtUtil.scala:43:50: not found: value Json[0m
2025.11.10 21:39:22 ERROR val tmpContent : String = Json.stringify(Json.toJson(JwtContent(id, role)))[0m
2025.11.10 21:39:22 ERROR ^[0m
2025.11.10 21:39:22 ERROR 6 errors found[0m
2025.11.10 21:39:22 INFO  time: compiled root in 0.38s[0m
2025.11.10 21:39:22 ERROR (Compile / compileIncremental) Compilation failed[0m
2025.11.10 21:39:23 INFO  Scala main classes not supported by server
org.eclipse.lsp4j.jsonrpc.ResponseErrorException: (Compile / compileIncremental) Compilation failed
	at org.eclipse.lsp4j.jsonrpc.RemoteEndpoint.handleResponse(RemoteEndpoint.java:220)
	at org.eclipse.lsp4j.jsonrpc.RemoteEndpoint.consume(RemoteEndpoint.java:204)
	at scala.meta.internal.metals.RequestMonitorImpl$$anon$1.consume(ServerLivenessMonitor.scala:41)
	at org.eclipse.lsp4j.jsonrpc.json.StreamMessageProducer.handleMessage(StreamMessageProducer.java:185)
	at org.eclipse.lsp4j.jsonrpc.json.StreamMessageProducer.listen(StreamMessageProducer.java:97)
	at org.eclipse.lsp4j.jsonrpc.json.ConcurrentMessageProcessor.run(ConcurrentMessageProcessor.java:114)
	at java.util.concurrent.Executors$RunnableAdapter.call(Executors.java:539)
	at java.util.concurrent.FutureTask.run(FutureTask.java:264)
	at java.util.concurrent.ThreadPoolExecutor.runWorker(ThreadPoolExecutor.java:1136)
	at java.util.concurrent.ThreadPoolExecutor$Worker.run(ThreadPoolExecutor.java:635)
	at java.lang.Thread.run(Thread.java:840)
[0m
2025.11.10 21:39:22 INFO  Processing buildTarget/scalaTestClasses[0m
2025.11.10 21:39:31 INFO  Processing buildTarget/compile[0m
2025.11.10 21:39:31 INFO  compiling root[0m
2025.11.10 21:39:31 INFO  compiling 14 Scala sources and 1 Java source to /home/kasukabe/schedule_kokubunji/backend/target/scala-2.13/classes ...[0m
2025.11.10 21:39:31 ERROR /home/kasukabe/schedule_kokubunji/backend/src/main/scala/utility/JwtUtil.scala:7:16: object Constants is not a member of package utility[0m
2025.11.10 21:39:31 ERROR import utility.Constants[0m
2025.11.10 21:39:31 ERROR ^[0m
2025.11.10 21:39:31 ERROR /home/kasukabe/schedule_kokubunji/backend/src/main/scala/utility/JwtUtil.scala:33:31: not found: type Format[0m
2025.11.10 21:39:31 ERROR implicit val jwtContent : Format[JwtContent] = Json.format[JwtContent][0m
2025.11.10 21:39:31 ERROR ^[0m
2025.11.10 21:39:31 ERROR /home/kasukabe/schedule_kokubunji/backend/src/main/scala/utility/JwtUtil.scala:27:44: not found: value Constants[0m
2025.11.10 21:39:31 ERROR private val expirationSeconds : Long = Constants.JwtExpirationSeconds[0m
2025.11.10 21:39:31 ERROR ^[0m
2025.11.10 21:39:31 ERROR /home/kasukabe/schedule_kokubunji/backend/src/main/scala/utility/JwtUtil.scala:33:52: not found: value Json[0m
2025.11.10 21:39:31 ERROR implicit val jwtContent : Format[JwtContent] = Json.format[JwtContent][0m
2025.11.10 21:39:31 ERROR ^[0m
2025.11.10 21:39:31 ERROR /home/kasukabe/schedule_kokubunji/backend/src/main/scala/utility/JwtUtil.scala:43:35: not found: value Json[0m
2025.11.10 21:39:31 ERROR val tmpContent : String = Json.stringify(Json.toJson(JwtContent(id, role)))[0m
2025.11.10 21:39:31 ERROR ^[0m
2025.11.10 21:39:31 ERROR /home/kasukabe/schedule_kokubunji/backend/src/main/scala/utility/JwtUtil.scala:43:50: not found: value Json[0m
2025.11.10 21:39:31 ERROR val tmpContent : String = Json.stringify(Json.toJson(JwtContent(id, role)))[0m
2025.11.10 21:39:31 ERROR ^[0m
2025.11.10 21:39:31 ERROR 6 errors found[0m
2025.11.10 21:39:31 INFO  time: compiled root in 0.66s[0m
2025.11.10 21:39:31 ERROR (Compile / compileIncremental) Compilation failed[0m
2025.11.10 21:39:32 INFO  Cancelling compilation on sbt server
org.eclipse.lsp4j.jsonrpc.ResponseErrorException: (Compile / compileIncremental) Compilation failed
	at org.eclipse.lsp4j.jsonrpc.RemoteEndpoint.handleResponse(RemoteEndpoint.java:220)
	at org.eclipse.lsp4j.jsonrpc.RemoteEndpoint.consume(RemoteEndpoint.java:204)
	at scala.meta.internal.metals.RequestMonitorImpl$$anon$1.consume(ServerLivenessMonitor.scala:41)
	at org.eclipse.lsp4j.jsonrpc.json.StreamMessageProducer.handleMessage(StreamMessageProducer.java:185)
	at org.eclipse.lsp4j.jsonrpc.json.StreamMessageProducer.listen(StreamMessageProducer.java:97)
	at org.eclipse.lsp4j.jsonrpc.json.ConcurrentMessageProcessor.run(ConcurrentMessageProcessor.java:114)
	at java.util.concurrent.Executors$RunnableAdapter.call(Executors.java:539)
	at java.util.concurrent.FutureTask.run(FutureTask.java:264)
	at java.util.concurrent.ThreadPoolExecutor.runWorker(ThreadPoolExecutor.java:1136)
	at java.util.concurrent.ThreadPoolExecutor$Worker.run(ThreadPoolExecutor.java:635)
	at java.lang.Thread.run(Thread.java:840)
[0m
2025.11.10 21:39:31 INFO  Processing buildTarget/scalaMainClasses[0m
2025.11.10 21:39:31 INFO  compiling root[0m
2025.11.10 21:39:31 INFO  compiling 14 Scala sources and 1 Java source to /home/kasukabe/schedule_kokubunji/backend/target/scala-2.13/classes ...[0m
2025.11.10 21:39:33 ERROR /home/kasukabe/schedule_kokubunji/backend/src/main/scala/utility/JwtUtil.scala:7:16: object Constants is not a member of package utility[0m
2025.11.10 21:39:33 ERROR import utility.Constants[0m
2025.11.10 21:39:33 ERROR ^[0m
2025.11.10 21:39:33 ERROR /home/kasukabe/schedule_kokubunji/backend/src/main/scala/utility/JwtUtil.scala:33:31: not found: type Format[0m
2025.11.10 21:39:33 ERROR implicit val jwtContent : Format[JwtContent] = Json.format[JwtContent][0m
2025.11.10 21:39:33 ERROR ^[0m
2025.11.10 21:39:33 ERROR /home/kasukabe/schedule_kokubunji/backend/src/main/scala/utility/JwtUtil.scala:27:44: not found: value Constants[0m
2025.11.10 21:39:33 ERROR private val expirationSeconds : Long = Constants.JwtExpirationSeconds[0m
2025.11.10 21:39:33 ERROR ^[0m
2025.11.10 21:39:33 ERROR /home/kasukabe/schedule_kokubunji/backend/src/main/scala/utility/JwtUtil.scala:33:52: not found: value Json[0m
2025.11.10 21:39:33 ERROR implicit val jwtContent : Format[JwtContent] = Json.format[JwtContent][0m
2025.11.10 21:39:33 ERROR ^[0m
2025.11.10 21:39:33 ERROR /home/kasukabe/schedule_kokubunji/backend/src/main/scala/utility/JwtUtil.scala:43:35: not found: value Json[0m
2025.11.10 21:39:33 ERROR val tmpContent : String = Json.stringify(Json.toJson(JwtContent(id, role)))[0m
2025.11.10 21:39:33 ERROR ^[0m
2025.11.10 21:39:33 ERROR /home/kasukabe/schedule_kokubunji/backend/src/main/scala/utility/JwtUtil.scala:43:50: not found: value Json[0m
2025.11.10 21:39:33 ERROR val tmpContent : String = Json.stringify(Json.toJson(JwtContent(id, role)))[0m
2025.11.10 21:39:33 ERROR ^[0m
2025.11.10 21:39:33 ERROR 6 errors found[0m
2025.11.10 21:39:33 INFO  time: compiled root in 0.42s[0m
2025.11.10 21:39:33 ERROR (Compile / compileIncremental) Compilation failed[0m
2025.11.10 21:39:32 INFO  Scala main classes not supported by server
org.eclipse.lsp4j.jsonrpc.ResponseErrorException: (Compile / compileIncremental) Compilation failed
	at org.eclipse.lsp4j.jsonrpc.RemoteEndpoint.handleResponse(RemoteEndpoint.java:220)
	at org.eclipse.lsp4j.jsonrpc.RemoteEndpoint.consume(RemoteEndpoint.java:204)
	at scala.meta.internal.metals.RequestMonitorImpl$$anon$1.consume(ServerLivenessMonitor.scala:41)
	at org.eclipse.lsp4j.jsonrpc.json.StreamMessageProducer.handleMessage(StreamMessageProducer.java:185)
	at org.eclipse.lsp4j.jsonrpc.json.StreamMessageProducer.listen(StreamMessageProducer.java:97)
	at org.eclipse.lsp4j.jsonrpc.json.ConcurrentMessageProcessor.run(ConcurrentMessageProcessor.java:114)
	at java.util.concurrent.Executors$RunnableAdapter.call(Executors.java:539)
	at java.util.concurrent.FutureTask.run(FutureTask.java:264)
	at java.util.concurrent.ThreadPoolExecutor.runWorker(ThreadPoolExecutor.java:1136)
	at java.util.concurrent.ThreadPoolExecutor$Worker.run(ThreadPoolExecutor.java:635)
	at java.lang.Thread.run(Thread.java:840)
[0m
2025.11.10 21:39:33 INFO  Processing buildTarget/scalaTestClasses[0m
2025.11.10 21:39:44 INFO  Processing buildTarget/compile[0m
2025.11.10 21:39:44 INFO  compiling root[0m
2025.11.10 21:39:44 INFO  compiling 14 Scala sources and 1 Java source to /home/kasukabe/schedule_kokubunji/backend/target/scala-2.13/classes ...[0m
2025.11.10 21:39:44 ERROR /home/kasukabe/schedule_kokubunji/backend/src/main/scala/utility/JwtUtil.scala:33:31: not found: type Format[0m
2025.11.10 21:39:44 ERROR implicit val jwtContent : Format[JwtContent] = Json.format[JwtContent][0m
2025.11.10 21:39:44 ERROR ^[0m
2025.11.10 21:39:44 ERROR /home/kasukabe/schedule_kokubunji/backend/src/main/scala/utility/JwtUtil.scala:33:52: not found: value Json[0m
2025.11.10 21:39:44 ERROR implicit val jwtContent : Format[JwtContent] = Json.format[JwtContent][0m
2025.11.10 21:39:44 ERROR ^[0m
2025.11.10 21:39:44 ERROR /home/kasukabe/schedule_kokubunji/backend/src/main/scala/utility/JwtUtil.scala:43:35: not found: value Json[0m
2025.11.10 21:39:44 ERROR val tmpContent : String = Json.stringify(Json.toJson(JwtContent(id, role)))[0m
2025.11.10 21:39:44 ERROR ^[0m
2025.11.10 21:39:44 ERROR /home/kasukabe/schedule_kokubunji/backend/src/main/scala/utility/JwtUtil.scala:43:50: not found: value Json[0m
2025.11.10 21:39:44 ERROR val tmpContent : String = Json.stringify(Json.toJson(JwtContent(id, role)))[0m
2025.11.10 21:39:44 ERROR ^[0m
2025.11.10 21:39:44 ERROR four errors found[0m
2025.11.10 21:39:44 INFO  time: compiled root in 0.27s[0m
2025.11.10 21:39:44 ERROR (Compile / compileIncremental) Compilation failed[0m
2025.11.10 21:39:44 INFO  Cancelling compilation on sbt server
org.eclipse.lsp4j.jsonrpc.ResponseErrorException: (Compile / compileIncremental) Compilation failed
	at org.eclipse.lsp4j.jsonrpc.RemoteEndpoint.handleResponse(RemoteEndpoint.java:220)
	at org.eclipse.lsp4j.jsonrpc.RemoteEndpoint.consume(RemoteEndpoint.java:204)
	at scala.meta.internal.metals.RequestMonitorImpl$$anon$1.consume(ServerLivenessMonitor.scala:41)
	at org.eclipse.lsp4j.jsonrpc.json.StreamMessageProducer.handleMessage(StreamMessageProducer.java:185)
	at org.eclipse.lsp4j.jsonrpc.json.StreamMessageProducer.listen(StreamMessageProducer.java:97)
	at org.eclipse.lsp4j.jsonrpc.json.ConcurrentMessageProcessor.run(ConcurrentMessageProcessor.java:114)
	at java.util.concurrent.Executors$RunnableAdapter.call(Executors.java:539)
	at java.util.concurrent.FutureTask.run(FutureTask.java:264)
	at java.util.concurrent.ThreadPoolExecutor.runWorker(ThreadPoolExecutor.java:1136)
	at java.util.concurrent.ThreadPoolExecutor$Worker.run(ThreadPoolExecutor.java:635)
	at java.lang.Thread.run(Thread.java:840)
[0m
2025.11.10 21:39:44 INFO  Processing buildTarget/scalaMainClasses[0m
2025.11.10 21:39:44 INFO  compiling root[0m
2025.11.10 21:39:44 INFO  compiling 14 Scala sources and 1 Java source to /home/kasukabe/schedule_kokubunji/backend/target/scala-2.13/classes ...[0m
2025.11.10 21:39:44 ERROR /home/kasukabe/schedule_kokubunji/backend/src/main/scala/utility/JwtUtil.scala:33:31: not found: type Format[0m
2025.11.10 21:39:44 ERROR implicit val jwtContent : Format[JwtContent] = Json.format[JwtContent][0m
2025.11.10 21:39:44 ERROR ^[0m
2025.11.10 21:39:44 ERROR /home/kasukabe/schedule_kokubunji/backend/src/main/scala/utility/JwtUtil.scala:33:52: not found: value Json[0m
2025.11.10 21:39:44 ERROR implicit val jwtContent : Format[JwtContent] = Json.format[JwtContent][0m
2025.11.10 21:39:44 ERROR ^[0m
2025.11.10 21:39:44 ERROR /home/kasukabe/schedule_kokubunji/backend/src/main/scala/utility/JwtUtil.scala:43:35: not found: value Json[0m
2025.11.10 21:39:44 ERROR val tmpContent : String = Json.stringify(Json.toJson(JwtContent(id, role)))[0m
2025.11.10 21:39:44 ERROR ^[0m
2025.11.10 21:39:44 ERROR /home/kasukabe/schedule_kokubunji/backend/src/main/scala/utility/JwtUtil.scala:43:50: not found: value Json[0m
2025.11.10 21:39:44 ERROR val tmpContent : String = Json.stringify(Json.toJson(JwtContent(id, role)))[0m
2025.11.10 21:39:44 ERROR ^[0m
2025.11.10 21:39:44 ERROR four errors found[0m
2025.11.10 21:39:44 INFO  time: compiled root in 0.26s[0m
2025.11.10 21:39:44 ERROR (Compile / compileIncremental) Compilation failed[0m
2025.11.10 21:39:45 INFO  Scala main classes not supported by server
org.eclipse.lsp4j.jsonrpc.ResponseErrorException: (Compile / compileIncremental) Compilation failed
	at org.eclipse.lsp4j.jsonrpc.RemoteEndpoint.handleResponse(RemoteEndpoint.java:220)
	at org.eclipse.lsp4j.jsonrpc.RemoteEndpoint.consume(RemoteEndpoint.java:204)
	at scala.meta.internal.metals.RequestMonitorImpl$$anon$1.consume(ServerLivenessMonitor.scala:41)
	at org.eclipse.lsp4j.jsonrpc.json.StreamMessageProducer.handleMessage(StreamMessageProducer.java:185)
	at org.eclipse.lsp4j.jsonrpc.json.StreamMessageProducer.listen(StreamMessageProducer.java:97)
	at org.eclipse.lsp4j.jsonrpc.json.ConcurrentMessageProcessor.run(ConcurrentMessageProcessor.java:114)
	at java.util.concurrent.Executors$RunnableAdapter.call(Executors.java:539)
	at java.util.concurrent.FutureTask.run(FutureTask.java:264)
	at java.util.concurrent.ThreadPoolExecutor.runWorker(ThreadPoolExecutor.java:1136)
	at java.util.concurrent.ThreadPoolExecutor$Worker.run(ThreadPoolExecutor.java:635)
	at java.lang.Thread.run(Thread.java:840)
[0m
2025.11.10 21:39:44 INFO  Processing buildTarget/scalaTestClasses[0m
2025.11.10 21:40:06 INFO  Processing buildTarget/compile[0m
2025.11.10 21:41:08 INFO  Processing buildTarget/compile[0m
2025.11.10 21:41:13 INFO  Processing buildTarget/compile[0m
2025.11.10 21:41:13 INFO  compiling root[0m
2025.11.10 21:41:13 INFO  compiling 14 Scala sources and 1 Java source to /home/kasukabe/schedule_kokubunji/backend/target/scala-2.13/classes ...[0m
2025.11.10 21:41:13 ERROR /home/kasukabe/schedule_kokubunji/backend/src/main/scala/utility/JwtUtil.scala:34:31: not found: type Format[0m
2025.11.10 21:41:13 ERROR implicit val jwtContent : Format[JwtContent] = Json.format[JwtContent][0m
2025.11.10 21:41:13 ERROR ^[0m
2025.11.10 21:41:13 ERROR /home/kasukabe/schedule_kokubunji/backend/src/main/scala/utility/JwtUtil.scala:34:52: not found: value Json[0m
2025.11.10 21:41:13 ERROR implicit val jwtContent : Format[JwtContent] = Json.format[JwtContent][0m
2025.11.10 21:41:13 ERROR ^[0m
2025.11.10 21:41:13 ERROR /home/kasukabe/schedule_kokubunji/backend/src/main/scala/utility/JwtUtil.scala:44:35: not found: value Json[0m
2025.11.10 21:41:13 ERROR val tmpContent : String = Json.stringify(Json.toJson(JwtContent(id, role)))[0m
2025.11.10 21:41:13 ERROR ^[0m
2025.11.10 21:41:13 ERROR /home/kasukabe/schedule_kokubunji/backend/src/main/scala/utility/JwtUtil.scala:44:50: not found: value Json[0m
2025.11.10 21:41:13 ERROR val tmpContent : String = Json.stringify(Json.toJson(JwtContent(id, role)))[0m
2025.11.10 21:41:13 ERROR ^[0m
2025.11.10 21:41:13 ERROR four errors found[0m
2025.11.10 21:41:13 INFO  time: compiled root in 0.34s[0m
2025.11.10 21:41:13 ERROR (Compile / compileIncremental) Compilation failed[0m
2025.11.10 21:41:13 INFO  Cancelling compilation on sbt server
org.eclipse.lsp4j.jsonrpc.ResponseErrorException: (Compile / compileIncremental) Compilation failed
	at org.eclipse.lsp4j.jsonrpc.RemoteEndpoint.handleResponse(RemoteEndpoint.java:220)
	at org.eclipse.lsp4j.jsonrpc.RemoteEndpoint.consume(RemoteEndpoint.java:204)
	at scala.meta.internal.metals.RequestMonitorImpl$$anon$1.consume(ServerLivenessMonitor.scala:41)
	at org.eclipse.lsp4j.jsonrpc.json.StreamMessageProducer.handleMessage(StreamMessageProducer.java:185)
	at org.eclipse.lsp4j.jsonrpc.json.StreamMessageProducer.listen(StreamMessageProducer.java:97)
	at org.eclipse.lsp4j.jsonrpc.json.ConcurrentMessageProcessor.run(ConcurrentMessageProcessor.java:114)
	at java.util.concurrent.Executors$RunnableAdapter.call(Executors.java:539)
	at java.util.concurrent.FutureTask.run(FutureTask.java:264)
	at java.util.concurrent.ThreadPoolExecutor.runWorker(ThreadPoolExecutor.java:1136)
	at java.util.concurrent.ThreadPoolExecutor$Worker.run(ThreadPoolExecutor.java:635)
	at java.lang.Thread.run(Thread.java:840)
[0m
2025.11.10 21:41:13 INFO  Processing buildTarget/scalaMainClasses[0m
2025.11.10 21:41:13 INFO  compiling root[0m
2025.11.10 21:41:13 INFO  compiling 14 Scala sources and 1 Java source to /home/kasukabe/schedule_kokubunji/backend/target/scala-2.13/classes ...[0m
2025.11.10 21:41:13 ERROR /home/kasukabe/schedule_kokubunji/backend/src/main/scala/utility/JwtUtil.scala:34:31: not found: type Format[0m
2025.11.10 21:41:13 ERROR implicit val jwtContent : Format[JwtContent] = Json.format[JwtContent][0m
2025.11.10 21:41:13 ERROR ^[0m
2025.11.10 21:41:13 ERROR /home/kasukabe/schedule_kokubunji/backend/src/main/scala/utility/JwtUtil.scala:34:52: not found: value Json[0m
2025.11.10 21:41:13 ERROR implicit val jwtContent : Format[JwtContent] = Json.format[JwtContent][0m
2025.11.10 21:41:13 ERROR ^[0m
2025.11.10 21:41:13 ERROR /home/kasukabe/schedule_kokubunji/backend/src/main/scala/utility/JwtUtil.scala:44:35: not found: value Json[0m
2025.11.10 21:41:13 ERROR val tmpContent : String = Json.stringify(Json.toJson(JwtContent(id, role)))[0m
2025.11.10 21:41:13 ERROR ^[0m
2025.11.10 21:41:13 ERROR /home/kasukabe/schedule_kokubunji/backend/src/main/scala/utility/JwtUtil.scala:44:50: not found: value Json[0m
2025.11.10 21:41:13 ERROR val tmpContent : String = Json.stringify(Json.toJson(JwtContent(id, role)))[0m
2025.11.10 21:41:13 ERROR ^[0m
2025.11.10 21:41:13 ERROR four errors found[0m
2025.11.10 21:41:13 INFO  time: compiled root in 0.28s[0m
2025.11.10 21:41:13 ERROR (Compile / compileIncremental) Compilation failed[0m
2025.11.10 21:41:14 INFO  Scala main classes not supported by server
org.eclipse.lsp4j.jsonrpc.ResponseErrorException: (Compile / compileIncremental) Compilation failed
	at org.eclipse.lsp4j.jsonrpc.RemoteEndpoint.handleResponse(RemoteEndpoint.java:220)
	at org.eclipse.lsp4j.jsonrpc.RemoteEndpoint.consume(RemoteEndpoint.java:204)
	at scala.meta.internal.metals.RequestMonitorImpl$$anon$1.consume(ServerLivenessMonitor.scala:41)
	at org.eclipse.lsp4j.jsonrpc.json.StreamMessageProducer.handleMessage(StreamMessageProducer.java:185)
	at org.eclipse.lsp4j.jsonrpc.json.StreamMessageProducer.listen(StreamMessageProducer.java:97)
	at org.eclipse.lsp4j.jsonrpc.json.ConcurrentMessageProcessor.run(ConcurrentMessageProcessor.java:114)
	at java.util.concurrent.Executors$RunnableAdapter.call(Executors.java:539)
	at java.util.concurrent.FutureTask.run(FutureTask.java:264)
	at java.util.concurrent.ThreadPoolExecutor.runWorker(ThreadPoolExecutor.java:1136)
	at java.util.concurrent.ThreadPoolExecutor$Worker.run(ThreadPoolExecutor.java:635)
	at java.lang.Thread.run(Thread.java:840)
[0m
2025.11.10 21:41:13 INFO  Processing buildTarget/scalaTestClasses[0m
Nov 10, 2025 9:42:04 PM org.eclipse.lsp4j.jsonrpc.RemoteEndpoint handleCancellation
WARNING: Unmatched cancel notification for request id 2894
2025.11.10 21:42:06 INFO  Processing buildTarget/compile[0m
2025.11.10 21:42:06 INFO  compiling root[0m
2025.11.10 21:42:06 INFO  compiling 14 Scala sources and 1 Java source to /home/kasukabe/schedule_kokubunji/backend/target/scala-2.13/classes ...[0m
2025.11.10 21:42:13 INFO  done compiling[0m
2025.11.10 21:42:13 INFO  time: compiled root in 7.07s[0m
2025.11.10 21:42:13 INFO  Processing buildTarget/compile[0m
2025.11.10 21:42:13 INFO  Processing buildTarget/scalaMainClasses[0m
2025.11.10 21:42:13 INFO  compiling root[0m
2025.11.10 21:42:13 INFO  Processing buildTarget/scalaTestClasses[0m
2025.11.10 21:42:14 INFO  Processing buildTarget/jvmRunEnvironment[0m
2025.11.10 21:42:14 INFO  compiling root[0m
2025.11.10 21:43:12 INFO  Processing buildTarget/compile[0m
2025.11.10 21:44:14 INFO  Processing buildTarget/compile[0m
2025.11.10 21:45:16 INFO  Processing buildTarget/compile[0m
2025.11.10 21:46:18 INFO  Processing buildTarget/compile[0m
2025.11.10 21:47:14 INFO  Shutting down server[0m
2025.11.10 21:47:14 INFO  shutting down Metals[0m
2025.11.10 21:47:14 INFO  Shut down connection with build server.[0m
2025.11.10 21:47:14 INFO  Exiting server[0m
2025.11.10 21:47:36 INFO  Started: Metals version 1.6.3 in folders '/home/kasukabe/schedule_kokubunji' for client Cursor 1.99.3.[0m
2025.11.10 21:47:37 WARN  Using H2 2.4.240 which is newer than the version Flyway has been verified with. The latest verified version of H2 is 2.3.232.[0m
2025.11.10 21:47:37 INFO  no build target found for /home/kasukabe/schedule_kokubunji/backend/src/main/scala/Main.scala. Using presentation compiler with project's scala-library version: 3.3.6[0m
2025.11.10 21:47:38 INFO  Attempting to connect to the build server...[0m
2025.11.10 21:47:38 INFO  Running BSP server List(/usr/lib/jvm/java-17-openjdk-amd64/bin/java, -Xms100m, -Xmx100m, -classpath, /home/kasukabe/.cache/sbt/boot/sbt-launch/1.11.5/sbt-launch-1.11.5.jar, -Dsbt.script=/usr/bin/sbt, xsbt.boot.Boot, -bsp)[0m
2025.11.10 21:47:38 INFO  tracing is disabled for protocol BSP, to enable tracing of incoming and outgoing JSON messages create an empty file at /home/kasukabe/schedule_kokubunji/.metals/bsp.trace.json or /home/kasukabe/.cache/metals/bsp.trace.json[0m
2025.11.10 21:47:41 INFO  time: Connected to build server in 2.74s[0m
2025.11.10 21:47:41 INFO  Connected to Build server: sbt v1.11.5[0m
2025.11.10 21:47:41 INFO  Processing workspace/buildTargets[0m
2025.11.10 21:47:41 INFO  Processing buildTarget/scalacOptions[0m
2025.11.10 21:47:41 INFO  Processing buildTarget/sources[0m
2025.11.10 21:47:41 INFO  Processing buildTarget/dependencySources[0m
2025.11.10 21:47:45 INFO  time: Imported build in 3.13s[0m
2025.11.10 21:47:48 WARN  Using H2 2.4.240 which is newer than the version Flyway has been verified with. The latest verified version of H2 is 2.3.232.[0m
2025.11.10 21:48:06 INFO  time: indexed workspace in 20s[0m
2025.11.10 21:48:06 INFO  Processing buildTarget/scalaTestClasses[0m
2025.11.10 21:48:06 INFO  compiling root[0m
2025.11.10 21:48:06 INFO  compiling root-test[0m
2025.11.10 21:48:08 INFO  time: compiled root-test in 2.15s[0m
2025.11.10 21:48:10 INFO  Processing buildTarget/scalaMainClasses[0m
2025.11.10 21:48:10 INFO  compiling root[0m
2025.11.10 21:48:10 INFO  compiling root-test[0m
2025.11.10 21:48:10 INFO  time: compiled root-test in 11ms[0m
2025.11.10 21:48:10 INFO  Processing buildTarget/compile[0m
2025.11.10 21:48:10 INFO  compiling root[0m
2025.11.10 21:48:10 INFO  compiling root-test[0m
2025.11.10 21:48:10 INFO  time: compiled root-test in 22ms[0m
2025.11.10 21:48:10 INFO  Processing buildTarget/scalaMainClasses[0m
2025.11.10 21:48:10 INFO  compiling root[0m
Nov 10, 2025 9:48:10 PM scala.meta.internal.pc.CompilerAccess retryWithCleanCompiler
INFO: compiler crashed due to an error in the Scala compiler, retrying with new compiler instance.
2025.11.10 21:48:10 INFO  compiling root-test[0m
2025.11.10 21:48:10 INFO  time: compiled root-test in 17ms[0m
2025.11.10 21:48:11 INFO  Processing buildTarget/scalaTestClasses[0m
2025.11.10 21:48:11 INFO  compiling root[0m
2025.11.10 21:48:11 INFO  compiling root-test[0m
2025.11.10 21:48:11 INFO  time: compiled root-test in 16ms[0m
2025.11.10 21:48:11 INFO  Processing buildTarget/jvmRunEnvironment[0m
2025.11.10 21:48:11 INFO  compiling root[0m
2025.11.10 21:48:11 INFO  Processing buildTarget/jvmRunEnvironment[0m
2025.11.10 21:48:11 INFO  compiling root[0m
2025.11.10 21:48:42 INFO  Processing buildTarget/compile[0m
2025.11.10 21:49:44 INFO  Processing buildTarget/compile[0m
2025.11.10 21:50:46 INFO  Processing buildTarget/compile[0m
2025.11.10 21:51:48 INFO  Processing buildTarget/compile[0m
Nov 10, 2025 9:52:15 PM org.eclipse.lsp4j.jsonrpc.services.GenericEndpoint notify
INFO: Unsupported notification method: $/setTrace
2025.11.10 21:52:50 INFO  Processing buildTarget/compile[0m
2025.11.10 21:53:52 INFO  Processing buildTarget/compile[0m
2025.11.10 21:54:54 INFO  Processing buildTarget/compile[0m
2025.11.10 21:55:56 INFO  Processing buildTarget/compile[0m
2025.11.10 21:56:58 INFO  Processing buildTarget/compile[0m
2025.11.10 21:57:59 INFO  Processing buildTarget/compile[0m
2025.11.11 00:21:33 INFO  Shutting down server[0m
2025.11.11 00:21:33 INFO  shutting down Metals[0m
2025.11.11 00:21:33 INFO  Shut down connection with build server.[0m
2025.11.11 00:21:33 INFO  Exiting server[0m
2025.11.11 21:12:23 INFO  Started: Metals version 1.6.3 in folders '/home/kasukabe/schedule_kokubunji' for client Cursor 1.99.3.[0m
2025.11.11 21:12:23 WARN  Using H2 2.4.240 which is newer than the version Flyway has been verified with. The latest verified version of H2 is 2.3.232.[0m
2025.11.11 21:12:24 INFO  no build target found for /home/kasukabe/schedule_kokubunji/backend/src/main/scala/controller/AuthController.scala. Using presentation compiler with project's scala-library version: 3.3.6[0m
2025.11.11 21:12:24 INFO  Attempting to connect to the build server...[0m
2025.11.11 21:12:26 INFO  no build target found for /home/kasukabe/schedule_kokubunji/backend/src/main/scala/controller/AuthController.scala. Using presentation compiler with project's scala-library version: 3.3.6[0m
2025.11.11 21:12:26 INFO  no build target found for /home/kasukabe/schedule_kokubunji/backend/src/main/scala/controller/AuthController.scala. Using presentation compiler with project's scala-library version: 3.3.6[0m
2025.11.11 21:12:26 INFO  no build target found for /home/kasukabe/schedule_kokubunji/backend/src/main/scala/controller/AuthController.scala. Using presentation compiler with project's scala-library version: 3.3.6[0m
2025.11.11 21:12:27 INFO  no build target found for /home/kasukabe/schedule_kokubunji/backend/src/main/scala/controller/AuthController.scala. Using presentation compiler with project's scala-library version: 3.3.6[0m
2025.11.11 21:12:27 INFO  no build target found for /home/kasukabe/schedule_kokubunji/backend/src/main/scala/controller/AuthController.scala. Using presentation compiler with project's scala-library version: 3.3.6[0m
2025.11.11 21:12:27 INFO  no build target found for /home/kasukabe/schedule_kokubunji/backend/src/main/scala/controller/AuthController.scala. Using presentation compiler with project's scala-library version: 3.3.6[0m
2025.11.11 21:12:27 INFO  no build target found for /home/kasukabe/schedule_kokubunji/backend/src/main/scala/controller/AuthController.scala. Using presentation compiler with project's scala-library version: 3.3.6[0m
2025.11.11 21:12:29 INFO  no build target found for /home/kasukabe/schedule_kokubunji/backend/src/main/scala/controller/AuthController.scala. Using presentation compiler with project's scala-library version: 3.3.6[0m
2025.11.11 21:12:29 INFO  no build target found for /home/kasukabe/schedule_kokubunji/backend/src/main/scala/controller/AuthController.scala. Using presentation compiler with project's scala-library version: 3.3.6[0m
2025.11.11 21:12:29 INFO  no build target found for /home/kasukabe/schedule_kokubunji/backend/src/main/scala/controller/AuthController.scala. Using presentation compiler with project's scala-library version: 3.3.6[0m
2025.11.11 21:12:29 INFO  no build target found for /home/kasukabe/schedule_kokubunji/backend/src/main/scala/controller/AuthController.scala. Using presentation compiler with project's scala-library version: 3.3.6[0m
2025.11.11 21:12:31 INFO  no build target found for /home/kasukabe/schedule_kokubunji/backend/src/main/scala/controller/AuthController.scala. Using presentation compiler with project's scala-library version: 3.3.6[0m
2025.11.11 21:12:31 INFO  no build target found for /home/kasukabe/schedule_kokubunji/backend/src/main/scala/controller/AuthController.scala. Using presentation compiler with project's scala-library version: 3.3.6[0m
2025.11.11 21:12:31 INFO  no build target found for /home/kasukabe/schedule_kokubunji/backend/src/main/scala/controller/AuthController.scala. Using presentation compiler with project's scala-library version: 3.3.6[0m
2025.11.11 21:12:31 INFO  no build target found for /home/kasukabe/schedule_kokubunji/backend/src/main/scala/controller/AuthController.scala. Using presentation compiler with project's scala-library version: 3.3.6[0m
2025.11.11 21:12:31 INFO  no build target found for /home/kasukabe/schedule_kokubunji/backend/src/main/scala/controller/AuthController.scala. Using presentation compiler with project's scala-library version: 3.3.6[0m
2025.11.11 21:12:33 INFO  no build target found for /home/kasukabe/schedule_kokubunji/backend/src/main/scala/controller/AuthController.scala. Using presentation compiler with project's scala-library version: 3.3.6[0m
2025.11.11 21:12:34 INFO  no build target found for /home/kasukabe/schedule_kokubunji/backend/src/main/scala/controller/AuthController.scala. Using presentation compiler with project's scala-library version: 3.3.6[0m
2025.11.11 21:12:34 INFO  no build target found for /home/kasukabe/schedule_kokubunji/backend/src/main/scala/controller/AuthController.scala. Using presentation compiler with project's scala-library version: 3.3.6[0m
2025.11.11 21:12:35 INFO  no build target found for /home/kasukabe/schedule_kokubunji/backend/src/main/scala/controller/AuthController.scala. Using presentation compiler with project's scala-library version: 3.3.6[0m
2025.11.11 21:12:35 INFO  no build target found for /home/kasukabe/schedule_kokubunji/backend/src/main/scala/controller/AuthController.scala. Using presentation compiler with project's scala-library version: 3.3.6[0m
2025.11.11 21:12:35 INFO  no build target found for /home/kasukabe/schedule_kokubunji/backend/src/main/scala/controller/AuthController.scala. Using presentation compiler with project's scala-library version: 3.3.6[0m
2025.11.11 21:12:35 INFO  no build target found for /home/kasukabe/schedule_kokubunji/backend/src/main/scala/controller/AuthController.scala. Using presentation compiler with project's scala-library version: 3.3.6[0m
2025.11.11 21:12:36 INFO  no build target found for /home/kasukabe/schedule_kokubunji/backend/src/main/scala/controller/AuthController.scala. Using presentation compiler with project's scala-library version: 3.3.6[0m
2025.11.11 21:12:37 INFO  no build target found for /home/kasukabe/schedule_kokubunji/backend/src/main/scala/controller/AuthController.scala. Using presentation compiler with project's scala-library version: 3.3.6[0m
2025.11.11 21:12:38 INFO  no build target found for /home/kasukabe/schedule_kokubunji/backend/src/main/scala/controller/AuthController.scala. Using presentation compiler with project's scala-library version: 3.3.6[0m
2025.11.11 21:12:39 ERROR Failed to connect with build server, no functionality will work.
java.util.concurrent.TimeoutException: Future timed out after [15 seconds]
	at scala.concurrent.Future$.timeoutError(Future.scala:581)
	at scala.concurrent.impl.Promise$DefaultPromise.tryAwait0(Promise.scala:258)
	at scala.concurrent.impl.Promise$DefaultPromise.result(Promise.scala:271)
	at scala.concurrent.Await$.$anonfun$result$1(package.scala:208)
	at scala.concurrent.BlockContext$DefaultBlockContext$.blockOn(BlockContext.scala:62)
	at scala.concurrent.Await$.result(package.scala:125)
	at scala.meta.internal.metals.MetalsEnrichments$XtensionScalaFuture.$anonfun$withTimeout$1(MetalsEnrichments.scala:296)
	at scala.concurrent.Future$.$anonfun$apply$1(Future.scala:691)
	at scala.concurrent.impl.Promise$Transformation.run(Promise.scala:500)
	at java.util.concurrent.ThreadPoolExecutor.runWorker(ThreadPoolExecutor.java:1136)
	at java.util.concurrent.ThreadPoolExecutor$Worker.run(ThreadPoolExecutor.java:635)
	at java.lang.Thread.run(Thread.java:840)
[0m
2025.11.11 21:12:39 INFO  no build target found for /home/kasukabe/schedule_kokubunji/backend/src/main/scala/controller/AuthController.scala. Using presentation compiler with project's scala-library version: 3.3.6[0m
2025.11.11 21:12:39 WARN  no build target for: /home/kasukabe/schedule_kokubunji/backend/src/main/scala/controller/AuthController.scala[0m
2025.11.11 21:12:39 INFO  no build target found for /home/kasukabe/schedule_kokubunji/backend/src/main/scala/controller/AuthController.scala. Using presentation compiler with project's scala-library version: 3.3.6[0m
2025.11.11 21:12:43 INFO  no build target found for /home/kasukabe/schedule_kokubunji/backend/src/main/scala/controller/AuthController.scala. Using presentation compiler with project's scala-library version: 3.3.6[0m
2025.11.11 21:12:44 INFO  no build target found for /home/kasukabe/schedule_kokubunji/backend/src/main/scala/controller/AuthController.scala. Using presentation compiler with project's scala-library version: 3.3.6[0m
2025.11.11 21:12:45 INFO  no build target found for /home/kasukabe/schedule_kokubunji/backend/src/main/scala/controller/AuthController.scala. Using presentation compiler with project's scala-library version: 3.3.6[0m
2025.11.11 21:12:45 INFO  no build target found for /home/kasukabe/schedule_kokubunji/backend/src/main/scala/controller/AuthController.scala. Using presentation compiler with project's scala-library version: 3.3.6[0m
2025.11.11 21:12:45 INFO  no build target found for /home/kasukabe/schedule_kokubunji/backend/src/main/scala/controller/AuthController.scala. Using presentation compiler with project's scala-library version: 3.3.6[0m
2025.11.11 21:12:45 INFO  no build target found for /home/kasukabe/schedule_kokubunji/backend/src/main/scala/controller/AuthController.scala. Using presentation compiler with project's scala-library version: 3.3.6[0m
2025.11.11 21:12:46 INFO  no build target found for /home/kasukabe/schedule_kokubunji/backend/src/main/scala/controller/AuthController.scala. Using presentation compiler with project's scala-library version: 3.3.6[0m
2025.11.11 21:12:47 INFO  no build target found for /home/kasukabe/schedule_kokubunji/backend/src/main/scala/controller/AuthController.scala. Using presentation compiler with project's scala-library version: 3.3.6[0m
2025.11.11 21:12:47 INFO  no build target found for /home/kasukabe/schedule_kokubunji/backend/src/main/scala/controller/AuthController.scala. Using presentation compiler with project's scala-library version: 3.3.6[0m
2025.11.11 21:12:47 INFO  no build target found for /home/kasukabe/schedule_kokubunji/backend/src/main/scala/controller/AuthController.scala. Using presentation compiler with project's scala-library version: 3.3.6[0m
2025.11.11 21:12:47 INFO  no build target found for /home/kasukabe/schedule_kokubunji/backend/src/main/scala/controller/AuthController.scala. Using presentation compiler with project's scala-library version: 3.3.6[0m
2025.11.11 21:12:47 INFO  no build target found for /home/kasukabe/schedule_kokubunji/backend/src/main/scala/controller/AuthController.scala. Using presentation compiler with project's scala-library version: 3.3.6[0m
2025.11.11 21:12:48 INFO  no build target found for /home/kasukabe/schedule_kokubunji/backend/src/main/scala/controller/AuthController.scala. Using presentation compiler with project's scala-library version: 3.3.6[0m
2025.11.11 21:12:48 INFO  no build target found for /home/kasukabe/schedule_kokubunji/backend/src/main/scala/controller/AuthController.scala. Using presentation compiler with project's scala-library version: 3.3.6[0m
2025.11.11 21:12:48 INFO  no build target found for /home/kasukabe/schedule_kokubunji/backend/src/main/scala/controller/AuthController.scala. Using presentation compiler with project's scala-library version: 3.3.6[0m
2025.11.11 21:12:47 INFO  no build target found for /home/kasukabe/schedule_kokubunji/backend/src/main/scala/controller/AuthController.scala. Using presentation compiler with project's scala-library version: 3.3.6[0m
2025.11.11 21:12:50 INFO  no build target found for /home/kasukabe/schedule_kokubunji/backend/src/main/scala/controller/AuthController.scala. Using presentation compiler with project's scala-library version: 3.3.6[0m
2025.11.11 21:12:50 INFO  no build target found for /home/kasukabe/schedule_kokubunji/backend/src/main/scala/controller/AuthController.scala. Using presentation compiler with project's scala-library version: 3.3.6[0m
2025.11.11 21:12:50 INFO  no build target found for /home/kasukabe/schedule_kokubunji/backend/src/main/scala/controller/AuthController.scala. Using presentation compiler with project's scala-library version: 3.3.6[0m
2025.11.11 21:12:50 INFO  no build target found for /home/kasukabe/schedule_kokubunji/backend/src/main/scala/controller/AuthController.scala. Using presentation compiler with project's scala-library version: 3.3.6[0m
2025.11.11 21:12:50 INFO  no build target found for /home/kasukabe/schedule_kokubunji/backend/src/main/scala/controller/AuthController.scala. Using presentation compiler with project's scala-library version: 3.3.6[0m
2025.11.11 21:12:50 INFO  no build target found for /home/kasukabe/schedule_kokubunji/backend/src/main/scala/controller/AuthController.scala. Using presentation compiler with project's scala-library version: 3.3.6[0m
2025.11.11 21:12:50 INFO  no build target found for /home/kasukabe/schedule_kokubunji/backend/src/main/scala/controller/AuthController.scala. Using presentation compiler with project's scala-library version: 3.3.6[0m
2025.11.11 21:12:50 INFO  no build target found for /home/kasukabe/schedule_kokubunji/backend/src/main/scala/controller/AuthController.scala. Using presentation compiler with project's scala-library version: 3.3.6[0m
2025.11.11 21:12:51 INFO  no build target found for /home/kasukabe/schedule_kokubunji/backend/src/main/scala/controller/AuthController.scala. Using presentation compiler with project's scala-library version: 3.3.6[0m
2025.11.11 21:12:50 INFO  no build target found for /home/kasukabe/schedule_kokubunji/backend/src/main/scala/controller/AuthController.scala. Using presentation compiler with project's scala-library version: 3.3.6[0m
2025.11.11 21:12:51 INFO  no build target found for /home/kasukabe/schedule_kokubunji/backend/src/main/scala/controller/AuthController.scala. Using presentation compiler with project's scala-library version: 3.3.6[0m
2025.11.11 21:12:52 INFO  no build target found for /home/kasukabe/schedule_kokubunji/backend/src/main/scala/controller/AuthController.scala. Using presentation compiler with project's scala-library version: 3.3.6[0m
2025.11.11 21:12:53 INFO  no build target found for /home/kasukabe/schedule_kokubunji/backend/src/main/scala/controller/AuthController.scala. Using presentation compiler with project's scala-library version: 3.3.6[0m
2025.11.11 21:12:53 INFO  no build target found for /home/kasukabe/schedule_kokubunji/backend/src/main/scala/controller/AuthController.scala. Using presentation compiler with project's scala-library version: 3.3.6[0m
2025.11.11 21:12:53 INFO  no build target found for /home/kasukabe/schedule_kokubunji/backend/src/main/scala/controller/AuthController.scala. Using presentation compiler with project's scala-library version: 3.3.6[0m
2025.11.11 21:12:53 INFO  no build target found for /home/kasukabe/schedule_kokubunji/backend/src/main/scala/controller/AuthController.scala. Using presentation compiler with project's scala-library version: 3.3.6[0m
2025.11.11 21:12:55 INFO  no build target found for /home/kasukabe/schedule_kokubunji/backend/src/main/scala/enum/Role.scala. Using presentation compiler with project's scala-library version: 3.3.6[0m
2025.11.11 21:12:55 WARN  no build target for: /home/kasukabe/schedule_kokubunji/backend/src/main/scala/enum/Role.scala[0m
2025.11.11 21:12:55 INFO  no build target found for /home/kasukabe/schedule_kokubunji/backend/src/main/scala/enum/Role.scala. Using presentation compiler with project's scala-library version: 3.3.6[0m
2025.11.11 21:12:56 INFO  no build target found for /home/kasukabe/schedule_kokubunji/backend/src/main/scala/enum/Role.scala. Using presentation compiler with project's scala-library version: 3.3.6[0m
2025.11.11 21:12:58 INFO  no build target found for /home/kasukabe/schedule_kokubunji/backend/src/main/scala/enum/Role.scala. Using presentation compiler with project's scala-library version: 3.3.6[0m
2025.11.11 21:12:59 INFO  no build target found for /home/kasukabe/schedule_kokubunji/backend/src/main/scala/enum/Role.scala. Using presentation compiler with project's scala-library version: 3.3.6[0m
2025.11.11 21:12:59 INFO  no build target found for /home/kasukabe/schedule_kokubunji/backend/src/main/scala/enum/Role.scala. Using presentation compiler with project's scala-library version: 3.3.6[0m
Nov 11, 2025 9:12:59 PM org.eclipse.lsp4j.jsonrpc.RemoteEndpoint handleCancellation
WARNING: Unmatched cancel notification for request id 148
2025.11.11 21:12:59 INFO  no build target found for /home/kasukabe/schedule_kokubunji/backend/src/main/scala/enum/Role.scala. Using presentation compiler with project's scala-library version: 3.3.6[0m
2025.11.11 21:13:18 INFO  no build target found for /home/kasukabe/schedule_kokubunji/backend/src/main/scala/enum/Role.scala. Using presentation compiler with project's scala-library version: 3.3.6[0m
2025.11.11 21:13:18 INFO  Created report: Optional[file:///home/kasukabe/schedule_kokubunji/backend/src/main/scala/enum/Role.scala][0m
2025.11.11 21:13:18 INFO  empty definition using pc, found symbol in pc: `<none>`. (full report at: "/home/kasukabe/schedule_kokubunji/.metals/.reports/metals-full/2025-11-11/r_empty-definition_21-13-18-691.md")[0m
2025.11.11 21:13:18 INFO  no build target found for /home/kasukabe/schedule_kokubunji/backend/src/main/scala/enum/Role.scala. Using presentation compiler with project's scala-library version: 3.3.6[0m
2025.11.11 21:13:24 INFO  no build target found for /home/kasukabe/schedule_kokubunji/backend/src/main/scala/enum/Role.scala. Using presentation compiler with project's scala-library version: 3.3.6[0m
2025.11.11 21:13:28 INFO  no build target found for /home/kasukabe/schedule_kokubunji/backend/src/main/scala/enum/Role.scala. Using presentation compiler with project's scala-library version: 3.3.6[0m
2025.11.11 21:13:53 WARN  no build target for: /home/kasukabe/schedule_kokubunji/backend/src/main/scala/controller/AuthController.scala[0m
2025.11.11 21:13:53 INFO  no build target found for /home/kasukabe/schedule_kokubunji/backend/src/main/scala/controller/AuthController.scala. Using presentation compiler with project's scala-library version: 3.3.6[0m
2025.11.11 21:13:53 INFO  no build target found for /home/kasukabe/schedule_kokubunji/backend/src/main/scala/controller/AuthController.scala. Using presentation compiler with project's scala-library version: 3.3.6[0m
2025.11.11 21:13:56 INFO  no build target found for /home/kasukabe/schedule_kokubunji/backend/src/main/scala/controller/AuthController.scala. Using presentation compiler with project's scala-library version: 3.3.6[0m
2025.11.11 21:13:58 INFO  no build target found for /home/kasukabe/schedule_kokubunji/backend/src/main/scala/controller/AuthController.scala. Using presentation compiler with project's scala-library version: 3.3.6[0m
2025.11.11 21:13:58 INFO  no build target found for /home/kasukabe/schedule_kokubunji/backend/src/main/scala/controller/AuthController.scala. Using presentation compiler with project's scala-library version: 3.3.6[0m
2025.11.11 21:14:04 INFO  no build target found for /home/kasukabe/schedule_kokubunji/backend/src/main/scala/controller/AuthController.scala. Using presentation compiler with project's scala-library version: 3.3.6[0m
2025.11.11 21:14:29 INFO  no build target found for /home/kasukabe/schedule_kokubunji/backend/src/main/scala/controller/AuthController.scala. Using presentation compiler with project's scala-library version: 3.3.6[0m
2025.11.11 21:14:37 WARN  no build target for: /home/kasukabe/schedule_kokubunji/backend/src/main/scala/controller/AuthController.scala[0m
2025.11.11 21:14:37 INFO  no build target found for /home/kasukabe/schedule_kokubunji/backend/src/main/scala/controller/AuthController.scala. Using presentation compiler with project's scala-library version: 3.3.6[0m
2025.11.11 21:14:37 INFO  no build target found for /home/kasukabe/schedule_kokubunji/backend/src/main/scala/controller/AuthController.scala. Using presentation compiler with project's scala-library version: 3.3.6[0m
2025.11.11 21:14:46 WARN  no build target for: /home/kasukabe/schedule_kokubunji/backend/src/main/scala/controller/AuthController.scala[0m
2025.11.11 21:14:46 INFO  no build target found for /home/kasukabe/schedule_kokubunji/backend/src/main/scala/controller/AuthController.scala. Using presentation compiler with project's scala-library version: 3.3.6[0m
2025.11.11 21:14:46 INFO  no build target found for /home/kasukabe/schedule_kokubunji/backend/src/main/scala/controller/AuthController.scala. Using presentation compiler with project's scala-library version: 3.3.6[0m
2025.11.11 21:14:49 INFO  no build target found for /home/kasukabe/schedule_kokubunji/backend/src/main/scala/controller/AuthController.scala. Using presentation compiler with project's scala-library version: 3.3.6[0m
2025.11.11 21:14:52 INFO  no build target found for /home/kasukabe/schedule_kokubunji/backend/src/main/scala/controller/AuthController.scala. Using presentation compiler with project's scala-library version: 3.3.6[0m
2025.11.11 21:15:09 WARN  no build target for: /home/kasukabe/schedule_kokubunji/backend/src/main/scala/controller/AuthController.scala[0m
2025.11.11 21:15:09 INFO  no build target found for /home/kasukabe/schedule_kokubunji/backend/src/main/scala/controller/AuthController.scala. Using presentation compiler with project's scala-library version: 3.3.6[0m
2025.11.11 21:15:09 INFO  no build target found for /home/kasukabe/schedule_kokubunji/backend/src/main/scala/controller/AuthController.scala. Using presentation compiler with project's scala-library version: 3.3.6[0m
2025.11.11 21:16:50 INFO  no build target found for /home/kasukabe/schedule_kokubunji/backend/src/main/scala/struct/Role.scala. Using presentation compiler with project's scala-library version: 3.3.6[0m
2025.11.11 21:16:50 WARN  no build target for: /home/kasukabe/schedule_kokubunji/backend/src/main/scala/struct/Role.scala[0m
2025.11.11 21:16:50 INFO  no build target found for /home/kasukabe/schedule_kokubunji/backend/src/main/scala/struct/Role.scala. Using presentation compiler with project's scala-library version: 3.3.6[0m
2025.11.11 21:16:50 INFO  no build target found for /home/kasukabe/schedule_kokubunji/backend/src/main/scala/struct/Role.scala. Using presentation compiler with project's scala-library version: 3.3.6[0m
2025.11.11 21:16:52 INFO  no build target found for /home/kasukabe/schedule_kokubunji/backend/src/main/scala/struct/Role.scala. Using presentation compiler with project's scala-library version: 3.3.6[0m
2025.11.11 21:16:52 INFO  no build target found for /home/kasukabe/schedule_kokubunji/backend/src/main/scala/struct/Role.scala. Using presentation compiler with project's scala-library version: 3.3.6[0m
2025.11.11 21:16:52 INFO  no build target found for /home/kasukabe/schedule_kokubunji/backend/src/main/scala/struct/Role.scala. Using presentation compiler with project's scala-library version: 3.3.6[0m
2025.11.11 21:16:53 INFO  no build target found for /home/kasukabe/schedule_kokubunji/backend/src/main/scala/struct/Role.scala. Using presentation compiler with project's scala-library version: 3.3.6[0m
2025.11.11 21:16:53 INFO  no build target found for /home/kasukabe/schedule_kokubunji/backend/src/main/scala/struct/Role.scala. Using presentation compiler with project's scala-library version: 3.3.6[0m
2025.11.11 21:16:53 INFO  no build target found for /home/kasukabe/schedule_kokubunji/backend/src/main/scala/struct/Role.scala. Using presentation compiler with project's scala-library version: 3.3.6[0m
2025.11.11 21:16:54 INFO  no build target found for /home/kasukabe/schedule_kokubunji/backend/src/main/scala/struct/Role.scala. Using presentation compiler with project's scala-library version: 3.3.6[0m
2025.11.11 21:16:54 INFO  no build target found for /home/kasukabe/schedule_kokubunji/backend/src/main/scala/struct/Role.scala. Using presentation compiler with project's scala-library version: 3.3.6[0m
2025.11.11 21:16:53 INFO  no build target found for /home/kasukabe/schedule_kokubunji/backend/src/main/scala/struct/Role.scala. Using presentation compiler with project's scala-library version: 3.3.6[0m
2025.11.11 21:16:53 INFO  no build target found for /home/kasukabe/schedule_kokubunji/backend/src/main/scala/struct/Role.scala. Using presentation compiler with project's scala-library version: 3.3.6[0m
2025.11.11 21:16:55 INFO  no build target found for /home/kasukabe/schedule_kokubunji/backend/src/main/scala/struct/Role.scala. Using presentation compiler with project's scala-library version: 3.3.6[0m
2025.11.11 21:16:55 INFO  no build target found for /home/kasukabe/schedule_kokubunji/backend/src/main/scala/struct/Role.scala. Using presentation compiler with project's scala-library version: 3.3.6[0m
2025.11.11 21:16:55 INFO  no build target found for /home/kasukabe/schedule_kokubunji/backend/src/main/scala/struct/Role.scala. Using presentation compiler with project's scala-library version: 3.3.6[0m
2025.11.11 21:16:55 INFO  no build target found for /home/kasukabe/schedule_kokubunji/backend/src/main/scala/struct/Role.scala. Using presentation compiler with project's scala-library version: 3.3.6[0m
2025.11.11 21:16:55 INFO  no build target found for /home/kasukabe/schedule_kokubunji/backend/src/main/scala/struct/Role.scala. Using presentation compiler with project's scala-library version: 3.3.6[0m
2025.11.11 21:16:55 INFO  no build target found for /home/kasukabe/schedule_kokubunji/backend/src/main/scala/struct/Role.scala. Using presentation compiler with project's scala-library version: 3.3.6[0m
2025.11.11 21:16:55 INFO  no build target found for /home/kasukabe/schedule_kokubunji/backend/src/main/scala/struct/Role.scala. Using presentation compiler with project's scala-library version: 3.3.6[0m
2025.11.11 21:16:55 INFO  no build target found for /home/kasukabe/schedule_kokubunji/backend/src/main/scala/struct/Role.scala. Using presentation compiler with project's scala-library version: 3.3.6[0m
2025.11.11 21:16:55 INFO  no build target found for /home/kasukabe/schedule_kokubunji/backend/src/main/scala/struct/Role.scala. Using presentation compiler with project's scala-library version: 3.3.6[0m
2025.11.11 21:16:55 INFO  no build target found for /home/kasukabe/schedule_kokubunji/backend/src/main/scala/struct/Role.scala. Using presentation compiler with project's scala-library version: 3.3.6[0m
2025.11.11 21:16:55 INFO  no build target found for /home/kasukabe/schedule_kokubunji/backend/src/main/scala/struct/Role.scala. Using presentation compiler with project's scala-library version: 3.3.6[0m
2025.11.11 21:16:55 INFO  no build target found for /home/kasukabe/schedule_kokubunji/backend/src/main/scala/struct/Role.scala. Using presentation compiler with project's scala-library version: 3.3.6[0m
2025.11.11 21:16:55 INFO  no build target found for /home/kasukabe/schedule_kokubunji/backend/src/main/scala/struct/Role.scala. Using presentation compiler with project's scala-library version: 3.3.6[0m
2025.11.11 21:16:56 INFO  no build target found for /home/kasukabe/schedule_kokubunji/backend/src/main/scala/struct/Role.scala. Using presentation compiler with project's scala-library version: 3.3.6[0m
2025.11.11 21:16:57 INFO  no build target found for /home/kasukabe/schedule_kokubunji/backend/src/main/scala/struct/Role.scala. Using presentation compiler with project's scala-library version: 3.3.6[0m
2025.11.11 21:16:57 INFO  no build target found for /home/kasukabe/schedule_kokubunji/backend/src/main/scala/struct/Role.scala. Using presentation compiler with project's scala-library version: 3.3.6[0m
2025.11.11 21:16:58 INFO  no build target found for /home/kasukabe/schedule_kokubunji/backend/src/main/scala/struct/Role.scala. Using presentation compiler with project's scala-library version: 3.3.6[0m
2025.11.11 21:16:57 INFO  no build target found for /home/kasukabe/schedule_kokubunji/backend/src/main/scala/struct/Role.scala. Using presentation compiler with project's scala-library version: 3.3.6[0m
2025.11.11 21:16:58 INFO  no build target found for /home/kasukabe/schedule_kokubunji/backend/src/main/scala/struct/Role.scala. Using presentation compiler with project's scala-library version: 3.3.6[0m
2025.11.11 21:16:57 INFO  no build target found for /home/kasukabe/schedule_kokubunji/backend/src/main/scala/struct/Role.scala. Using presentation compiler with project's scala-library version: 3.3.6[0m
2025.11.11 21:16:58 INFO  no build target found for /home/kasukabe/schedule_kokubunji/backend/src/main/scala/struct/Role.scala. Using presentation compiler with project's scala-library version: 3.3.6[0m
2025.11.11 21:16:58 INFO  no build target found for /home/kasukabe/schedule_kokubunji/backend/src/main/scala/struct/Role.scala. Using presentation compiler with project's scala-library version: 3.3.6[0m
2025.11.11 21:16:57 INFO  no build target found for /home/kasukabe/schedule_kokubunji/backend/src/main/scala/struct/Role.scala. Using presentation compiler with project's scala-library version: 3.3.6[0m
2025.11.11 21:16:58 INFO  no build target found for /home/kasukabe/schedule_kokubunji/backend/src/main/scala/struct/Role.scala. Using presentation compiler with project's scala-library version: 3.3.6[0m
2025.11.11 21:16:59 INFO  no build target found for /home/kasukabe/schedule_kokubunji/backend/src/main/scala/struct/Role.scala. Using presentation compiler with project's scala-library version: 3.3.6[0m
2025.11.11 21:16:59 INFO  no build target found for /home/kasukabe/schedule_kokubunji/backend/src/main/scala/struct/Role.scala. Using presentation compiler with project's scala-library version: 3.3.6[0m
2025.11.11 21:17:02 WARN  no build target for: /home/kasukabe/schedule_kokubunji/backend/src/main/scala/struct/Role.scala[0m
2025.11.11 21:17:02 INFO  no build target found for /home/kasukabe/schedule_kokubunji/backend/src/main/scala/struct/Role.scala. Using presentation compiler with project's scala-library version: 3.3.6[0m
2025.11.11 21:17:02 INFO  no build target found for /home/kasukabe/schedule_kokubunji/backend/src/main/scala/struct/Role.scala. Using presentation compiler with project's scala-library version: 3.3.6[0m
2025.11.11 21:17:06 WARN  no build target for: /home/kasukabe/schedule_kokubunji/backend/src/main/scala/controller/AuthController.scala[0m
2025.11.11 21:17:06 INFO  no build target found for /home/kasukabe/schedule_kokubunji/backend/src/main/scala/controller/AuthController.scala. Using presentation compiler with project's scala-library version: 3.3.6[0m
2025.11.11 21:17:07 INFO  no build target found for /home/kasukabe/schedule_kokubunji/backend/src/main/scala/controller/AuthController.scala. Using presentation compiler with project's scala-library version: 3.3.6[0m
2025.11.11 21:17:07 INFO  no build target found for /home/kasukabe/schedule_kokubunji/backend/src/main/scala/controller/AuthController.scala. Using presentation compiler with project's scala-library version: 3.3.6[0m
2025.11.11 21:17:07 INFO  no build target found for /home/kasukabe/schedule_kokubunji/backend/src/main/scala/controller/AuthController.scala. Using presentation compiler with project's scala-library version: 3.3.6[0m
2025.11.11 21:17:08 INFO  no build target found for /home/kasukabe/schedule_kokubunji/backend/src/main/scala/controller/AuthController.scala. Using presentation compiler with project's scala-library version: 3.3.6[0m
2025.11.11 21:17:08 INFO  no build target found for /home/kasukabe/schedule_kokubunji/backend/src/main/scala/controller/AuthController.scala. Using presentation compiler with project's scala-library version: 3.3.6[0m
2025.11.11 21:17:08 INFO  no build target found for /home/kasukabe/schedule_kokubunji/backend/src/main/scala/controller/AuthController.scala. Using presentation compiler with project's scala-library version: 3.3.6[0m
2025.11.11 21:17:08 INFO  no build target found for /home/kasukabe/schedule_kokubunji/backend/src/main/scala/controller/AuthController.scala. Using presentation compiler with project's scala-library version: 3.3.6[0m
2025.11.11 21:17:08 INFO  no build target found for /home/kasukabe/schedule_kokubunji/backend/src/main/scala/controller/AuthController.scala. Using presentation compiler with project's scala-library version: 3.3.6[0m
2025.11.11 21:17:08 INFO  no build target found for /home/kasukabe/schedule_kokubunji/backend/src/main/scala/controller/AuthController.scala. Using presentation compiler with project's scala-library version: 3.3.6[0m
2025.11.11 21:17:08 INFO  no build target found for /home/kasukabe/schedule_kokubunji/backend/src/main/scala/controller/AuthController.scala. Using presentation compiler with project's scala-library version: 3.3.6[0m
2025.11.11 21:17:09 INFO  no build target found for /home/kasukabe/schedule_kokubunji/backend/src/main/scala/controller/AuthController.scala. Using presentation compiler with project's scala-library version: 3.3.6[0m
2025.11.11 21:17:09 INFO  no build target found for /home/kasukabe/schedule_kokubunji/backend/src/main/scala/controller/AuthController.scala. Using presentation compiler with project's scala-library version: 3.3.6[0m
2025.11.11 21:17:09 INFO  no build target found for /home/kasukabe/schedule_kokubunji/backend/src/main/scala/controller/AuthController.scala. Using presentation compiler with project's scala-library version: 3.3.6[0m
2025.11.11 21:17:10 INFO  no build target found for /home/kasukabe/schedule_kokubunji/backend/src/main/scala/controller/AuthController.scala. Using presentation compiler with project's scala-library version: 3.3.6[0m
2025.11.11 21:17:10 INFO  no build target found for /home/kasukabe/schedule_kokubunji/backend/src/main/scala/controller/AuthController.scala. Using presentation compiler with project's scala-library version: 3.3.6[0m
2025.11.11 21:17:11 INFO  no build target found for /home/kasukabe/schedule_kokubunji/backend/src/main/scala/controller/AuthController.scala. Using presentation compiler with project's scala-library version: 3.3.6[0m
2025.11.11 21:17:11 INFO  no build target found for /home/kasukabe/schedule_kokubunji/backend/src/main/scala/controller/AuthController.scala. Using presentation compiler with project's scala-library version: 3.3.6[0m
2025.11.11 21:17:11 INFO  no build target found for /home/kasukabe/schedule_kokubunji/backend/src/main/scala/controller/AuthController.scala. Using presentation compiler with project's scala-library version: 3.3.6[0m
2025.11.11 21:17:11 INFO  no build target found for /home/kasukabe/schedule_kokubunji/backend/src/main/scala/controller/AuthController.scala. Using presentation compiler with project's scala-library version: 3.3.6[0m
Nov 11, 2025 9:17:12 PM org.eclipse.lsp4j.jsonrpc.RemoteEndpoint handleCancellation
WARNING: Unmatched cancel notification for request id 316
2025.11.11 21:17:12 INFO  no build target found for /home/kasukabe/schedule_kokubunji/backend/src/main/scala/controller/AuthController.scala. Using presentation compiler with project's scala-library version: 3.3.6[0m
2025.11.11 21:17:12 INFO  no build target found for /home/kasukabe/schedule_kokubunji/backend/src/main/scala/controller/AuthController.scala. Using presentation compiler with project's scala-library version: 3.3.6[0m
2025.11.11 21:17:12 INFO  no build target found for /home/kasukabe/schedule_kokubunji/backend/src/main/scala/controller/AuthController.scala. Using presentation compiler with project's scala-library version: 3.3.6[0m
2025.11.11 21:17:12 INFO  no build target found for /home/kasukabe/schedule_kokubunji/backend/src/main/scala/controller/AuthController.scala. Using presentation compiler with project's scala-library version: 3.3.6[0m
2025.11.11 21:17:12 INFO  no build target found for /home/kasukabe/schedule_kokubunji/backend/src/main/scala/controller/AuthController.scala. Using presentation compiler with project's scala-library version: 3.3.6[0m
2025.11.11 21:17:13 INFO  no build target found for /home/kasukabe/schedule_kokubunji/backend/src/main/scala/controller/AuthController.scala. Using presentation compiler with project's scala-library version: 3.3.6[0m
2025.11.11 21:17:13 INFO  no build target found for /home/kasukabe/schedule_kokubunji/backend/src/main/scala/controller/AuthController.scala. Using presentation compiler with project's scala-library version: 3.3.6[0m
2025.11.11 21:17:13 INFO  no build target found for /home/kasukabe/schedule_kokubunji/backend/src/main/scala/controller/AuthController.scala. Using presentation compiler with project's scala-library version: 3.3.6[0m
2025.11.11 21:17:13 INFO  no build target found for /home/kasukabe/schedule_kokubunji/backend/src/main/scala/controller/AuthController.scala. Using presentation compiler with project's scala-library version: 3.3.6[0m
2025.11.11 21:17:14 INFO  no build target found for /home/kasukabe/schedule_kokubunji/backend/src/main/scala/controller/AuthController.scala. Using presentation compiler with project's scala-library version: 3.3.6[0m
2025.11.11 21:17:14 INFO  no build target found for /home/kasukabe/schedule_kokubunji/backend/src/main/scala/controller/AuthController.scala. Using presentation compiler with project's scala-library version: 3.3.6[0m
2025.11.11 21:17:13 INFO  no build target found for /home/kasukabe/schedule_kokubunji/backend/src/main/scala/controller/AuthController.scala. Using presentation compiler with project's scala-library version: 3.3.6[0m
2025.11.11 21:17:14 INFO  no build target found for /home/kasukabe/schedule_kokubunji/backend/src/main/scala/controller/AuthController.scala. Using presentation compiler with project's scala-library version: 3.3.6[0m
2025.11.11 21:17:14 INFO  no build target found for /home/kasukabe/schedule_kokubunji/backend/src/main/scala/controller/AuthController.scala. Using presentation compiler with project's scala-library version: 3.3.6[0m
2025.11.11 21:17:14 INFO  no build target found for /home/kasukabe/schedule_kokubunji/backend/src/main/scala/controller/AuthController.scala. Using presentation compiler with project's scala-library version: 3.3.6[0m
2025.11.11 21:17:15 INFO  no build target found for /home/kasukabe/schedule_kokubunji/backend/src/main/scala/controller/AuthController.scala. Using presentation compiler with project's scala-library version: 3.3.6[0m
2025.11.11 21:17:14 INFO  no build target found for /home/kasukabe/schedule_kokubunji/backend/src/main/scala/controller/AuthController.scala. Using presentation compiler with project's scala-library version: 3.3.6[0m
2025.11.11 21:17:15 INFO  no build target found for /home/kasukabe/schedule_kokubunji/backend/src/main/scala/controller/AuthController.scala. Using presentation compiler with project's scala-library version: 3.3.6[0m
2025.11.11 21:17:14 INFO  no build target found for /home/kasukabe/schedule_kokubunji/backend/src/main/scala/controller/AuthController.scala. Using presentation compiler with project's scala-library version: 3.3.6[0m
2025.11.11 21:17:15 INFO  no build target found for /home/kasukabe/schedule_kokubunji/backend/src/main/scala/controller/AuthController.scala. Using presentation compiler with project's scala-library version: 3.3.6[0m
2025.11.11 21:17:16 INFO  no build target found for /home/kasukabe/schedule_kokubunji/backend/src/main/scala/controller/AuthController.scala. Using presentation compiler with project's scala-library version: 3.3.6[0m
2025.11.11 21:17:16 INFO  no build target found for /home/kasukabe/schedule_kokubunji/backend/src/main/scala/controller/AuthController.scala. Using presentation compiler with project's scala-library version: 3.3.6[0m
2025.11.11 21:17:16 INFO  no build target found for /home/kasukabe/schedule_kokubunji/backend/src/main/scala/controller/AuthController.scala. Using presentation compiler with project's scala-library version: 3.3.6[0m
2025.11.11 21:17:16 INFO  no build target found for /home/kasukabe/schedule_kokubunji/backend/src/main/scala/controller/AuthController.scala. Using presentation compiler with project's scala-library version: 3.3.6[0m
2025.11.11 21:17:17 INFO  no build target found for /home/kasukabe/schedule_kokubunji/backend/src/main/scala/controller/AuthController.scala. Using presentation compiler with project's scala-library version: 3.3.6[0m
2025.11.11 21:17:18 WARN  no build target for: /home/kasukabe/schedule_kokubunji/backend/src/main/scala/controller/AuthController.scala[0m
2025.11.11 21:17:18 INFO  no build target found for /home/kasukabe/schedule_kokubunji/backend/src/main/scala/controller/AuthController.scala. Using presentation compiler with project's scala-library version: 3.3.6[0m
2025.11.11 21:17:20 INFO  no build target found for /home/kasukabe/schedule_kokubunji/backend/src/main/scala/model/User.scala. Using presentation compiler with project's scala-library version: 3.3.6[0m
2025.11.11 21:17:20 WARN  no build target for: /home/kasukabe/schedule_kokubunji/backend/src/main/scala/model/User.scala[0m
2025.11.11 21:17:20 INFO  no build target found for /home/kasukabe/schedule_kokubunji/backend/src/main/scala/model/User.scala. Using presentation compiler with project's scala-library version: 3.3.6[0m
2025.11.11 21:17:20 INFO  no build target found for /home/kasukabe/schedule_kokubunji/backend/src/main/scala/model/User.scala. Using presentation compiler with project's scala-library version: 3.3.6[0m
2025.11.11 21:17:21 INFO  no build target found for /home/kasukabe/schedule_kokubunji/backend/src/main/scala/model/User.scala. Using presentation compiler with project's scala-library version: 3.3.6[0m
2025.11.11 21:17:21 INFO  no build target found for /home/kasukabe/schedule_kokubunji/backend/src/main/scala/model/User.scala. Using presentation compiler with project's scala-library version: 3.3.6[0m
2025.11.11 21:17:21 INFO  no build target found for /home/kasukabe/schedule_kokubunji/backend/src/main/scala/model/User.scala. Using presentation compiler with project's scala-library version: 3.3.6[0m
2025.11.11 21:17:21 INFO  no build target found for /home/kasukabe/schedule_kokubunji/backend/src/main/scala/model/User.scala. Using presentation compiler with project's scala-library version: 3.3.6[0m
2025.11.11 21:17:21 INFO  no build target found for /home/kasukabe/schedule_kokubunji/backend/src/main/scala/model/User.scala. Using presentation compiler with project's scala-library version: 3.3.6[0m
2025.11.11 21:17:22 INFO  no build target found for /home/kasukabe/schedule_kokubunji/backend/src/main/scala/model/User.scala. Using presentation compiler with project's scala-library version: 3.3.6[0m
2025.11.11 21:17:22 INFO  no build target found for /home/kasukabe/schedule_kokubunji/backend/src/main/scala/model/User.scala. Using presentation compiler with project's scala-library version: 3.3.6[0m
2025.11.11 21:17:22 INFO  no build target found for /home/kasukabe/schedule_kokubunji/backend/src/main/scala/model/User.scala. Using presentation compiler with project's scala-library version: 3.3.6[0m
2025.11.11 21:17:23 INFO  no build target found for /home/kasukabe/schedule_kokubunji/backend/src/main/scala/model/User.scala. Using presentation compiler with project's scala-library version: 3.3.6[0m
2025.11.11 21:17:22 INFO  no build target found for /home/kasukabe/schedule_kokubunji/backend/src/main/scala/model/User.scala. Using presentation compiler with project's scala-library version: 3.3.6[0m
2025.11.11 21:17:23 INFO  no build target found for /home/kasukabe/schedule_kokubunji/backend/src/main/scala/model/User.scala. Using presentation compiler with project's scala-library version: 3.3.6[0m
2025.11.11 21:17:23 INFO  no build target found for /home/kasukabe/schedule_kokubunji/backend/src/main/scala/model/User.scala. Using presentation compiler with project's scala-library version: 3.3.6[0m
2025.11.11 21:17:23 INFO  no build target found for /home/kasukabe/schedule_kokubunji/backend/src/main/scala/model/User.scala. Using presentation compiler with project's scala-library version: 3.3.6[0m
2025.11.11 21:17:23 INFO  no build target found for /home/kasukabe/schedule_kokubunji/backend/src/main/scala/model/User.scala. Using presentation compiler with project's scala-library version: 3.3.6[0m
2025.11.11 21:17:23 INFO  no build target found for /home/kasukabe/schedule_kokubunji/backend/src/main/scala/model/User.scala. Using presentation compiler with project's scala-library version: 3.3.6[0m
2025.11.11 21:17:24 INFO  no build target found for /home/kasukabe/schedule_kokubunji/backend/src/main/scala/model/User.scala. Using presentation compiler with project's scala-library version: 3.3.6[0m
2025.11.11 21:17:24 INFO  no build target found for /home/kasukabe/schedule_kokubunji/backend/src/main/scala/model/User.scala. Using presentation compiler with project's scala-library version: 3.3.6[0m
2025.11.11 21:17:24 INFO  no build target found for /home/kasukabe/schedule_kokubunji/backend/src/main/scala/model/User.scala. Using presentation compiler with project's scala-library version: 3.3.6[0m
2025.11.11 21:17:24 INFO  no build target found for /home/kasukabe/schedule_kokubunji/backend/src/main/scala/model/User.scala. Using presentation compiler with project's scala-library version: 3.3.6[0m
2025.11.11 21:17:25 INFO  no build target found for /home/kasukabe/schedule_kokubunji/backend/src/main/scala/model/User.scala. Using presentation compiler with project's scala-library version: 3.3.6[0m
2025.11.11 21:17:25 INFO  no build target found for /home/kasukabe/schedule_kokubunji/backend/src/main/scala/model/User.scala. Using presentation compiler with project's scala-library version: 3.3.6[0m
2025.11.11 21:17:26 INFO  no build target found for /home/kasukabe/schedule_kokubunji/backend/src/main/scala/model/User.scala. Using presentation compiler with project's scala-library version: 3.3.6[0m
2025.11.11 21:17:26 INFO  no build target found for /home/kasukabe/schedule_kokubunji/backend/src/main/scala/model/User.scala. Using presentation compiler with project's scala-library version: 3.3.6[0m
2025.11.11 21:17:26 INFO  no build target found for /home/kasukabe/schedule_kokubunji/backend/src/main/scala/model/User.scala. Using presentation compiler with project's scala-library version: 3.3.6[0m
2025.11.11 21:17:26 INFO  no build target found for /home/kasukabe/schedule_kokubunji/backend/src/main/scala/model/User.scala. Using presentation compiler with project's scala-library version: 3.3.6[0m
2025.11.11 21:17:28 INFO  no build target found for /home/kasukabe/schedule_kokubunji/backend/src/main/scala/model/User.scala. Using presentation compiler with project's scala-library version: 3.3.6[0m
2025.11.11 21:17:28 INFO  no build target found for /home/kasukabe/schedule_kokubunji/backend/src/main/scala/model/User.scala. Using presentation compiler with project's scala-library version: 3.3.6[0m
2025.11.11 21:17:28 INFO  no build target found for /home/kasukabe/schedule_kokubunji/backend/src/main/scala/model/User.scala. Using presentation compiler with project's scala-library version: 3.3.6[0m
2025.11.11 21:17:28 INFO  no build target found for /home/kasukabe/schedule_kokubunji/backend/src/main/scala/model/User.scala. Using presentation compiler with project's scala-library version: 3.3.6[0m
2025.11.11 21:17:29 INFO  no build target found for /home/kasukabe/schedule_kokubunji/backend/src/main/scala/model/User.scala. Using presentation compiler with project's scala-library version: 3.3.6[0m
2025.11.11 21:17:29 INFO  no build target found for /home/kasukabe/schedule_kokubunji/backend/src/main/scala/model/User.scala. Using presentation compiler with project's scala-library version: 3.3.6[0m
2025.11.11 21:17:29 INFO  no build target found for /home/kasukabe/schedule_kokubunji/backend/src/main/scala/model/User.scala. Using presentation compiler with project's scala-library version: 3.3.6[0m
2025.11.11 21:17:30 INFO  no build target found for /home/kasukabe/schedule_kokubunji/backend/src/main/scala/model/User.scala. Using presentation compiler with project's scala-library version: 3.3.6[0m
2025.11.11 21:17:30 INFO  no build target found for /home/kasukabe/schedule_kokubunji/backend/src/main/scala/model/User.scala. Using presentation compiler with project's scala-library version: 3.3.6[0m
2025.11.11 21:17:31 INFO  no build target found for /home/kasukabe/schedule_kokubunji/backend/src/main/scala/model/User.scala. Using presentation compiler with project's scala-library version: 3.3.6[0m
2025.11.11 21:17:31 INFO  no build target found for /home/kasukabe/schedule_kokubunji/backend/src/main/scala/model/User.scala. Using presentation compiler with project's scala-library version: 3.3.6[0m
2025.11.11 21:17:31 INFO  no build target found for /home/kasukabe/schedule_kokubunji/backend/src/main/scala/model/User.scala. Using presentation compiler with project's scala-library version: 3.3.6[0m
2025.11.11 21:17:31 INFO  no build target found for /home/kasukabe/schedule_kokubunji/backend/src/main/scala/model/User.scala. Using presentation compiler with project's scala-library version: 3.3.6[0m
2025.11.11 21:17:31 INFO  no build target found for /home/kasukabe/schedule_kokubunji/backend/src/main/scala/model/User.scala. Using presentation compiler with project's scala-library version: 3.3.6[0m
2025.11.11 21:17:31 INFO  no build target found for /home/kasukabe/schedule_kokubunji/backend/src/main/scala/model/User.scala. Using presentation compiler with project's scala-library version: 3.3.6[0m
2025.11.11 21:17:32 INFO  no build target found for /home/kasukabe/schedule_kokubunji/backend/src/main/scala/model/User.scala. Using presentation compiler with project's scala-library version: 3.3.6[0m
2025.11.11 21:17:33 INFO  no build target found for /home/kasukabe/schedule_kokubunji/backend/src/main/scala/model/User.scala. Using presentation compiler with project's scala-library version: 3.3.6[0m
2025.11.11 21:17:34 WARN  no build target for: /home/kasukabe/schedule_kokubunji/backend/src/main/scala/model/User.scala[0m
2025.11.11 21:17:34 INFO  no build target found for /home/kasukabe/schedule_kokubunji/backend/src/main/scala/model/User.scala. Using presentation compiler with project's scala-library version: 3.3.6[0m
2025.11.11 21:17:38 INFO  no build target found for /home/kasukabe/schedule_kokubunji/backend/src/main/scala/repository/UserRepository.scala. Using presentation compiler with project's scala-library version: 3.3.6[0m
2025.11.11 21:17:38 WARN  no build target for: /home/kasukabe/schedule_kokubunji/backend/src/main/scala/repository/UserRepository.scala[0m
2025.11.11 21:17:38 INFO  no build target found for /home/kasukabe/schedule_kokubunji/backend/src/main/scala/repository/UserRepository.scala. Using presentation compiler with project's scala-library version: 3.3.6[0m
2025.11.11 21:17:38 INFO  no build target found for /home/kasukabe/schedule_kokubunji/backend/src/main/scala/repository/UserRepository.scala. Using presentation compiler with project's scala-library version: 3.3.6[0m
2025.11.11 21:17:40 INFO  no build target found for /home/kasukabe/schedule_kokubunji/backend/src/main/scala/repository/UserRepository.scala. Using presentation compiler with project's scala-library version: 3.3.6[0m
2025.11.11 21:17:40 INFO  no build target found for /home/kasukabe/schedule_kokubunji/backend/src/main/scala/repository/UserRepository.scala. Using presentation compiler with project's scala-library version: 3.3.6[0m
2025.11.11 21:17:41 INFO  no build target found for /home/kasukabe/schedule_kokubunji/backend/src/main/scala/repository/UserRepository.scala. Using presentation compiler with project's scala-library version: 3.3.6[0m
2025.11.11 21:17:41 INFO  no build target found for /home/kasukabe/schedule_kokubunji/backend/src/main/scala/repository/UserRepository.scala. Using presentation compiler with project's scala-library version: 3.3.6[0m
2025.11.11 21:17:41 INFO  no build target found for /home/kasukabe/schedule_kokubunji/backend/src/main/scala/repository/UserRepository.scala. Using presentation compiler with project's scala-library version: 3.3.6[0m
2025.11.11 21:17:41 INFO  no build target found for /home/kasukabe/schedule_kokubunji/backend/src/main/scala/repository/UserRepository.scala. Using presentation compiler with project's scala-library version: 3.3.6[0m
2025.11.11 21:17:42 INFO  no build target found for /home/kasukabe/schedule_kokubunji/backend/src/main/scala/repository/UserRepository.scala. Using presentation compiler with project's scala-library version: 3.3.6[0m
2025.11.11 21:17:41 INFO  no build target found for /home/kasukabe/schedule_kokubunji/backend/src/main/scala/repository/UserRepository.scala. Using presentation compiler with project's scala-library version: 3.3.6[0m
2025.11.11 21:17:42 INFO  no build target found for /home/kasukabe/schedule_kokubunji/backend/src/main/scala/repository/UserRepository.scala. Using presentation compiler with project's scala-library version: 3.3.6[0m
2025.11.11 21:17:42 INFO  no build target found for /home/kasukabe/schedule_kokubunji/backend/src/main/scala/repository/UserRepository.scala. Using presentation compiler with project's scala-library version: 3.3.6[0m
2025.11.11 21:17:42 INFO  no build target found for /home/kasukabe/schedule_kokubunji/backend/src/main/scala/repository/UserRepository.scala. Using presentation compiler with project's scala-library version: 3.3.6[0m
2025.11.11 21:17:42 INFO  no build target found for /home/kasukabe/schedule_kokubunji/backend/src/main/scala/repository/UserRepository.scala. Using presentation compiler with project's scala-library version: 3.3.6[0m
2025.11.11 21:17:43 INFO  no build target found for /home/kasukabe/schedule_kokubunji/backend/src/main/scala/repository/UserRepository.scala. Using presentation compiler with project's scala-library version: 3.3.6[0m
2025.11.11 21:17:43 INFO  no build target found for /home/kasukabe/schedule_kokubunji/backend/src/main/scala/repository/UserRepository.scala. Using presentation compiler with project's scala-library version: 3.3.6[0m
2025.11.11 21:17:42 INFO  no build target found for /home/kasukabe/schedule_kokubunji/backend/src/main/scala/repository/UserRepository.scala. Using presentation compiler with project's scala-library version: 3.3.6[0m
2025.11.11 21:17:43 INFO  no build target found for /home/kasukabe/schedule_kokubunji/backend/src/main/scala/repository/UserRepository.scala. Using presentation compiler with project's scala-library version: 3.3.6[0m
2025.11.11 21:17:43 INFO  no build target found for /home/kasukabe/schedule_kokubunji/backend/src/main/scala/repository/UserRepository.scala. Using presentation compiler with project's scala-library version: 3.3.6[0m
2025.11.11 21:17:44 INFO  no build target found for /home/kasukabe/schedule_kokubunji/backend/src/main/scala/repository/UserRepository.scala. Using presentation compiler with project's scala-library version: 3.3.6[0m
2025.11.11 21:17:44 INFO  no build target found for /home/kasukabe/schedule_kokubunji/backend/src/main/scala/repository/UserRepository.scala. Using presentation compiler with project's scala-library version: 3.3.6[0m
2025.11.11 21:17:44 INFO  no build target found for /home/kasukabe/schedule_kokubunji/backend/src/main/scala/repository/UserRepository.scala. Using presentation compiler with project's scala-library version: 3.3.6[0m
2025.11.11 21:17:45 WARN  no build target for: /home/kasukabe/schedule_kokubunji/backend/src/main/scala/repository/UserRepository.scala[0m
2025.11.11 21:17:45 INFO  no build target found for /home/kasukabe/schedule_kokubunji/backend/src/main/scala/repository/UserRepository.scala. Using presentation compiler with project's scala-library version: 3.3.6[0m
2025.11.11 21:17:48 INFO  no build target found for /home/kasukabe/schedule_kokubunji/backend/src/main/scala/security/SecuredAction.scala. Using presentation compiler with project's scala-library version: 3.3.6[0m
2025.11.11 21:17:48 WARN  no build target for: /home/kasukabe/schedule_kokubunji/backend/src/main/scala/security/SecuredAction.scala[0m
2025.11.11 21:17:48 INFO  no build target found for /home/kasukabe/schedule_kokubunji/backend/src/main/scala/security/SecuredAction.scala. Using presentation compiler with project's scala-library version: 3.3.6[0m
2025.11.11 21:17:48 INFO  no build target found for /home/kasukabe/schedule_kokubunji/backend/src/main/scala/security/SecuredAction.scala. Using presentation compiler with project's scala-library version: 3.3.6[0m
2025.11.11 21:17:53 INFO  no build target found for /home/kasukabe/schedule_kokubunji/backend/src/main/scala/security/SecuredAction.scala. Using presentation compiler with project's scala-library version: 3.3.6[0m
2025.11.11 21:17:53 INFO  no build target found for /home/kasukabe/schedule_kokubunji/backend/src/main/scala/service/AuthService.scala. Using presentation compiler with project's scala-library version: 3.3.6[0m
2025.11.11 21:17:53 WARN  no build target for: /home/kasukabe/schedule_kokubunji/backend/src/main/scala/service/AuthService.scala[0m
2025.11.11 21:17:53 INFO  no build target found for /home/kasukabe/schedule_kokubunji/backend/src/main/scala/service/AuthService.scala. Using presentation compiler with project's scala-library version: 3.3.6[0m
2025.11.11 21:17:53 INFO  no build target found for /home/kasukabe/schedule_kokubunji/backend/src/main/scala/service/AuthService.scala. Using presentation compiler with project's scala-library version: 3.3.6[0m
2025.11.11 21:17:54 INFO  no build target found for /home/kasukabe/schedule_kokubunji/backend/src/main/scala/service/AuthService.scala. Using presentation compiler with project's scala-library version: 3.3.6[0m
2025.11.11 21:17:54 INFO  no build target found for /home/kasukabe/schedule_kokubunji/backend/src/main/scala/service/AuthService.scala. Using presentation compiler with project's scala-library version: 3.3.6[0m
2025.11.11 21:17:56 INFO  no build target found for /home/kasukabe/schedule_kokubunji/backend/src/main/scala/service/AuthService.scala. Using presentation compiler with project's scala-library version: 3.3.6[0m
2025.11.11 21:17:56 INFO  no build target found for /home/kasukabe/schedule_kokubunji/backend/src/main/scala/service/AuthService.scala. Using presentation compiler with project's scala-library version: 3.3.6[0m
2025.11.11 21:17:56 INFO  no build target found for /home/kasukabe/schedule_kokubunji/backend/src/main/scala/service/AuthService.scala. Using presentation compiler with project's scala-library version: 3.3.6[0m
2025.11.11 21:17:56 INFO  no build target found for /home/kasukabe/schedule_kokubunji/backend/src/main/scala/service/AuthService.scala. Using presentation compiler with project's scala-library version: 3.3.6[0m
2025.11.11 21:17:56 INFO  no build target found for /home/kasukabe/schedule_kokubunji/backend/src/main/scala/service/AuthService.scala. Using presentation compiler with project's scala-library version: 3.3.6[0m
2025.11.11 21:17:56 INFO  no build target found for /home/kasukabe/schedule_kokubunji/backend/src/main/scala/service/AuthService.scala. Using presentation compiler with project's scala-library version: 3.3.6[0m
2025.11.11 21:17:56 INFO  no build target found for /home/kasukabe/schedule_kokubunji/backend/src/main/scala/service/AuthService.scala. Using presentation compiler with project's scala-library version: 3.3.6[0m
2025.11.11 21:17:56 INFO  no build target found for /home/kasukabe/schedule_kokubunji/backend/src/main/scala/service/AuthService.scala. Using presentation compiler with project's scala-library version: 3.3.6[0m
2025.11.11 21:17:57 INFO  no build target found for /home/kasukabe/schedule_kokubunji/backend/src/main/scala/service/AuthService.scala. Using presentation compiler with project's scala-library version: 3.3.6[0m
2025.11.11 21:17:57 INFO  no build target found for /home/kasukabe/schedule_kokubunji/backend/src/main/scala/service/AuthService.scala. Using presentation compiler with project's scala-library version: 3.3.6[0m
2025.11.11 21:17:57 INFO  no build target found for /home/kasukabe/schedule_kokubunji/backend/src/main/scala/service/AuthService.scala. Using presentation compiler with project's scala-library version: 3.3.6[0m
2025.11.11 21:17:58 INFO  no build target found for /home/kasukabe/schedule_kokubunji/backend/src/main/scala/service/AuthService.scala. Using presentation compiler with project's scala-library version: 3.3.6[0m
2025.11.11 21:17:58 INFO  no build target found for /home/kasukabe/schedule_kokubunji/backend/src/main/scala/service/AuthService.scala. Using presentation compiler with project's scala-library version: 3.3.6[0m
2025.11.11 21:17:57 INFO  no build target found for /home/kasukabe/schedule_kokubunji/backend/src/main/scala/service/AuthService.scala. Using presentation compiler with project's scala-library version: 3.3.6[0m
2025.11.11 21:17:57 INFO  no build target found for /home/kasukabe/schedule_kokubunji/backend/src/main/scala/service/AuthService.scala. Using presentation compiler with project's scala-library version: 3.3.6[0m
2025.11.11 21:17:58 INFO  no build target found for /home/kasukabe/schedule_kokubunji/backend/src/main/scala/service/AuthService.scala. Using presentation compiler with project's scala-library version: 3.3.6[0m
2025.11.11 21:17:58 INFO  no build target found for /home/kasukabe/schedule_kokubunji/backend/src/main/scala/service/AuthService.scala. Using presentation compiler with project's scala-library version: 3.3.6[0m
2025.11.11 21:17:59 INFO  no build target found for /home/kasukabe/schedule_kokubunji/backend/src/main/scala/service/AuthService.scala. Using presentation compiler with project's scala-library version: 3.3.6[0m
2025.11.11 21:17:59 INFO  no build target found for /home/kasukabe/schedule_kokubunji/backend/src/main/scala/service/AuthService.scala. Using presentation compiler with project's scala-library version: 3.3.6[0m
2025.11.11 21:17:59 INFO  no build target found for /home/kasukabe/schedule_kokubunji/backend/src/main/scala/service/AuthService.scala. Using presentation compiler with project's scala-library version: 3.3.6[0m
2025.11.11 21:17:59 INFO  no build target found for /home/kasukabe/schedule_kokubunji/backend/src/main/scala/service/AuthService.scala. Using presentation compiler with project's scala-library version: 3.3.6[0m
2025.11.11 21:17:59 INFO  no build target found for /home/kasukabe/schedule_kokubunji/backend/src/main/scala/service/AuthService.scala. Using presentation compiler with project's scala-library version: 3.3.6[0m
2025.11.11 21:18:00 INFO  no build target found for /home/kasukabe/schedule_kokubunji/backend/src/main/scala/service/AuthService.scala. Using presentation compiler with project's scala-library version: 3.3.6[0m
2025.11.11 21:18:00 INFO  no build target found for /home/kasukabe/schedule_kokubunji/backend/src/main/scala/service/AuthService.scala. Using presentation compiler with project's scala-library version: 3.3.6[0m
2025.11.11 21:18:00 INFO  no build target found for /home/kasukabe/schedule_kokubunji/backend/src/main/scala/service/AuthService.scala. Using presentation compiler with project's scala-library version: 3.3.6[0m
2025.11.11 21:18:01 INFO  no build target found for /home/kasukabe/schedule_kokubunji/backend/src/main/scala/service/AuthService.scala. Using presentation compiler with project's scala-library version: 3.3.6[0m
2025.11.11 21:18:01 INFO  no build target found for /home/kasukabe/schedule_kokubunji/backend/src/main/scala/service/AuthService.scala. Using presentation compiler with project's scala-library version: 3.3.6[0m
2025.11.11 21:18:01 INFO  no build target found for /home/kasukabe/schedule_kokubunji/backend/src/main/scala/service/AuthService.scala. Using presentation compiler with project's scala-library version: 3.3.6[0m
2025.11.11 21:18:01 INFO  no build target found for /home/kasukabe/schedule_kokubunji/backend/src/main/scala/service/AuthService.scala. Using presentation compiler with project's scala-library version: 3.3.6[0m
2025.11.11 21:18:01 INFO  no build target found for /home/kasukabe/schedule_kokubunji/backend/src/main/scala/service/AuthService.scala. Using presentation compiler with project's scala-library version: 3.3.6[0m
2025.11.11 21:18:01 INFO  no build target found for /home/kasukabe/schedule_kokubunji/backend/src/main/scala/service/AuthService.scala. Using presentation compiler with project's scala-library version: 3.3.6[0m
2025.11.11 21:18:01 INFO  no build target found for /home/kasukabe/schedule_kokubunji/backend/src/main/scala/service/AuthService.scala. Using presentation compiler with project's scala-library version: 3.3.6[0m
2025.11.11 21:18:01 INFO  no build target found for /home/kasukabe/schedule_kokubunji/backend/src/main/scala/service/AuthService.scala. Using presentation compiler with project's scala-library version: 3.3.6[0m
2025.11.11 21:18:02 INFO  no build target found for /home/kasukabe/schedule_kokubunji/backend/src/main/scala/service/AuthService.scala. Using presentation compiler with project's scala-library version: 3.3.6[0m
2025.11.11 21:18:02 INFO  no build target found for /home/kasukabe/schedule_kokubunji/backend/src/main/scala/service/AuthService.scala. Using presentation compiler with project's scala-library version: 3.3.6[0m
2025.11.11 21:18:03 INFO  no build target found for /home/kasukabe/schedule_kokubunji/backend/src/main/scala/service/AuthService.scala. Using presentation compiler with project's scala-library version: 3.3.6[0m
2025.11.11 21:18:03 INFO  no build target found for /home/kasukabe/schedule_kokubunji/backend/src/main/scala/service/AuthService.scala. Using presentation compiler with project's scala-library version: 3.3.6[0m
2025.11.11 21:18:03 INFO  no build target found for /home/kasukabe/schedule_kokubunji/backend/src/main/scala/service/AuthService.scala. Using presentation compiler with project's scala-library version: 3.3.6[0m
2025.11.11 21:18:03 INFO  no build target found for /home/kasukabe/schedule_kokubunji/backend/src/main/scala/service/AuthService.scala. Using presentation compiler with project's scala-library version: 3.3.6[0m
2025.11.11 21:18:03 INFO  no build target found for /home/kasukabe/schedule_kokubunji/backend/src/main/scala/service/AuthService.scala. Using presentation compiler with project's scala-library version: 3.3.6[0m
2025.11.11 21:18:04 INFO  no build target found for /home/kasukabe/schedule_kokubunji/backend/src/main/scala/service/AuthService.scala. Using presentation compiler with project's scala-library version: 3.3.6[0m
2025.11.11 21:18:04 INFO  no build target found for /home/kasukabe/schedule_kokubunji/backend/src/main/scala/service/AuthService.scala. Using presentation compiler with project's scala-library version: 3.3.6[0m
2025.11.11 21:18:04 INFO  no build target found for /home/kasukabe/schedule_kokubunji/backend/src/main/scala/service/AuthService.scala. Using presentation compiler with project's scala-library version: 3.3.6[0m
2025.11.11 21:18:04 INFO  no build target found for /home/kasukabe/schedule_kokubunji/backend/src/main/scala/service/AuthService.scala. Using presentation compiler with project's scala-library version: 3.3.6[0m
2025.11.11 21:18:06 WARN  no build target for: /home/kasukabe/schedule_kokubunji/backend/src/main/scala/service/AuthService.scala[0m
2025.11.11 21:18:06 INFO  no build target found for /home/kasukabe/schedule_kokubunji/backend/src/main/scala/service/AuthService.scala. Using presentation compiler with project's scala-library version: 3.3.6[0m
2025.11.11 21:18:11 WARN  no build target for: /home/kasukabe/schedule_kokubunji/backend/src/main/scala/struct/Role.scala[0m
2025.11.11 21:18:11 INFO  no build target found for /home/kasukabe/schedule_kokubunji/backend/src/main/scala/struct/Role.scala. Using presentation compiler with project's scala-library version: 3.3.6[0m
2025.11.11 21:18:14 INFO  no build target found for /home/kasukabe/schedule_kokubunji/backend/src/main/scala/table/UserTable.scala. Using presentation compiler with project's scala-library version: 3.3.6[0m
2025.11.11 21:18:14 WARN  no build target for: /home/kasukabe/schedule_kokubunji/backend/src/main/scala/table/UserTable.scala[0m
2025.11.11 21:18:14 INFO  no build target found for /home/kasukabe/schedule_kokubunji/backend/src/main/scala/table/UserTable.scala. Using presentation compiler with project's scala-library version: 3.3.6[0m
2025.11.11 21:18:14 INFO  no build target found for /home/kasukabe/schedule_kokubunji/backend/src/main/scala/table/UserTable.scala. Using presentation compiler with project's scala-library version: 3.3.6[0m
2025.11.11 21:18:15 INFO  no build target found for /home/kasukabe/schedule_kokubunji/backend/src/main/scala/table/UserTable.scala. Using presentation compiler with project's scala-library version: 3.3.6[0m
2025.11.11 21:18:15 INFO  no build target found for /home/kasukabe/schedule_kokubunji/backend/src/main/scala/table/UserTable.scala. Using presentation compiler with project's scala-library version: 3.3.6[0m
2025.11.11 21:18:15 INFO  no build target found for /home/kasukabe/schedule_kokubunji/backend/src/main/scala/table/UserTable.scala. Using presentation compiler with project's scala-library version: 3.3.6[0m
2025.11.11 21:18:16 INFO  no build target found for /home/kasukabe/schedule_kokubunji/backend/src/main/scala/table/UserTable.scala. Using presentation compiler with project's scala-library version: 3.3.6[0m
2025.11.11 21:18:16 INFO  no build target found for /home/kasukabe/schedule_kokubunji/backend/src/main/scala/table/UserTable.scala. Using presentation compiler with project's scala-library version: 3.3.6[0m
2025.11.11 21:18:16 INFO  no build target found for /home/kasukabe/schedule_kokubunji/backend/src/main/scala/table/UserTable.scala. Using presentation compiler with project's scala-library version: 3.3.6[0m
2025.11.11 21:18:16 INFO  no build target found for /home/kasukabe/schedule_kokubunji/backend/src/main/scala/table/UserTable.scala. Using presentation compiler with project's scala-library version: 3.3.6[0m
2025.11.11 21:18:16 INFO  no build target found for /home/kasukabe/schedule_kokubunji/backend/src/main/scala/table/UserTable.scala. Using presentation compiler with project's scala-library version: 3.3.6[0m
2025.11.11 21:18:16 INFO  no build target found for /home/kasukabe/schedule_kokubunji/backend/src/main/scala/table/UserTable.scala. Using presentation compiler with project's scala-library version: 3.3.6[0m
2025.11.11 21:18:16 INFO  no build target found for /home/kasukabe/schedule_kokubunji/backend/src/main/scala/table/UserTable.scala. Using presentation compiler with project's scala-library version: 3.3.6[0m
2025.11.11 21:18:16 INFO  no build target found for /home/kasukabe/schedule_kokubunji/backend/src/main/scala/table/UserTable.scala. Using presentation compiler with project's scala-library version: 3.3.6[0m
2025.11.11 21:18:16 INFO  no build target found for /home/kasukabe/schedule_kokubunji/backend/src/main/scala/table/UserTable.scala. Using presentation compiler with project's scala-library version: 3.3.6[0m
2025.11.11 21:18:17 INFO  no build target found for /home/kasukabe/schedule_kokubunji/backend/src/main/scala/table/UserTable.scala. Using presentation compiler with project's scala-library version: 3.3.6[0m
2025.11.11 21:18:16 INFO  no build target found for /home/kasukabe/schedule_kokubunji/backend/src/main/scala/table/UserTable.scala. Using presentation compiler with project's scala-library version: 3.3.6[0m
2025.11.11 21:18:18 INFO  no build target found for /home/kasukabe/schedule_kokubunji/backend/src/main/scala/table/UserTable.scala. Using presentation compiler with project's scala-library version: 3.3.6[0m
2025.11.11 21:18:18 INFO  no build target found for /home/kasukabe/schedule_kokubunji/backend/src/main/scala/table/UserTable.scala. Using presentation compiler with project's scala-library version: 3.3.6[0m
2025.11.11 21:18:18 INFO  no build target found for /home/kasukabe/schedule_kokubunji/backend/src/main/scala/table/UserTable.scala. Using presentation compiler with project's scala-library version: 3.3.6[0m
2025.11.11 21:18:18 INFO  no build target found for /home/kasukabe/schedule_kokubunji/backend/src/main/scala/table/UserTable.scala. Using presentation compiler with project's scala-library version: 3.3.6[0m
2025.11.11 21:18:18 INFO  no build target found for /home/kasukabe/schedule_kokubunji/backend/src/main/scala/table/UserTable.scala. Using presentation compiler with project's scala-library version: 3.3.6[0m
2025.11.11 21:18:18 INFO  no build target found for /home/kasukabe/schedule_kokubunji/backend/src/main/scala/table/UserTable.scala. Using presentation compiler with project's scala-library version: 3.3.6[0m
2025.11.11 21:18:19 INFO  no build target found for /home/kasukabe/schedule_kokubunji/backend/src/main/scala/table/UserTable.scala. Using presentation compiler with project's scala-library version: 3.3.6[0m
2025.11.11 21:18:19 INFO  no build target found for /home/kasukabe/schedule_kokubunji/backend/src/main/scala/table/UserTable.scala. Using presentation compiler with project's scala-library version: 3.3.6[0m
2025.11.11 21:18:19 INFO  no build target found for /home/kasukabe/schedule_kokubunji/backend/src/main/scala/table/UserTable.scala. Using presentation compiler with project's scala-library version: 3.3.6[0m
2025.11.11 21:18:20 INFO  no build target found for /home/kasukabe/schedule_kokubunji/backend/src/main/scala/table/UserTable.scala. Using presentation compiler with project's scala-library version: 3.3.6[0m
2025.11.11 21:18:20 INFO  no build target found for /home/kasukabe/schedule_kokubunji/backend/src/main/scala/table/UserTable.scala. Using presentation compiler with project's scala-library version: 3.3.6[0m
2025.11.11 21:18:20 INFO  no build target found for /home/kasukabe/schedule_kokubunji/backend/src/main/scala/table/UserTable.scala. Using presentation compiler with project's scala-library version: 3.3.6[0m
2025.11.11 21:18:20 INFO  no build target found for /home/kasukabe/schedule_kokubunji/backend/src/main/scala/table/UserTable.scala. Using presentation compiler with project's scala-library version: 3.3.6[0m
2025.11.11 21:18:20 INFO  no build target found for /home/kasukabe/schedule_kokubunji/backend/src/main/scala/table/UserTable.scala. Using presentation compiler with project's scala-library version: 3.3.6[0m
2025.11.11 21:18:20 INFO  no build target found for /home/kasukabe/schedule_kokubunji/backend/src/main/scala/table/UserTable.scala. Using presentation compiler with project's scala-library version: 3.3.6[0m
2025.11.11 21:18:20 INFO  no build target found for /home/kasukabe/schedule_kokubunji/backend/src/main/scala/table/UserTable.scala. Using presentation compiler with project's scala-library version: 3.3.6[0m
2025.11.11 21:18:20 INFO  no build target found for /home/kasukabe/schedule_kokubunji/backend/src/main/scala/table/UserTable.scala. Using presentation compiler with project's scala-library version: 3.3.6[0m
2025.11.11 21:18:21 INFO  no build target found for /home/kasukabe/schedule_kokubunji/backend/src/main/scala/table/UserTable.scala. Using presentation compiler with project's scala-library version: 3.3.6[0m
2025.11.11 21:18:21 INFO  no build target found for /home/kasukabe/schedule_kokubunji/backend/src/main/scala/table/UserTable.scala. Using presentation compiler with project's scala-library version: 3.3.6[0m
2025.11.11 21:18:21 INFO  no build target found for /home/kasukabe/schedule_kokubunji/backend/src/main/scala/table/UserTable.scala. Using presentation compiler with project's scala-library version: 3.3.6[0m
2025.11.11 21:18:22 INFO  no build target found for /home/kasukabe/schedule_kokubunji/backend/src/main/scala/table/UserTable.scala. Using presentation compiler with project's scala-library version: 3.3.6[0m
2025.11.11 21:18:21 INFO  no build target found for /home/kasukabe/schedule_kokubunji/backend/src/main/scala/table/UserTable.scala. Using presentation compiler with project's scala-library version: 3.3.6[0m
2025.11.11 21:18:22 INFO  no build target found for /home/kasukabe/schedule_kokubunji/backend/src/main/scala/table/UserTable.scala. Using presentation compiler with project's scala-library version: 3.3.6[0m
2025.11.11 21:18:22 INFO  no build target found for /home/kasukabe/schedule_kokubunji/backend/src/main/scala/table/UserTable.scala. Using presentation compiler with project's scala-library version: 3.3.6[0m
2025.11.11 21:18:22 INFO  no build target found for /home/kasukabe/schedule_kokubunji/backend/src/main/scala/table/UserTable.scala. Using presentation compiler with project's scala-library version: 3.3.6[0m
2025.11.11 21:18:24 INFO  no build target found for /home/kasukabe/schedule_kokubunji/backend/src/main/scala/table/UserTable.scala. Using presentation compiler with project's scala-library version: 3.3.6[0m
2025.11.11 21:18:24 INFO  no build target found for /home/kasukabe/schedule_kokubunji/backend/src/main/scala/table/UserTable.scala. Using presentation compiler with project's scala-library version: 3.3.6[0m
2025.11.11 21:18:24 INFO  no build target found for /home/kasukabe/schedule_kokubunji/backend/src/main/scala/table/UserTable.scala. Using presentation compiler with project's scala-library version: 3.3.6[0m
2025.11.11 21:18:24 INFO  no build target found for /home/kasukabe/schedule_kokubunji/backend/src/main/scala/table/UserTable.scala. Using presentation compiler with project's scala-library version: 3.3.6[0m
2025.11.11 21:18:24 INFO  no build target found for /home/kasukabe/schedule_kokubunji/backend/src/main/scala/table/UserTable.scala. Using presentation compiler with project's scala-library version: 3.3.6[0m
2025.11.11 21:18:25 INFO  no build target found for /home/kasukabe/schedule_kokubunji/backend/src/main/scala/table/UserTable.scala. Using presentation compiler with project's scala-library version: 3.3.6[0m
2025.11.11 21:18:25 WARN  no build target for: /home/kasukabe/schedule_kokubunji/backend/src/main/scala/table/UserTable.scala[0m
2025.11.11 21:18:25 INFO  no build target found for /home/kasukabe/schedule_kokubunji/backend/src/main/scala/table/UserTable.scala. Using presentation compiler with project's scala-library version: 3.3.6[0m
2025.11.11 21:18:29 INFO  no build target found for /home/kasukabe/schedule_kokubunji/backend/src/main/scala/utility/Constants.scala. Using presentation compiler with project's scala-library version: 3.3.6[0m
2025.11.11 21:18:29 WARN  no build target for: /home/kasukabe/schedule_kokubunji/backend/src/main/scala/utility/Constants.scala[0m
2025.11.11 21:18:29 INFO  no build target found for /home/kasukabe/schedule_kokubunji/backend/src/main/scala/utility/Constants.scala. Using presentation compiler with project's scala-library version: 3.3.6[0m
2025.11.11 21:18:29 INFO  no build target found for /home/kasukabe/schedule_kokubunji/backend/src/main/scala/utility/Constants.scala. Using presentation compiler with project's scala-library version: 3.3.6[0m
2025.11.11 21:18:30 INFO  no build target found for /home/kasukabe/schedule_kokubunji/backend/src/main/scala/utility/Constants.scala. Using presentation compiler with project's scala-library version: 3.3.6[0m
2025.11.11 21:18:31 INFO  no build target found for /home/kasukabe/schedule_kokubunji/backend/src/main/scala/utility/Constants.scala. Using presentation compiler with project's scala-library version: 3.3.6[0m
2025.11.11 21:18:31 INFO  no build target found for /home/kasukabe/schedule_kokubunji/backend/src/main/scala/utility/JwtUtil.scala. Using presentation compiler with project's scala-library version: 3.3.6[0m
2025.11.11 21:18:31 WARN  no build target for: /home/kasukabe/schedule_kokubunji/backend/src/main/scala/utility/JwtUtil.scala[0m
2025.11.11 21:18:31 INFO  no build target found for /home/kasukabe/schedule_kokubunji/backend/src/main/scala/utility/JwtUtil.scala. Using presentation compiler with project's scala-library version: 3.3.6[0m
2025.11.11 21:18:31 INFO  no build target found for /home/kasukabe/schedule_kokubunji/backend/src/main/scala/utility/JwtUtil.scala. Using presentation compiler with project's scala-library version: 3.3.6[0m
2025.11.11 21:18:31 INFO  no build target found for /home/kasukabe/schedule_kokubunji/backend/src/main/scala/utility/JwtUtil.scala. Using presentation compiler with project's scala-library version: 3.3.6[0m
2025.11.11 21:18:32 INFO  no build target found for /home/kasukabe/schedule_kokubunji/backend/src/main/scala/utility/JwtUtil.scala. Using presentation compiler with project's scala-library version: 3.3.6[0m
2025.11.11 21:18:31 INFO  no build target found for /home/kasukabe/schedule_kokubunji/backend/src/main/scala/utility/JwtUtil.scala. Using presentation compiler with project's scala-library version: 3.3.6[0m
2025.11.11 21:18:32 INFO  no build target found for /home/kasukabe/schedule_kokubunji/backend/src/main/scala/utility/JwtUtil.scala. Using presentation compiler with project's scala-library version: 3.3.6[0m
2025.11.11 21:18:32 INFO  no build target found for /home/kasukabe/schedule_kokubunji/backend/src/main/scala/utility/JwtUtil.scala. Using presentation compiler with project's scala-library version: 3.3.6[0m
2025.11.11 21:18:32 INFO  no build target found for /home/kasukabe/schedule_kokubunji/backend/src/main/scala/utility/JwtUtil.scala. Using presentation compiler with project's scala-library version: 3.3.6[0m
2025.11.11 21:18:33 INFO  no build target found for /home/kasukabe/schedule_kokubunji/backend/src/main/scala/utility/JwtUtil.scala. Using presentation compiler with project's scala-library version: 3.3.6[0m
2025.11.11 21:18:34 INFO  no build target found for /home/kasukabe/schedule_kokubunji/backend/src/main/scala/utility/JwtUtil.scala. Using presentation compiler with project's scala-library version: 3.3.6[0m
2025.11.11 21:18:33 INFO  no build target found for /home/kasukabe/schedule_kokubunji/backend/src/main/scala/utility/JwtUtil.scala. Using presentation compiler with project's scala-library version: 3.3.6[0m
2025.11.11 21:18:33 INFO  no build target found for /home/kasukabe/schedule_kokubunji/backend/src/main/scala/utility/JwtUtil.scala. Using presentation compiler with project's scala-library version: 3.3.6[0m
2025.11.11 21:18:34 INFO  no build target found for /home/kasukabe/schedule_kokubunji/backend/src/main/scala/utility/JwtUtil.scala. Using presentation compiler with project's scala-library version: 3.3.6[0m
2025.11.11 21:18:34 INFO  no build target found for /home/kasukabe/schedule_kokubunji/backend/src/main/scala/utility/JwtUtil.scala. Using presentation compiler with project's scala-library version: 3.3.6[0m
2025.11.11 21:18:33 INFO  no build target found for /home/kasukabe/schedule_kokubunji/backend/src/main/scala/utility/JwtUtil.scala. Using presentation compiler with project's scala-library version: 3.3.6[0m
2025.11.11 21:18:33 INFO  no build target found for /home/kasukabe/schedule_kokubunji/backend/src/main/scala/utility/JwtUtil.scala. Using presentation compiler with project's scala-library version: 3.3.6[0m
2025.11.11 21:18:34 INFO  no build target found for /home/kasukabe/schedule_kokubunji/backend/src/main/scala/utility/JwtUtil.scala. Using presentation compiler with project's scala-library version: 3.3.6[0m
2025.11.11 21:18:34 INFO  no build target found for /home/kasukabe/schedule_kokubunji/backend/src/main/scala/utility/JwtUtil.scala. Using presentation compiler with project's scala-library version: 3.3.6[0m
2025.11.11 21:18:33 INFO  no build target found for /home/kasukabe/schedule_kokubunji/backend/src/main/scala/utility/JwtUtil.scala. Using presentation compiler with project's scala-library version: 3.3.6[0m
2025.11.11 21:18:35 INFO  no build target found for /home/kasukabe/schedule_kokubunji/backend/src/main/scala/utility/JwtUtil.scala. Using presentation compiler with project's scala-library version: 3.3.6[0m
2025.11.11 21:18:35 INFO  no build target found for /home/kasukabe/schedule_kokubunji/backend/src/main/scala/utility/JwtUtil.scala. Using presentation compiler with project's scala-library version: 3.3.6[0m
2025.11.11 21:18:36 INFO  no build target found for /home/kasukabe/schedule_kokubunji/backend/src/main/scala/utility/JwtUtil.scala. Using presentation compiler with project's scala-library version: 3.3.6[0m
2025.11.11 21:18:36 INFO  no build target found for /home/kasukabe/schedule_kokubunji/backend/src/main/scala/utility/JwtUtil.scala. Using presentation compiler with project's scala-library version: 3.3.6[0m
2025.11.11 21:18:36 INFO  no build target found for /home/kasukabe/schedule_kokubunji/backend/src/main/scala/utility/JwtUtil.scala. Using presentation compiler with project's scala-library version: 3.3.6[0m
2025.11.11 21:18:36 INFO  no build target found for /home/kasukabe/schedule_kokubunji/backend/src/main/scala/utility/JwtUtil.scala. Using presentation compiler with project's scala-library version: 3.3.6[0m
2025.11.11 21:18:36 INFO  no build target found for /home/kasukabe/schedule_kokubunji/backend/src/main/scala/utility/JwtUtil.scala. Using presentation compiler with project's scala-library version: 3.3.6[0m
2025.11.11 21:18:38 INFO  no build target found for /home/kasukabe/schedule_kokubunji/backend/src/main/scala/utility/JwtUtil.scala. Using presentation compiler with project's scala-library version: 3.3.6[0m
2025.11.11 21:18:38 INFO  no build target found for /home/kasukabe/schedule_kokubunji/backend/src/main/scala/utility/JwtUtil.scala. Using presentation compiler with project's scala-library version: 3.3.6[0m
2025.11.11 21:18:38 INFO  no build target found for /home/kasukabe/schedule_kokubunji/backend/src/main/scala/utility/JwtUtil.scala. Using presentation compiler with project's scala-library version: 3.3.6[0m
2025.11.11 21:18:38 INFO  no build target found for /home/kasukabe/schedule_kokubunji/backend/src/main/scala/utility/JwtUtil.scala. Using presentation compiler with project's scala-library version: 3.3.6[0m
2025.11.11 21:18:38 INFO  no build target found for /home/kasukabe/schedule_kokubunji/backend/src/main/scala/utility/JwtUtil.scala. Using presentation compiler with project's scala-library version: 3.3.6[0m
2025.11.11 21:18:38 INFO  no build target found for /home/kasukabe/schedule_kokubunji/backend/src/main/scala/utility/JwtUtil.scala. Using presentation compiler with project's scala-library version: 3.3.6[0m
2025.11.11 21:18:38 INFO  no build target found for /home/kasukabe/schedule_kokubunji/backend/src/main/scala/utility/JwtUtil.scala. Using presentation compiler with project's scala-library version: 3.3.6[0m
2025.11.11 21:18:38 INFO  no build target found for /home/kasukabe/schedule_kokubunji/backend/src/main/scala/utility/JwtUtil.scala. Using presentation compiler with project's scala-library version: 3.3.6[0m
2025.11.11 21:18:38 INFO  no build target found for /home/kasukabe/schedule_kokubunji/backend/src/main/scala/utility/JwtUtil.scala. Using presentation compiler with project's scala-library version: 3.3.6[0m
2025.11.11 21:18:38 INFO  no build target found for /home/kasukabe/schedule_kokubunji/backend/src/main/scala/utility/JwtUtil.scala. Using presentation compiler with project's scala-library version: 3.3.6[0m
2025.11.11 21:18:38 INFO  no build target found for /home/kasukabe/schedule_kokubunji/backend/src/main/scala/utility/JwtUtil.scala. Using presentation compiler with project's scala-library version: 3.3.6[0m
2025.11.11 21:18:39 INFO  no build target found for /home/kasukabe/schedule_kokubunji/backend/src/main/scala/utility/JwtUtil.scala. Using presentation compiler with project's scala-library version: 3.3.6[0m
2025.11.11 21:18:39 INFO  no build target found for /home/kasukabe/schedule_kokubunji/backend/src/main/scala/utility/JwtUtil.scala. Using presentation compiler with project's scala-library version: 3.3.6[0m
2025.11.11 21:18:39 INFO  no build target found for /home/kasukabe/schedule_kokubunji/backend/src/main/scala/utility/JwtUtil.scala. Using presentation compiler with project's scala-library version: 3.3.6[0m
2025.11.11 21:18:39 INFO  no build target found for /home/kasukabe/schedule_kokubunji/backend/src/main/scala/utility/JwtUtil.scala. Using presentation compiler with project's scala-library version: 3.3.6[0m
2025.11.11 21:18:39 INFO  no build target found for /home/kasukabe/schedule_kokubunji/backend/src/main/scala/utility/JwtUtil.scala. Using presentation compiler with project's scala-library version: 3.3.6[0m
2025.11.11 21:18:40 INFO  no build target found for /home/kasukabe/schedule_kokubunji/backend/src/main/scala/utility/JwtUtil.scala. Using presentation compiler with project's scala-library version: 3.3.6[0m
2025.11.11 21:18:41 INFO  no build target found for /home/kasukabe/schedule_kokubunji/backend/src/main/scala/utility/JwtUtil.scala. Using presentation compiler with project's scala-library version: 3.3.6[0m
2025.11.11 21:18:41 INFO  no build target found for /home/kasukabe/schedule_kokubunji/backend/src/main/scala/utility/JwtUtil.scala. Using presentation compiler with project's scala-library version: 3.3.6[0m
2025.11.11 21:18:41 INFO  no build target found for /home/kasukabe/schedule_kokubunji/backend/src/main/scala/utility/JwtUtil.scala. Using presentation compiler with project's scala-library version: 3.3.6[0m
2025.11.11 21:18:41 INFO  no build target found for /home/kasukabe/schedule_kokubunji/backend/src/main/scala/utility/JwtUtil.scala. Using presentation compiler with project's scala-library version: 3.3.6[0m
2025.11.11 21:18:42 WARN  no build target for: /home/kasukabe/schedule_kokubunji/backend/src/main/scala/utility/JwtUtil.scala[0m
2025.11.11 21:18:42 INFO  no build target found for /home/kasukabe/schedule_kokubunji/backend/src/main/scala/utility/JwtUtil.scala. Using presentation compiler with project's scala-library version: 3.3.6[0m
2025.11.11 21:18:44 INFO  no build target found for /home/kasukabe/schedule_kokubunji/backend/src/main/scala/Main.scala. Using presentation compiler with project's scala-library version: 3.3.6[0m
2025.11.11 21:18:44 WARN  no build target for: /home/kasukabe/schedule_kokubunji/backend/src/main/scala/Main.scala[0m
2025.11.11 21:18:44 INFO  no build target found for /home/kasukabe/schedule_kokubunji/backend/src/main/scala/Main.scala. Using presentation compiler with project's scala-library version: 3.3.6[0m
2025.11.11 21:18:44 INFO  no build target found for /home/kasukabe/schedule_kokubunji/backend/src/main/scala/Main.scala. Using presentation compiler with project's scala-library version: 3.3.6[0m
2025.11.11 21:18:47 WARN  no build target for: /home/kasukabe/schedule_kokubunji/backend/src/main/scala/Main.scala[0m
2025.11.11 21:18:47 INFO  no build target found for /home/kasukabe/schedule_kokubunji/backend/src/main/scala/Main.scala. Using presentation compiler with project's scala-library version: 3.3.6[0m
2025.11.11 21:18:49 INFO  no build target found for /home/kasukabe/schedule_kokubunji/backend/src/main/scala/repository/UserRepository.scala. Using presentation compiler with project's scala-library version: 3.3.6[0m
2025.11.11 21:18:52 INFO  no build target found for /home/kasukabe/schedule_kokubunji/backend/src/main/scala/Main.scala. Using presentation compiler with project's scala-library version: 3.3.6[0m
2025.11.11 21:18:52 INFO  no build target found for /home/kasukabe/schedule_kokubunji/backend/src/main/scala/Main.scala. Using presentation compiler with project's scala-library version: 3.3.6[0m
2025.11.11 21:18:52 INFO  no build target found for /home/kasukabe/schedule_kokubunji/backend/src/main/scala/Main.scala. Using presentation compiler with project's scala-library version: 3.3.6[0m
2025.11.11 21:18:52 INFO  no build target found for /home/kasukabe/schedule_kokubunji/backend/src/main/scala/Main.scala. Using presentation compiler with project's scala-library version: 3.3.6[0m
2025.11.11 21:18:52 INFO  no build target found for /home/kasukabe/schedule_kokubunji/backend/src/main/scala/Main.scala. Using presentation compiler with project's scala-library version: 3.3.6[0m
2025.11.11 21:18:52 INFO  no build target found for /home/kasukabe/schedule_kokubunji/backend/src/main/scala/Main.scala. Using presentation compiler with project's scala-library version: 3.3.6[0m
2025.11.11 21:18:52 INFO  no build target found for /home/kasukabe/schedule_kokubunji/backend/src/main/scala/Main.scala. Using presentation compiler with project's scala-library version: 3.3.6[0m
2025.11.11 21:18:56 INFO  no build target found for /home/kasukabe/schedule_kokubunji/backend/src/main/scala/Main.scala. Using presentation compiler with project's scala-library version: 3.3.6[0m
2025.11.11 21:18:56 INFO  no build target found for /home/kasukabe/schedule_kokubunji/backend/src/main/scala/Main.scala. Using presentation compiler with project's scala-library version: 3.3.6[0m
2025.11.11 21:18:56 INFO  no build target found for /home/kasukabe/schedule_kokubunji/backend/src/main/scala/Main.scala. Using presentation compiler with project's scala-library version: 3.3.6[0m
2025.11.11 21:18:56 INFO  no build target found for /home/kasukabe/schedule_kokubunji/backend/src/main/scala/Main.scala. Using presentation compiler with project's scala-library version: 3.3.6[0m
2025.11.11 21:18:56 INFO  no build target found for /home/kasukabe/schedule_kokubunji/backend/src/main/scala/Main.scala. Using presentation compiler with project's scala-library version: 3.3.6[0m
2025.11.11 21:18:56 INFO  no build target found for /home/kasukabe/schedule_kokubunji/backend/src/main/scala/Main.scala. Using presentation compiler with project's scala-library version: 3.3.6[0m
2025.11.11 21:18:57 INFO  no build target found for /home/kasukabe/schedule_kokubunji/backend/src/main/scala/model/User.scala. Using presentation compiler with project's scala-library version: 3.3.6[0m
2025.11.11 21:18:57 INFO  no build target found for /home/kasukabe/schedule_kokubunji/backend/src/main/scala/controller/AuthController.scala. Using presentation compiler with project's scala-library version: 3.3.6[0m
2025.11.11 21:19:01 INFO  no build target found for /home/kasukabe/schedule_kokubunji/backend/src/main/scala/service/AuthService.scala. Using presentation compiler with project's scala-library version: 3.3.6[0m
2025.11.11 21:19:01 WARN  no build target for: /home/kasukabe/schedule_kokubunji/backend/src/main/scala/table/UserTable.scala[0m
2025.11.11 21:19:01 INFO  no build target found for /home/kasukabe/schedule_kokubunji/backend/src/main/scala/table/UserTable.scala. Using presentation compiler with project's scala-library version: 3.3.6[0m
2025.11.11 21:19:02 INFO  no build target found for /home/kasukabe/schedule_kokubunji/backend/src/main/scala/table/UserTable.scala. Using presentation compiler with project's scala-library version: 3.3.6[0m
2025.11.11 21:19:02 INFO  no build target found for /home/kasukabe/schedule_kokubunji/backend/src/main/scala/struct/Role.scala. Using presentation compiler with project's scala-library version: 3.3.6[0m
2025.11.11 21:19:02 INFO  no build target found for /home/kasukabe/schedule_kokubunji/backend/src/main/scala/table/UserTable.scala. Using presentation compiler with project's scala-library version: 3.3.6[0m
2025.11.11 21:19:03 WARN  no build target for: /home/kasukabe/schedule_kokubunji/backend/src/main/scala/Main.scala[0m
2025.11.11 21:19:03 INFO  no build target found for /home/kasukabe/schedule_kokubunji/backend/src/main/scala/Main.scala. Using presentation compiler with project's scala-library version: 3.3.6[0m
2025.11.11 21:19:04 INFO  no build target found for /home/kasukabe/schedule_kokubunji/backend/src/main/scala/utility/JwtUtil.scala. Using presentation compiler with project's scala-library version: 3.3.6[0m
2025.11.11 21:19:08 INFO  no build target found for /home/kasukabe/schedule_kokubunji/backend/src/main/scala/Main.scala. Using presentation compiler with project's scala-library version: 3.3.6[0m
2025.11.11 23:21:09 INFO  no build target found for /home/kasukabe/schedule_kokubunji/backend/src/main/scala/controller/AuthController.scala. Using presentation compiler with project's scala-library version: 3.3.6[0m
2025.11.11 23:21:09 WARN  no build target for: /home/kasukabe/schedule_kokubunji/backend/src/main/scala/controller/AuthController.scala[0m
2025.11.11 23:21:09 INFO  no build target found for /home/kasukabe/schedule_kokubunji/backend/src/main/scala/controller/AuthController.scala. Using presentation compiler with project's scala-library version: 3.3.6[0m
2025.11.11 23:21:09 INFO  no build target found for /home/kasukabe/schedule_kokubunji/backend/src/main/scala/controller/AuthController.scala. Using presentation compiler with project's scala-library version: 3.3.6[0m
2025.11.11 23:21:09 INFO  no build target found for /home/kasukabe/schedule_kokubunji/backend/src/main/scala/controller/AuthController.scala. Using presentation compiler with project's scala-library version: 3.3.6[0m
2025.11.11 23:21:11 INFO  no build target found for /home/kasukabe/schedule_kokubunji/backend/src/main/scala/controller/AuthController.scala. Using presentation compiler with project's scala-library version: 3.3.6[0m
2025.11.11 23:21:13 WARN  no build target for: /home/kasukabe/schedule_kokubunji/backend/src/main/scala/controller/AuthController.scala[0m
2025.11.11 23:21:13 INFO  no build target found for /home/kasukabe/schedule_kokubunji/backend/src/main/scala/controller/AuthController.scala. Using presentation compiler with project's scala-library version: 3.3.6[0m
2025.11.11 23:21:13 INFO  no build target found for /home/kasukabe/schedule_kokubunji/backend/src/main/scala/controller/AuthController.scala. Using presentation compiler with project's scala-library version: 3.3.6[0m
2025.11.11 23:21:14 INFO  no build target found for /home/kasukabe/schedule_kokubunji/backend/src/main/scala/controller/AuthController.scala. Using presentation compiler with project's scala-library version: 3.3.6[0m
2025.11.11 23:21:42 INFO  Shutting down server[0m
2025.11.11 23:21:42 INFO  shutting down Metals[0m
2025.11.11 23:21:42 INFO  Exiting server[0m
2025.11.11 23:22:38 INFO  Started: Metals version 1.6.3 in folders '/home/kasukabe/schedule_kokubunji' for client Cursor 1.99.3.[0m
2025.11.11 23:22:38 WARN  Using H2 2.4.240 which is newer than the version Flyway has been verified with. The latest verified version of H2 is 2.3.232.[0m
2025.11.11 23:22:39 INFO  no build target found for /home/kasukabe/schedule_kokubunji/backend/src/main/scala/controller/AuthController.scala. Using presentation compiler with project's scala-library version: 3.3.6[0m
2025.11.11 23:22:40 INFO  Attempting to connect to the build server...[0m
2025.11.11 23:22:55 ERROR Failed to connect with build server, no functionality will work.
java.util.concurrent.TimeoutException: Future timed out after [15 seconds]
	at scala.concurrent.Future$.timeoutError(Future.scala:581)
	at scala.concurrent.impl.Promise$DefaultPromise.tryAwait0(Promise.scala:258)
	at scala.concurrent.impl.Promise$DefaultPromise.result(Promise.scala:271)
	at scala.concurrent.Await$.$anonfun$result$1(package.scala:208)
	at scala.concurrent.BlockContext$DefaultBlockContext$.blockOn(BlockContext.scala:62)
	at scala.concurrent.Await$.result(package.scala:125)
	at scala.meta.internal.metals.MetalsEnrichments$XtensionScalaFuture.$anonfun$withTimeout$1(MetalsEnrichments.scala:296)
	at scala.concurrent.Future$.$anonfun$apply$1(Future.scala:691)
	at scala.concurrent.impl.Promise$Transformation.run(Promise.scala:500)
	at java.util.concurrent.ThreadPoolExecutor.runWorker(ThreadPoolExecutor.java:1136)
	at java.util.concurrent.ThreadPoolExecutor$Worker.run(ThreadPoolExecutor.java:635)
	at java.lang.Thread.run(Thread.java:840)
[0m
2025.11.11 23:22:55 INFO  no build target found for /home/kasukabe/schedule_kokubunji/backend/src/main/scala/controller/AuthController.scala. Using presentation compiler with project's scala-library version: 3.3.6[0m
2025.11.11 23:22:55 WARN  no build target for: /home/kasukabe/schedule_kokubunji/backend/src/main/scala/controller/AuthController.scala[0m
2025.11.11 23:22:55 INFO  no build target found for /home/kasukabe/schedule_kokubunji/backend/src/main/scala/controller/AuthController.scala. Using presentation compiler with project's scala-library version: 3.3.6[0m
2025.11.11 23:22:55 INFO  no build target found for /home/kasukabe/schedule_kokubunji/backend/src/main/scala/controller/AuthController.scala. Using presentation compiler with project's scala-library version: 3.3.6[0m
2025.11.11 23:25:29 WARN  no build target for: /home/kasukabe/schedule_kokubunji/backend/src/main/scala/controller/AuthController.scala[0m
2025.11.11 23:25:29 INFO  no build target found for /home/kasukabe/schedule_kokubunji/backend/src/main/scala/controller/AuthController.scala. Using presentation compiler with project's scala-library version: 3.3.6[0m
2025.11.11 23:25:30 INFO  no build target found for /home/kasukabe/schedule_kokubunji/backend/src/main/scala/controller/AuthController.scala. Using presentation compiler with project's scala-library version: 3.3.6[0m
2025.11.11 23:25:40 INFO  no build target found for /home/kasukabe/schedule_kokubunji/backend/src/main/scala/controller/AuthController.scala. Using presentation compiler with project's scala-library version: 3.3.6[0m
2025.11.11 23:25:42 INFO  Shutting down server[0m
2025.11.11 23:25:42 INFO  shutting down Metals[0m
2025.11.11 23:25:42 INFO  Exiting server[0m
